run,model,pattern,release_cv,isi_cv,minimum_isi_ms,gamma_shape,peak_km,auc_km_ms,excess_auc_km_ms,clearance_ms,minimum_free_fraction
0,Linear,Renewal,0.0,0.4373964180256682,9.743312116974607,4.366553919144421,0.2500000000005667,1.8667690465374913,1.1334266858398223e-14,1.68,1.0
1,Linear,Renewal,0.0,0.3143233379721969,21.35352528053511,10.344664176519332,0.25,1.8667690465374907,0.0,1.68,1.0
2,Linear,Renewal,0.0,0.6915036063543752,1.4713770103440993,1.359438875463458,0.2542514798705803,1.8667690465374933,8.502963251805662e-05,1.68,1.0
3,Linear,Renewal,0.0,0.6714699769924649,4.124398465436457,0.8751977071777346,0.2500028080349073,1.8667690465374915,5.618457819878131e-08,1.68,1.0
4,Linear,Renewal,0.0,0.3636245662593633,18.157247552927174,7.360424764993094,0.25,1.8667690465374907,0.0,1.68,1.0
5,Linear,Renewal,0.0,0.6229155264771568,6.284596519882371,1.8686017646896391,0.25000000776150455,1.866769046537492,1.8499137333094497e-10,1.68,1.0
6,Linear,Renewal,0.0,1.4216624813538699,2.5947952053684276e-07,0.32661556373018363,0.75,1.8667690465375015,0.15235173443780575,1.7,1.0
7,Linear,Renewal,0.0,0.6916050233991563,3.831853609290846,2.0292749832576122,0.25000677603202126,1.8667690465374918,1.3552064085153858e-07,1.68,1.0
8,Linear,Renewal,0.0,1.1572233329314086,0.00019457159757507725,0.39929115969682927,0.5,1.8667690465374995,0.03446238242717737,1.68,1.0
9,Linear,Renewal,0.0,0.18958621019459532,27.162794514187908,17.261344808919283,0.25,1.8667690465374907,0.0,1.68,1.0
10,Linear,Renewal,0.0,0.9821817451558106,0.9547190339587814,1.1324826494060252,0.26879888000847246,1.866769046537498,0.0004639721964037158,1.68,1.0
11,Linear,Renewal,0.0,0.3269600145735561,22.341768834040124,7.921016694873923,0.25,1.8667690465374907,0.0,1.68,1.0
12,Linear,Renewal,0.0,0.3205595541531972,27.65797521801261,17.288908023615175,0.25,1.8667690465374907,0.0,1.68,1.0
13,Linear,Renewal,0.0,0.7746004802442048,6.686115711776381,1.3430129621814335,0.2500000025806537,1.8667690465374929,5.231738264832586e-11,1.68,1.0
14,Linear,Renewal,0.0,0.5243240435588337,8.358467850156103,3.0214866375982434,0.2500000000253059,1.866769046537493,5.620715004539534e-13,1.68,1.0
15,Linear,Renewal,0.0,0.28937772686317853,18.60933603622368,13.955061709704747,0.25,1.8667690465374907,0.0,1.68,1.0
16,Linear,Renewal,0.0,0.5148823622063518,16.722473474717845,4.491744180169275,0.25,1.8667690465374907,0.0,1.68,1.0
17,Linear,Renewal,0.0,0.36385674803096313,12.256146656199462,10.531960144246261,0.25000000000000056,1.8667690465374909,1.1102230246251566e-17,1.68,1.0
18,Linear,Renewal,0.0,0.7420817573652198,3.916115134129541,2.31381781667664,0.2500051454267929,1.8667690465374949,2.059810917021121e-07,1.68,1.0
19,Linear,Renewal,0.0,0.2645746179064715,23.40962864821914,11.609324083903266,0.25,1.8667690465374907,0.0,1.68,1.0
20,Linear,Renewal,0.0,0.15390959889059283,27.47851470760193,19.11782168434138,0.25,1.8667690465374907,0.0,1.68,1.0
21,Linear,Renewal,0.0,0.5301252625983632,13.431220331554073,2.9859273783124842,0.25,1.8667690465374907,0.0,1.68,1.0
22,Linear,Renewal,0.0,0.34853570766973985,22.0723781044631,6.892911899362079,0.25,1.8667690465374907,0.0,1.68,1.0
23,Linear,Renewal,0.0,0.7328901763053324,2.610877076414681,0.9731404322398319,0.2501843418757236,1.8667690465374904,3.686840000068914e-06,1.68,1.0
24,Linear,Renewal,0.0,1.111831209876153,1.745680279393298,0.717430325327797,0.25196692951952554,1.8667690465374904,6.33062269713458e-05,1.68,1.0
25,Linear,Renewal,0.0,1.4474744445600374,4.9171417401794315e-05,0.2413028237922718,0.7580474690673769,1.8667690465374913,0.14940071264160315,1.68,1.0
26,Linear,Renewal,0.0,1.7114077161489298,0.00017652001668011508,0.22516652920780514,0.75,1.8667690465375057,0.25466711835669853,1.68,1.0
27,Linear,Renewal,0.0,0.3907568417623869,19.540540975239367,7.828994550734572,0.25,1.8667690465374907,0.0,1.68,1.0
28,Linear,Renewal,0.0,1.0568518097063735,0.05981910111790967,0.7146645807291628,0.4619373896727398,1.8667690465374933,0.027916782225321825,1.68,1.0
29,Linear,Renewal,0.0,1.025254663434651,1.3769919388662402,1.5912935719312258,0.2555987899352766,1.866769046537497,0.0001136377372108166,1.68,1.0
30,Linear,Renewal,0.0,0.5115195325562735,11.340391361026931,1.677763858891833,0.25000000000000694,1.8667690465374907,1.3877787807814457e-16,1.68,1.0
31,Linear,Renewal,0.0,1.2448585783954231,0.2544672218311348,0.540940603483261,0.3791249891865643,1.866769046537504,0.019956695961721768,1.68,1.0
32,Linear,Renewal,0.0,2.1809187219317243,0.0026970110616275633,0.21858610182923116,0.5,1.8667690465375029,0.07991673404515276,1.68,1.0
33,Linear,Renewal,0.0,0.5064907466679964,8.656283432178427,4.459335914195467,0.2500000000110805,1.8667690465374922,2.99464897324242e-13,1.68,1.0
34,Linear,Renewal,0.0,1.3196067917466212,0.00020098583104299905,0.25212827584445435,0.5000033123401582,1.8667690465375029,0.06974493397373958,1.68,1.0
35,Linear,Renewal,0.0,0.3932050467642266,16.54256356502981,5.2965387115060185,0.25,1.8667690465374907,0.0,1.68,1.0
36,Linear,Renewal,0.0,0.33903641191264744,15.685968555639647,7.612017515028402,0.25,1.8667690465374907,0.0,1.68,1.0
37,Linear,Renewal,0.0,0.7624190445518394,3.8411447866566277,2.5892453531902464,0.2500064130502141,1.8667690465374902,1.3845565117964755e-07,1.68,1.0
38,Linear,Renewal,0.0,1.320413075107197,1.1546943733307558,0.6832693890005769,0.260424311063588,1.8667690465374955,0.00047031229213683633,1.68,1.0
39,Linear,Renewal,0.0,1.4647271796032857,5.663305512371153e-05,0.35202339236156566,0.5000000000326996,1.866769046537511,0.031900630293613556,1.68,1.0
40,Linear,Renewal,0.0,1.57144793142729,0.3716699653050455,0.27292938049689,0.3378283383382695,1.8667690465374955,0.010141686250263876,1.8,1.0
41,Linear,Renewal,0.0,1.5806319631837207,0.007896140063280654,0.30839739051659704,0.8268323920234779,1.8667690465375009,0.18154962793541912,1.9000000000000001,1.0
42,Linear,Renewal,0.0,0.3273441301171751,20.565973112475888,7.111159422987747,0.25,1.8667690465374907,0.0,1.68,1.0
43,Linear,Renewal,0.0,0.38498006430496784,14.26529269082721,2.4519902362323664,0.25,1.8667690465374907,0.0,1.68,1.0
44,Linear,Renewal,0.0,0.31569084957769655,23.045581031921984,9.349360033684817,0.25,1.8667690465374907,0.0,1.68,1.0
45,Linear,Renewal,0.0,2.204732333376619,0.0001292431211084022,0.248435256428552,0.7601355611629176,1.8667690465375073,0.17319671619350363,1.68,1.0
46,Linear,Renewal,0.0,1.6254591959894251,2.3573093358209007e-05,0.29070870343794547,0.5,1.8667690465375046,0.10561841388942034,1.94,1.0
47,Linear,Renewal,0.0,0.3446306241813222,20.942682545863818,9.242484196163316,0.25,1.8667690465374907,0.0,1.68,1.0
48,Linear,Renewal,0.0,0.5417739178649438,3.3445512186993938,2.390732266828562,0.25002540006749646,1.8667690465374915,5.080013499292324e-07,1.68,1.0
49,Linear,Renewal,0.0,0.862591365025895,3.7911590847339767,1.117647096962507,0.2500071595587779,1.8667690465374995,1.4939986847206655e-07,1.68,1.0
50,Linear,Renewal,0.0,0.3175312388826557,19.38859738566555,10.607722799831883,0.25,1.8667690465374907,0.0,1.68,1.0
51,Linear,Renewal,0.0,0.8710538004552403,0.2916100439061893,0.9877572084172499,0.36235742735828547,1.8667690465375015,0.00997077392341116,1.68,1.0
52,Linear,Renewal,0.0,0.235136338777705,24.29918550579157,14.73279628457698,0.25,1.8667690465374907,0.0,1.68,1.0
53,Linear,Renewal,0.0,1.3481186381037453,0.05604399085291334,0.37246366786169566,0.4619373896727398,1.8667690465374986,0.02962063352973011,1.68,1.0
54,Linear,Renewal,0.0,0.7006109426206124,8.289002794442581,2.483528804485915,0.2500000000315402,1.8667690465374938,6.381006834033087e-13,1.68,1.0
55,Linear,Renewal,0.0,0.7161373713770112,6.208965941174483,1.103298462731256,0.2500000096736229,1.8667690465374942,1.934835469619145e-10,1.68,1.0
56,Linear,Renewal,0.0,1.3374949723447753,0.39115496220449586,0.48282336096403905,0.33312350060013196,1.8667690465375,0.006053701203130146,1.68,1.0
57,Linear,Renewal,0.0,1.0682665299456957,1.672643846845972,0.6420059351262628,0.25259025692995113,1.8667690465374982,7.712914057465547e-05,1.68,1.0
58,Linear,Renewal,0.0,0.6383693534642121,8.142030785277086,1.8446084250880919,0.2500000000463704,1.8667690465374933,1.2036138752336001e-12,1.68,1.0
59,Linear,Renewal,0.0,0.9062153526846602,0.13597884775526836,0.6240729683627626,0.4200451870543058,1.8667690465374964,0.016416419358328226,1.68,1.0
60,Linear,Renewal,0.0,0.3177970231224824,23.02169081657712,9.839610495551531,0.25,1.8667690465374907,0.0,1.68,1.0
61,Linear,Renewal,0.0,0.49540964669437304,9.935548041783932,3.0862595414852536,0.2500000000003268,1.8667690465374918,6.535882945968297e-15,1.68,1.0
62,Linear,Renewal,0.0,1.7141318358547046,4.004611895425114e-06,0.30552179160413434,1.0143870410334976,1.866769046537498,0.233673755973955,1.68,1.0
63,Linear,Renewal,0.0,0.3386259114373363,24.239804546424125,10.145686381100177,0.25,1.8667690465374907,0.0,1.68,1.0
64,Linear,Renewal,0.0,0.23445972695870448,25.345792580638715,15.89552725943058,0.25,1.8667690465374907,0.0,1.68,1.0
65,Linear,Renewal,0.0,0.4233541919961189,16.661641075433863,4.343842124937703,0.25,1.8667690465374907,0.0,1.68,1.0
66,Linear,Renewal,0.0,0.336235870817395,18.081231738291592,14.648005991309786,0.25,1.8667690465374907,0.0,1.68,1.0
67,Linear,Renewal,0.0,1.2596426949996382,0.3426030759951004,0.6387884125198385,0.3867144965729391,1.8667690465374942,0.01808984548580589,1.68,1.0
68,Linear,Renewal,0.0,0.4115524905538558,9.314385910061617,3.4424951544009437,0.25000000000180095,1.8667690465374915,3.6018965587913954e-14,1.68,1.0
69,Linear,Renewal,0.0,0.7011854145733064,3.968501314499349,1.6231859464753795,0.2500046089265302,1.8667690465374926,1.691731364505955e-07,1.68,1.0
70,Linear,Renewal,0.0,0.7690082543754795,11.650707208074095,1.558916306416324,0.2500000000000029,1.8667690465374926,1.1102230246251565e-16,1.68,1.0
71,Linear,Renewal,0.0,0.26681379961244034,24.606236784591346,19.762647678317368,0.25,1.8667690465374907,0.0,1.68,1.0
72,Linear,Renewal,0.0,0.3193164878080382,20.549369870310443,11.559032413587136,0.25,1.8667690465374907,0.0,1.68,1.0
73,Linear,Renewal,0.0,0.4120133645000614,18.299811293801895,6.965840538128453,0.25,1.8667690465374907,0.0,1.68,1.0
74,Linear,Renewal,0.0,0.932260967000882,0.05537680872953388,0.8511402300727664,0.4890161855328774,1.8667690465374918,0.028738949854507184,1.68,1.0
75,Linear,Renewal,0.0,1.1258589767918628,1.8049117670670967e-05,0.6539296501199328,0.5406334132220215,1.8667690465374962,0.04132482433298609,1.68,1.0
76,Linear,Renewal,0.0,0.6198688740983384,6.655245537888732,1.9269964337875483,0.2500000028810537,1.866769046537493,5.762119781316244e-11,1.68,1.0
77,Linear,Renewal,0.0,1.3008566610609777,2.9345028219472624,1.0793054238388113,0.25008071641490953,1.866769046537492,1.614337552097167e-06,1.68,1.0
78,Linear,Renewal,0.0,1.6478002527150228,1.5790230222023638e-05,0.28273842285025447,0.5744564294887954,1.866769046537496,0.16020673188204967,1.7,1.0
79,Linear,Renewal,0.0,1.904170796368869,0.004138653873269504,0.26128868251360504,0.498391443045911,1.866769046537501,0.07953982931479345,1.68,1.0
80,Linear,Renewal,0.0,1.7324804515045156,0.0002997400276854023,0.286446239124162,0.8883844965747381,1.8667690465375049,0.2266110455089599,1.94,1.0
81,Linear,Renewal,0.0,0.9634123877296611,1.4853381333212496,0.9198778869543464,0.25404101115053357,1.8667690465374958,0.00010228929140495558,1.68,1.0
82,Linear,Renewal,0.0,0.37646717607798835,20.33073496467125,7.073375599228068,0.25,1.8667690465374907,0.0,1.68,1.0
83,Linear,Renewal,0.0,2.161020038976037,0.0001525494982388409,0.2277021513825012,1.1387177135807849,1.8667690465375064,0.24454334103869171,1.68,1.0
84,Linear,Renewal,0.0,0.7184740273025362,7.9535607469940715,1.657358399434756,0.25000000007610934,1.866769046537494,1.59192437010347e-12,1.68,1.0
85,Linear,Renewal,0.0,0.8389479307507938,3.4271759189186923,1.3455897316106507,0.2500203794112747,1.866769046537494,4.075882255005769e-07,1.68,1.0
86,Linear,Renewal,0.0,0.7112608983916338,2.58699765589364,1.7192925541128818,0.2502058001185729,1.8667690465374909,4.116002379739303e-06,1.68,1.0
87,Linear,Renewal,0.0,1.3098078402815934,4.078742676938418e-08,0.36648268880746626,0.5,1.8667690465375073,0.0722459848772928,1.94,1.0
88,Linear,Renewal,0.0,0.2708014951378386,24.168545241908987,7.758454281117647,0.25,1.8667690465374907,0.0,1.68,1.0
89,Linear,Renewal,0.0,1.0130612727785322,0.7198631345486319,1.0674226174811912,0.2844469581270761,1.866769046537498,0.0011843276843858388,1.68,1.0
90,Linear,Renewal,0.0,0.9643980354690038,1.923049441951548,3.0008944704488396,0.2512662000448276,1.866769046537493,2.5324000913216073e-05,1.68,1.0
91,Linear,Renewal,0.0,0.5193158198257726,14.521962639644471,2.798306478440977,0.25,1.8667690465374907,0.0,1.68,1.0
92,Linear,Renewal,0.0,1.2049768053718892,0.020177355182227075,0.454718066070648,0.4866078773663137,1.866769046537496,0.03317264673973199,1.68,1.0
93,Linear,Renewal,0.0,0.42095475715313946,14.021898106193476,4.414884307592208,0.25,1.8667690465374907,0.0,1.68,1.0
94,Linear,Renewal,0.0,0.6638581672016338,5.535382932893526,2.7851579461082823,0.2500000595176613,1.8667690465374893,1.19035322931893e-09,1.68,1.0
95,Linear,Renewal,0.0,1.4953704959531442,0.033281183305916784,0.694986940434213,0.4739331509241443,1.8667690465375002,0.0334751969969376,1.68,1.0
96,Linear,Renewal,0.0,0.30540970718773375,19.15562110607209,9.96041063201012,0.25,1.8667690465374907,0.0,1.68,1.0
97,Linear,Renewal,0.0,1.4866871066304057,0.00035555592627645183,0.31099919741977666,0.6096354657065394,1.8667690465374993,0.10646962147179694,1.68,1.0
98,Linear,Renewal,0.0,0.4857823030781644,14.278562898986138,3.687656621066483,0.25,1.8667690465374907,0.0,1.68,1.0
99,Linear,Renewal,0.0,0.6777640810682598,5.823833445743219,1.6494259565683564,0.250000027535599,1.8667690465374909,5.511247080924874e-10,1.68,1.0
100,Linear,Renewal,0.0,1.1291171703769989,0.6842717087771888,0.7430649730426794,0.28845674261044324,1.8667690465374955,0.0014150428495838018,1.68,1.0
101,Linear,Renewal,0.0,1.0225082046403873,0.32442613023482636,0.5248987262397049,0.3536017428237608,1.866769046537495,0.008346163574908035,1.68,1.0
102,Linear,Renewal,0.0,0.3457134389569996,12.114917361794255,6.78486084702495,0.25000000000000083,1.8667690465374909,1.6653345369377347e-17,1.68,1.0
103,Linear,Renewal,0.0,1.5124181000646233,0.01209335457760119,0.5830015415681628,0.7105410278934838,1.8667690465375026,0.08277736436710179,1.68,1.0
104,Linear,Renewal,0.0,1.0212221962600598,3.03363363551739,1.8160011118068697,0.25005800941177037,1.8667690465374986,1.2508805519884093e-06,1.68,1.0
105,Linear,Renewal,0.0,0.26420096455230024,21.23084128368754,10.750693973768712,0.25,1.8667690465374907,0.0,1.68,1.0
106,Linear,Renewal,0.0,0.46683917852062684,10.683248039935336,2.155128994806764,0.25000000000004263,1.8667690465374918,8.526512829121202e-16,1.68,1.0
107,Linear,Renewal,0.0,1.0473596804303629,5.214285402908104,0.9242525564903545,0.250000143621284,1.866769046537494,2.8743252622476233e-09,1.68,1.0
108,Linear,Renewal,0.0,1.1074268227001505,0.06930781916446449,0.4523145515289251,0.4661816993365673,1.8667690465374918,0.028844192827939055,1.68,1.0
109,Linear,Renewal,0.0,0.5597978016102327,8.693437560617326,1.6076383015089826,0.25000000000992517,1.8667690465374913,1.985034359108795e-13,1.68,1.0
110,Linear,Renewal,0.0,1.0083663766259219,1.7089019918471422,0.9775617525339645,0.25232017757999514,1.8667690465374924,4.6944436351396005e-05,1.68,1.0
111,Linear,Renewal,0.0,1.6864090486460934,0.5448566724389252,0.5502828838067215,0.3035102956873088,1.8667690465374909,0.004204910076524255,1.68,1.0
112,Linear,Renewal,0.0,0.9002049586532556,0.7747377794352133,0.7463102723574706,0.28085526343789463,1.8667690465374918,0.0009671083971441041,1.68,1.0
113,Linear,Renewal,0.0,0.4990884234030541,9.658338690326104,2.7428942790627575,0.2500000000007063,1.866769046537491,1.4126477765330493e-14,1.68,1.0
114,Linear,Renewal,0.0,0.7101117531395151,8.363943789920995,2.346120649624798,0.2500000000253059,1.866769046537493,5.061184804588947e-13,1.68,1.0
115,Linear,Renewal,0.0,0.44116540548232097,11.309366997007913,4.387634233355723,0.2500000000000077,1.8667690465374907,1.5432100042289677e-16,1.68,1.0
116,Linear,Renewal,0.0,1.0772728996587495,2.1314704269242384,0.8016869587625269,0.2507301199787146,1.8667690465374962,1.468525822022282e-05,1.68,1.0
117,Linear,Renewal,0.0,1.3183036125441778,0.13560570180243303,0.6759708610238092,0.42004518747374897,1.866769046537496,0.021455376943710965,1.68,1.0
118,Linear,Renewal,0.0,2.3637329834449825,0.00014121334038463829,0.20290285856552837,0.866884681220142,1.866769046537511,0.2452404815850452,1.68,1.0
119,Linear,Renewal,0.0,0.5624128883021781,9.482932740153956,3.340707365937189,0.25000000000109723,1.866769046537491,2.194799897381472e-14,1.68,1.0
120,Linear,Renewal,0.0,0.622763653912753,3.9536090427505144,2.7281432754320973,0.25000486979404646,1.8667690465374929,9.748059693448497e-08,1.68,1.0
121,Linear,Renewal,0.0,0.277380905659539,21.844771343712566,10.467940529823101,0.25,1.8667690465374907,0.0,1.68,1.0
122,Linear,Renewal,0.0,0.2469098990091007,22.108140814156513,16.522853666238426,0.25,1.8667690465374907,0.0,1.68,1.0
123,Linear,Renewal,0.0,0.8793638137823843,0.20463999565998847,0.598347940751498,0.3941557322828093,1.8667690465374962,0.01251534981335087,1.68,1.0
124,Linear,Renewal,0.0,1.0768208800463253,2.8085864571241927,0.6341178185763875,0.2501123121443847,1.8667690465374942,2.710141646073971e-06,1.68,1.0
125,Linear,Renewal,0.0,2.240830200823083,0.03205208689973915,0.2930279961135916,0.4739340378873853,1.8667690465375042,0.06285094025825745,1.68,1.0
126,Linear,Renewal,0.0,1.2430927172736832,0.14714719390008213,0.7896811436538504,0.41093612306110827,1.8667690465374978,0.030692971142054354,1.68,1.0
127,Linear,Renewal,0.0,0.43385293610107434,7.973878136968693,3.5037984904946957,0.25000000007203227,1.8667690465374922,1.440658703444342e-12,1.68,1.0
128,Linear,Renewal,0.0,0.27455803576529686,25.916561057146964,8.033996616742899,0.25,1.8667690465374907,0.0,1.68,1.0
129,Linear,Renewal,0.0,1.3866802475935622,1.1368683772161603e-13,0.2087884235801449,0.5000011072053145,1.8667690465375055,0.11916770934144803,1.68,1.0
130,Linear,Renewal,0.0,0.42223148837467733,16.501584629302442,4.34709271085914,0.25,1.8667690465374907,0.0,1.68,1.0
131,Linear,Renewal,0.0,0.32308529503408795,15.15496459048579,6.021117894700023,0.25,1.8667690465374907,0.0,1.68,1.0
132,Linear,Renewal,0.0,1.347634821712475,3.690671519507305e-07,0.2084437877700953,0.5000001595158867,1.866769046537498,0.13686567232427177,1.94,1.0
133,Linear,Renewal,0.0,1.0446666375824327,0.6332633883647532,0.8153396737160907,0.29536332955433875,1.8667690465374982,0.0033289334663389367,1.68,1.0
134,Linear,Renewal,0.0,0.7163170266134705,2.838888225540245,0.9011929481649931,0.2501006016493381,1.8667690465374944,2.026447994426528e-06,1.68,1.0
135,Linear,Renewal,0.0,1.5976865760265748,2.650592398367735e-05,0.36552217332173215,0.5209871561716267,1.8667690465374973,0.07852564973253041,1.68,1.0
136,Linear,Renewal,0.0,0.5453249843364024,5.950676312126518,2.8520453780602835,0.2500000197892654,1.8667690465374898,3.957853145220014e-10,1.68,1.0
137,Linear,Renewal,0.0,1.6251437047321808,0.007475730145245052,0.3946827983370139,0.7366078773663137,1.8667690465374913,0.10346246364383309,1.68,1.0
138,Linear,Renewal,0.0,0.3950034604409223,22.527121934914817,9.004608299032835,0.25,1.8667690465374907,0.0,1.68,1.0
139,Linear,Renewal,0.0,1.104551079321741,0.542555285774597,0.6247073751677585,0.3065390048325238,1.866769046537497,0.0027778570294573024,1.76,1.0
140,Linear,Renewal,0.0,0.46261328191498674,15.428779436194972,5.702455340323663,0.25,1.8667690465374907,0.0,1.68,1.0
141,Linear,Renewal,0.0,0.6955595187493137,1.7951768399212824,2.091852233365462,0.251761842896689,1.8667690465374938,3.52370623568754e-05,1.68,1.0
142,Linear,Renewal,0.0,1.3926713845591674,0.001589390133545976,0.5425485292938428,0.5,1.866769046537502,0.03566325970730757,1.68,1.0
143,Linear,Renewal,0.0,1.379657862510192,0.13049964018205173,0.3951083575660274,0.4200451870543058,1.8667690465374915,0.016964288530841816,1.68,1.0
144,Linear,Renewal,0.0,0.4255012761857369,16.837198987182063,7.606529767647169,0.25,1.8667690465374907,0.0,1.68,1.0
145,Linear,Renewal,0.0,1.048810046320293,0.5228861652437331,1.0195471349159553,0.30973914041013806,1.8667690465374926,0.002883545965699176,1.68,1.0
146,Linear,Renewal,0.0,1.0160409546839628,0.060798469430139335,0.6716801265554674,0.4619373896727398,1.8667690465374973,0.03590884095355907,1.68,1.0
147,Linear,Renewal,0.0,0.3062254978843606,22.15379319796557,16.059342418190788,0.25,1.8667690465374907,0.0,1.68,1.0
148,Linear,Renewal,0.0,0.3488410321709031,23.880897884753978,5.500743723335069,0.25,1.8667690465374907,0.0,1.68,1.0
149,Linear,Renewal,0.0,0.5967001001892478,10.661489148028636,2.593116658393063,0.250000000000045,1.8667690465374922,9.059419880941278e-16,1.68,1.0
150,Linear,Renewal,0.0,0.3478796015465786,14.222700384131997,4.678695101422092,0.25,1.8667690465374907,0.0,1.68,1.0
151,Linear,Renewal,0.0,0.5800968926960778,4.141049024759354,2.880403627161638,0.2500028080349073,1.8667690465374922,5.6160698193030714e-08,1.68,1.0
152,Linear,Renewal,0.0,0.2398739404740478,29.920147108652145,13.528595481173824,0.25,1.8667690465374907,0.0,1.68,1.0
153,Linear,Renewal,0.0,0.31651158991488926,19.639928044890894,11.390893769928251,0.25,1.8667690465374907,0.0,1.68,1.0
154,Linear,Renewal,0.0,0.4718789105062167,6.790802774847634,4.534603192619984,0.25000000195963723,1.866769046537492,3.932053016519887e-11,1.68,1.0
155,Linear,Renewal,0.0,0.39884148697674426,14.023559803197315,3.8997679591935666,0.25,1.8667690465374907,0.0,1.68,1.0
156,Linear,Renewal,0.0,0.1936456562667132,27.608205273251542,18.399752430320753,0.25,1.8667690465374907,0.0,1.68,1.0
157,Linear,Renewal,0.0,2.1478964353948062,9.479164759795822e-06,0.20942504935534687,0.739567512142829,1.8667690465375057,0.22659744902421264,1.68,1.0
158,Linear,Renewal,0.0,1.2889377349802864,0.18609615708714955,0.5260746738677675,0.3941557340381203,1.8667690465374953,0.018540753237312833,1.68,1.0
159,Linear,Renewal,0.0,0.36867834186254356,12.978892587904625,9.650440184696741,0.25000000000000006,1.8667690465374907,1.1102230246251566e-18,1.68,1.0
160,Linear,Renewal,0.0,1.0862508406856903,3.5648867563310205,0.6632194162428227,0.25001386168320905,1.8667690465374986,4.99668833249256e-07,1.68,1.0
161,Linear,Renewal,0.0,1.2868982498757058,2.6227177025115793,1.0665741829834705,0.2501843418757236,1.8667690465375029,3.85842777836376e-06,1.68,1.0
162,Linear,Renewal,0.0,0.4430404306140937,12.760650761842442,4.398334944319785,0.25000000000000017,1.8667690465374907,3.3306690738754695e-18,1.68,1.0
163,Linear,Renewal,0.0,0.9907399496839465,0.6521189857742229,0.495008974554496,0.29293328446448264,1.8667690465375013,0.003302636578448501,1.68,1.0
164,Linear,Renewal,0.0,0.9936105818800989,1.5912673215799487,0.9141905712863039,0.2530554506379826,1.866769046537498,6.239138775084197e-05,1.68,1.0
165,Linear,Renewal,0.0,1.0761332339948326,2.8166924645772724,1.5121334136458144,0.2501123121446774,1.8667690465375026,2.3550134158478727e-06,1.68,1.0
166,Linear,Renewal,0.0,0.3397926447951746,14.239865846195187,5.1021074120336225,0.25,1.8667690465374907,0.0,1.68,1.0
167,Linear,Renewal,0.0,0.429975096675896,19.56338383357138,7.1878822964324875,0.25,1.8667690465374907,0.0,1.68,1.0
168,Linear,Renewal,0.0,1.3844343330341131,4.470007297641132e-07,0.21445495429556327,0.6536029790923491,1.8667690465375018,0.18271010168681967,1.68,1.0
169,Linear,Renewal,0.0,2.0156998777342934,0.2303431437337622,0.3502371529412588,0.3791249891865631,1.8667690465374966,0.02297166337849867,1.68,1.0
170,Linear,Renewal,0.0,0.23813596088097516,20.913256745051513,17.67869771773472,0.25,1.8667690465374907,0.0,1.68,1.0
171,Linear,Renewal,0.0,1.3832928283087873,0.0011863729915830845,0.38672794080354617,0.8782150956042324,1.8667690465375006,0.1965248475055915,1.68,1.0
172,Linear,Renewal,0.0,0.2400299450694289,23.811395126015952,14.896999919939173,0.25,1.8667690465374907,0.0,1.68,1.0
173,Linear,Renewal,0.0,0.2314168083839492,26.337089330669755,19.690810142590852,0.25,1.8667690465374907,0.0,1.68,1.0
174,Linear,Renewal,0.0,1.178858082542383,0.12430074203552977,0.4822761967052233,0.42966982856517894,1.8667690465375029,0.0266702349840586,1.68,1.0
175,Linear,Renewal,0.0,1.5655429985121296,0.03405043709472011,0.39250760337168816,0.6566530644206195,1.866769046537501,0.06826953736632779,1.68,1.0
176,Linear,Renewal,0.0,0.7335958412926988,13.892186437253827,1.85091001639584,0.25,1.8667690465374907,0.0,1.68,1.0
177,Linear,Renewal,0.0,0.34816858628748837,15.857035009848872,9.294723154446169,0.25,1.8667690465374907,0.0,1.68,1.0
178,Linear,Renewal,0.0,0.8179029686313599,0.955819927448033,1.2470665606951619,0.2677918523826748,1.86676904653749,0.0004264762400905764,1.7,1.0
179,Linear,Renewal,0.0,0.7517705705255547,0.7785422636376751,1.5448979558587093,0.2792023935504747,1.8667690465374907,0.0008707804879524971,1.68,1.0
180,Linear,Renewal,0.0,0.9470294891630336,0.7101432619074615,0.5282257805893114,0.2866428472963384,1.8667690465374938,0.001646273854244712,1.68,1.0
181,Linear,Renewal,0.0,0.8936056341998064,1.7140958384535452,0.7115066369624198,0.2521958891692623,1.8667690465375026,4.392821586097662e-05,1.68,1.0
182,Linear,Renewal,0.0,0.537627523286733,13.40329703316445,2.2544816742269336,0.25,1.8667690465374907,0.0,1.68,1.0
183,Linear,Renewal,0.0,1.6355672684237585,0.00015357673228777458,0.279430516031155,0.5,1.8667690465375002,0.07549797814857843,1.68,1.0
184,Linear,Renewal,0.0,0.676628649004568,5.787029148860256,2.140425773842397,0.2500000307408695,1.8667690465374909,6.791460371857739e-10,1.68,1.0
185,Linear,Renewal,0.0,0.8580986787298445,2.8565245249764075,1.1165083129393687,0.2500952125708377,1.8667690465374955,1.942840043253069e-06,1.68,1.0
186,Linear,Renewal,0.0,0.8098264841930914,4.7367852611567685,2.0413188990301165,0.2500005383667455,1.8667690465374938,1.0767994776950118e-08,1.68,1.0
187,Linear,Renewal,0.0,0.4270286836488689,19.12353694786657,5.300422581848638,0.25,1.8667690465374907,0.0,1.68,1.0
188,Linear,Renewal,0.0,0.23676233856355644,19.428292742875726,13.046706954339612,0.25,1.8667690465374907,0.0,1.68,1.0
189,Linear,Renewal,0.0,0.607235235746311,14.562227930035078,3.402385204667653,0.25,1.8667690465374907,0.0,1.68,1.0
190,Linear,Renewal,0.0,0.558680656862277,3.621392417079207,1.3436164212805242,0.2500117512358232,1.8667690465374922,2.3502472004777178e-07,1.68,1.0
191,Linear,Renewal,0.0,0.28756805096575455,17.271735914014073,11.426549987259193,0.25,1.8667690465374907,0.0,1.68,1.0
192,Linear,Renewal,0.0,2.706444892560002,0.00013961500428649742,0.26326315062352473,0.7273850750327884,1.8667690465375038,0.17205747376857092,1.76,1.0
193,Linear,Renewal,0.0,1.0508948735693724,0.1649632934971237,1.255253556045338,0.40231501787621304,1.8667690465374895,0.013691457079222862,1.68,1.0
194,Linear,Renewal,0.0,1.1954765146569948,3.1154195312410593e-06,0.3791302591386182,0.5704679198684957,1.8667690465374986,0.04852342211457343,1.68,1.0
195,Linear,Renewal,0.0,0.7962534047171437,3.7675219875488324,1.195212871644192,0.2500079929643747,1.8667690465374973,1.667907180868955e-07,1.68,1.0
196,Linear,Renewal,0.0,1.2494836808710053,3.849181325676909e-06,0.32483096330485445,0.5304721553596938,1.8667690465375015,0.11013534656147926,1.68,1.0
197,Linear,Renewal,0.0,1.3241446300462056,4.455911903258283,0.7700077656713518,0.25000116366924124,1.8667690465374946,4.401126655340093e-08,1.68,1.0
198,Linear,Renewal,0.0,1.7873956021906416,0.00335012870226592,0.2570701272812563,0.5000000007111653,1.8667690465375018,0.07919626578248025,1.68,1.0
199,Linear,Renewal,0.0,0.4390589137247692,14.572024450035315,2.7514338617042475,0.25,1.8667690465374907,0.0,1.68,1.0
200,Linear,Renewal,0.0,0.3428943875899445,18.876766439349097,9.711706340446211,0.25,1.8667690465374907,0.0,1.68,1.0
201,Linear,Renewal,0.0,0.49645773957272865,10.354195673032564,2.668555415098987,0.25000000000010286,1.8667690465374915,2.057243264630415e-15,1.68,1.0
202,Linear,Renewal,0.0,0.4225160106465817,13.938911018385454,3.8144229453801834,0.25,1.8667690465374907,0.0,1.68,1.0
203,Linear,Renewal,0.0,0.702078713340696,9.08432792873198,1.2944694367280876,0.2500000000034868,1.866769046537492,7.099876242477876e-14,1.68,1.0
204,Linear,Renewal,0.0,0.3669769601972027,11.589335703767631,5.47168903554194,0.25000000000000355,1.8667690465374918,7.105427357601002e-17,1.68,1.0
205,Linear,Renewal,0.0,0.5576763104096207,9.84447970587155,2.6481930073154287,0.2500000000004303,1.8667690465374924,8.606448886894213e-15,1.68,1.0
206,Linear,Renewal,0.0,0.20388175845624543,26.813571771382954,15.147683316691737,0.25,1.8667690465374907,0.0,1.68,1.0
207,Linear,Renewal,0.0,2.0917390679561705,0.17253093583889267,0.683321470509169,0.41093612306110827,1.8667690465375002,0.01511384753312573,1.68,1.0
208,Linear,Renewal,0.0,0.28352127936195526,22.408298738271924,7.210216886124831,0.25,1.8667690465374907,0.0,1.68,1.0
209,Linear,Renewal,0.0,1.96090523779168,0.0006225023814181441,0.22773706480081335,0.6985452670390535,1.8667690465375006,0.23492001987047045,1.8800000000000001,1.0
210,Linear,Renewal,0.0,0.40758104711489374,15.427935424688258,5.393581438302443,0.25,1.8667690465374907,0.0,1.68,1.0
211,Linear,Renewal,0.0,0.17695421557202662,26.63801613519422,19.399001819369413,0.25,1.8667690465374907,0.0,1.68,1.0
212,Linear,Renewal,0.0,0.5006653402518684,7.461975010923993,2.0530953190651355,0.25000000030144504,1.8667690465374915,6.028900711996244e-12,1.68,1.0
213,Linear,Renewal,0.0,0.27128360086550896,25.5277910446473,10.90094405869094,0.25,1.8667690465374907,0.0,1.68,1.0
214,Linear,Renewal,0.0,1.2147267006417728,1.1370240301923786,0.9867555364168354,0.260839865254872,1.8667690465374946,0.0002169177673425604,1.68,1.0
215,Linear,Renewal,0.0,0.6541573452423721,7.496816557611254,2.3347241298188095,0.2500000002700142,1.8667690465374904,5.400284663892308e-12,1.68,1.0
216,Linear,Renewal,0.0,1.0140812723297628,2.063180681724134,0.9841050862734525,0.2508612448938835,1.8667690465374955,2.023014566835735e-05,1.68,1.0
217,Linear,Renewal,0.0,0.6312351031047013,9.769023461299554,2.0420539904894266,0.25000000000050765,1.8667690465374909,1.0152989560197057e-14,1.68,1.0
218,Linear,Renewal,0.0,0.3523735506330499,10.720245362085791,4.489127220547899,0.2500000000000382,1.866769046537491,7.638334409421077e-16,1.68,1.0
219,Linear,Renewal,0.0,0.35913889253246517,23.01019841835432,8.916037757616943,0.25,1.8667690465374907,0.0,1.68,1.0
220,Linear,Renewal,0.0,0.3092242939410027,17.80425488641805,6.4985104124517035,0.25,1.8667690465374907,0.0,1.68,1.0
221,Linear,Renewal,0.0,0.47468838260620877,13.10540874072396,4.973506856939925,0.25000000000000006,1.8667690465374907,1.1102230246251566e-18,1.68,1.0
222,Linear,Renewal,0.0,1.8424624042071425,6.19798015577544e-05,0.302915996946966,0.9866078773663137,1.8667690465375075,0.15437656084725063,1.74,1.0
223,Linear,Renewal,0.0,0.9249871391150235,3.2978364800667634,1.5516935090238029,0.2500283567522681,1.8667690465374909,5.684362477165195e-07,1.68,1.0
224,Linear,Renewal,0.0,0.4244215117690056,21.10806037098689,7.663678580826655,0.25,1.8667690465374907,0.0,1.68,1.0
225,Linear,Renewal,0.0,1.469564300920315,0.0009991971115823617,0.25008507510853684,0.6985452670390535,1.8667690465374998,0.21425455345934225,2.06,1.0
226,Linear,Renewal,0.0,0.9845070851749386,0.00048566824386853114,0.4283829757849466,0.5,1.8667690465375146,0.03681292417032199,1.8,1.0
227,Linear,Renewal,0.0,0.23345887039168126,23.27583352682575,11.938937625642575,0.25,1.8667690465374907,0.0,1.68,1.0
228,Linear,Renewal,0.0,0.6378659910069645,0.47435736166698916,1.009817470371196,0.32046791095047394,1.8667690465375006,0.003798744295766443,1.68,1.0
229,Linear,Renewal,0.0,0.35359326484998665,24.43453146003094,8.708542140305171,0.25,1.8667690465374907,0.0,1.68,1.0
230,Linear,Renewal,0.0,3.402417330409808,2.2758626982977148e-07,0.2006226946756453,0.5001399812786341,1.866769046537502,0.16957651957305886,1.68,1.0
231,Linear,Renewal,0.0,1.6172295081765484,0.005570822898079086,0.3641362111353427,0.5,1.866769046537499,0.0559786687090257,1.68,1.0
232,Linear,Renewal,0.0,1.654536065203913,0.6476669618263031,0.4790450381724326,0.29293328470634317,1.8667690465375042,0.004302501544486365,1.7,1.0
233,Linear,Renewal,0.0,1.1082863448968887,0.05916510217190307,0.48533921413831316,0.4619373896727398,1.8667690465374929,0.034961792370969524,1.68,1.0
234,Linear,Renewal,0.0,1.0597327760808513,2.590681444208059,1.1592226162756056,0.2501947757850427,1.8667690465374958,3.897786967962391e-06,1.68,1.0
235,Linear,Renewal,0.0,0.9438687660898264,5.440045831743987,1.2460110179556223,0.2500000783790335,1.8667690465374935,1.6072366282315896e-09,1.68,1.0
236,Linear,Renewal,0.0,0.4372277849318028,13.62636486358059,5.692714457786369,0.25,1.8667690465374907,0.0,1.68,1.0
237,Linear,Renewal,0.0,1.63354552763853,0.00026205605382756403,0.23989213779482088,0.5000000000011594,1.866769046537502,0.1032701691382038,1.68,1.0
238,Linear,Renewal,0.0,1.1187629138240838,0.08166782357034208,0.5326554152336286,0.4506743733626626,1.8667690465374962,0.035280692287340154,1.68,1.0
239,Linear,Renewal,0.0,1.6321995677799095,0.05101740836732915,0.45537927238847964,0.4619373896727398,1.866769046537508,0.023727111688914705,1.68,1.0
240,Linear,Renewal,0.0,0.6473145444987439,10.503093336692928,1.829077390694571,0.25000000000006994,1.8667690465374907,1.405542349175448e-15,1.68,1.0
241,Linear,Renewal,0.0,0.3385887965358269,18.843560928812906,8.35833153852848,0.25,1.8667690465374907,0.0,1.68,1.0
242,Linear,Renewal,0.0,1.1413298319935223,4.371555913720272,1.2555374117047389,0.25000145034990817,1.8667690465374942,4.2427182578297363e-08,1.68,1.0
243,Linear,Renewal,0.0,0.7039643144368408,6.02950835371189,3.0134930102423048,0.2500000150271156,1.866769046537495,5.458022900306503e-10,1.68,1.0
244,Linear,Renewal,0.0,0.19768874065777953,26.93603007076797,15.374104218469608,0.25,1.8667690465374907,0.0,1.68,1.0
245,Linear,Renewal,0.0,1.4095886526419612,0.5885503216288157,0.5072751583773261,0.3006438343947333,1.8667690465374975,0.002204366284233559,1.68,1.0
246,Linear,Renewal,0.0,0.8114632864957803,1.0503185813803952,2.0683574241120786,0.26351036619335844,1.866769046537493,0.0002703222116296888,1.68,1.0
247,Linear,Renewal,0.0,0.24142705758664973,21.806431485579765,18.815882529929933,0.25,1.8667690465374907,0.0,1.68,1.0
248,Linear,Renewal,0.0,1.1233612084704003,0.5079055408444901,1.3596484713964008,0.3131204052408308,1.8667690465374955,0.0031325991527125976,1.76,1.0
249,Linear,Renewal,0.0,0.5139009078403254,9.1160047208147,4.018456161588319,0.2500000000031233,1.8667690465374907,6.24655882575098e-14,1.68,1.0
250,Linear,Renewal,0.0,0.43769669101075304,13.542392321070082,4.14955813761702,0.25,1.8667690465374907,0.0,1.68,1.0
251,Linear,Renewal,0.0,0.5178720110375155,16.69713898664378,5.392086063756089,0.25,1.8667690465374907,0.0,1.68,1.0
252,Linear,Renewal,0.0,0.7857325094121876,0.7986540831614093,0.6255994549568464,0.2776385749352258,1.866769046537497,0.0008081817063447249,1.68,1.0
253,Linear,Renewal,0.0,0.7104523692846773,7.43918289915905,1.8043972826780073,0.250000000318507,1.8667690465374973,6.795379814406033e-12,1.68,1.0
254,Linear,Renewal,0.0,0.9688744084019888,0.27959930275642364,0.8699069023104586,0.36566146256133547,1.8667690465375026,0.00870169100888406,1.68,1.0
255,Linear,Renewal,0.0,0.3276458537311028,15.14571578885068,6.736008667968781,0.25,1.8667690465374907,0.0,1.68,1.0
256,Linear,Renewal,0.0,0.9153343680341962,0.44083476740678407,0.962545276224425,0.3244564294887954,1.8667690465374935,0.004896758937962763,1.68,1.0
257,Linear,Renewal,0.0,0.5642759521885967,9.146645950600316,5.187576483318976,0.25000000000295597,1.866769046537491,5.961786619934627e-14,1.68,1.0
258,Linear,Renewal,0.0,0.6029771615836172,12.503795867289,1.3862583490930689,0.2500000000000003,1.8667690465374909,5.551115123125783e-18,1.68,1.0
259,Linear,Renewal,0.0,0.5559648504139874,8.43487918548675,3.923152752447081,0.25000000002145306,1.866769046537494,4.487177296397249e-13,1.68,1.0
260,Linear,Renewal,0.0,0.36445990685846086,15.901162783215455,4.991134340093545,0.25,1.8667690465374907,0.0,1.68,1.0
261,Linear,Renewal,0.0,0.35642409378441775,12.866423075456623,4.090289120001481,0.2500000000000001,1.8667690465374907,2.220446049250313e-18,1.68,1.0
262,Linear,Renewal,0.0,0.36618418803373537,17.28416854099987,7.05160751211437,0.25,1.8667690465374907,0.0,1.68,1.0
263,Linear,Renewal,0.0,0.7345017619887035,9.50463309593772,2.2495187063016586,0.25000000000109723,1.8667690465374933,3.065658837897445e-14,1.68,1.0
264,Linear,Renewal,0.0,0.5301917244920545,16.03345910982148,2.920521765465722,0.25,1.8667690465374907,0.0,1.68,1.0
265,Linear,Renewal,0.0,0.8751002331278407,10.898519100811228,1.7387205701364565,0.25000000000002326,1.866769046537494,7.22755189030977e-16,1.68,1.0
266,Linear,Renewal,0.0,0.6220020957016178,8.371459308624821,1.9239232966947883,0.2500000000239503,1.866769046537492,4.903977224302025e-13,1.68,1.0
267,Linear,Renewal,0.0,1.6902173701383867,0.0009338858523051385,0.25643363898952615,0.5069781378737439,1.8667690465375049,0.11663240125410604,1.68,1.0
268,Linear,Renewal,0.0,0.6477058342388539,11.010181284478051,2.4018657452617798,0.25000000000001765,1.866769046537492,3.608224830031759e-16,1.68,1.0
269,Linear,Renewal,0.0,0.9921295837843974,0.009047049829405296,0.39251581040910516,0.5,1.8667690465375006,0.032074993023988155,1.74,1.0
270,Linear,Renewal,0.0,0.3542665913833676,11.086231057131101,9.727635244351124,0.25000000000001416,1.8667690465374915,2.8310687127941495e-16,1.68,1.0
271,Linear,Renewal,0.0,1.599474450513067,0.013026550583404628,0.36323126053574323,0.7366078773663137,1.8667690465375022,0.15312859921456085,1.68,1.0
272,Linear,Renewal,0.0,1.835784575738829,0.0020060077646917307,0.28585206706572364,0.5,1.8667690465375102,0.08340847608496559,1.68,1.0
273,Linear,Renewal,0.0,1.0054821090663015,0.19002953122989652,0.8149986138174454,0.4023150178762107,1.8667690465374962,0.013935456766759816,1.68,1.0
274,Linear,Renewal,0.0,0.9656109366433713,0.8105080229453279,1.132350049650047,0.27763806540799285,1.8667690465374949,0.0008080695747490629,1.68,1.0
275,Linear,Renewal,0.0,1.102893456809868,4.2612614693968,0.8981653258588331,0.2500020180766016,1.866769046537496,4.036167641108257e-08,1.68,1.0
276,Linear,Renewal,0.0,1.0176979679557785,2.234858214936935,0.8744021434792979,0.25052472212563065,1.8667690465374982,1.0967083462941616e-05,1.68,1.0
277,Linear,Renewal,0.0,0.2717516425479816,22.562091010285712,9.96979868855951,0.25,1.8667690465374907,0.0,1.68,1.0
278,Linear,Renewal,0.0,0.5784343256084362,4.037753465621336,1.8814722303178923,0.2500036979117991,1.8667690465374942,9.480496554137297e-08,1.68,1.0
279,Linear,Renewal,0.0,0.2526421339204766,17.349135258044782,17.238466291389052,0.25,1.8667690465374907,0.0,1.68,1.0
280,Linear,Renewal,0.0,0.2283600616020453,23.3786606103713,16.483162675567616,0.25,1.8667690465374907,0.0,1.68,1.0
281,Linear,Renewal,0.0,0.8498295568731838,2.597472935470364,1.2976915533571312,0.25019477571686904,1.8667690465374924,3.895514419817169e-06,1.68,1.0
282,Linear,Renewal,0.0,1.8469900334274842,0.047596470503506794,0.3817151414089166,0.5947399559029063,1.86676904653749,0.09458357022766792,2.0,1.0
283,Linear,Renewal,0.0,1.696663528617529,1.0712157063608174e-06,0.2789310990180886,0.6738747793454796,1.8667690465375013,0.20398410263132263,1.94,1.0
284,Linear,Renewal,0.0,0.282976469377299,18.854307331466316,11.537101713264265,0.25,1.8667690465374907,0.0,1.68,1.0
285,Linear,Renewal,0.0,0.6128406549215817,10.013159197171532,2.4985018757721296,0.2500000000002622,1.8667690465374909,5.243583345304615e-15,1.68,1.0
286,Linear,Renewal,0.0,0.46653413719557196,16.634342003455572,4.4682257133164205,0.25,1.8667690465374907,0.0,1.68,1.0
287,Linear,Renewal,0.0,1.709544667354591,7.645152209079242e-07,0.3217043882959664,0.5000000009341612,1.8667690465374998,0.052145919317885536,1.68,1.0
288,Linear,Renewal,0.0,0.24418043782526935,20.759808620953322,19.467213122234373,0.25,1.8667690465374907,0.0,1.68,1.0
289,Linear,Renewal,0.0,0.3835690298910163,18.051607071882017,11.826554626666104,0.25,1.8667690465374907,0.0,1.68,1.0
290,Linear,Renewal,0.0,0.40497695920239546,21.36644944592274,7.199717629165588,0.25,1.8667690465374907,0.0,1.68,1.0
291,Linear,Renewal,0.0,0.9621731346717082,3.5492464794200487,0.6180840167657689,0.2500146462623584,1.8667690465375038,3.536119580893615e-07,1.68,1.0
292,Linear,Renewal,0.0,0.27078895108940687,19.625170850866198,14.01770160259762,0.25,1.8667690465374907,0.0,1.68,1.0
293,Linear,Renewal,0.0,1.2613777074505097,0.008929680436892795,0.6812166312492047,0.4866085863435188,1.8667690465374878,0.04080194169422899,1.68,1.0
294,Linear,Renewal,0.0,0.6237326310581152,11.940639425677688,3.0168605656130123,0.25000000000000133,1.866769046537491,2.886579864025407e-17,1.68,1.0
295,Linear,Renewal,0.0,1.7023095221975237,0.0067613373089443485,0.28050731061210266,0.6523150178762107,1.8667690465375022,0.11564843857677302,1.68,1.0
296,Linear,Renewal,0.0,0.6247599693334706,2.8961380736778892,1.7461711243925009,0.2500852850038299,1.8667690465374933,1.7057000766829145e-06,1.68,1.0
297,Linear,Renewal,0.0,0.7975046756913156,6.841017876206934,2.1779504027942185,0.2500000016612816,1.8667690465374918,3.37604255662427e-11,1.68,1.0
298,Linear,Renewal,0.0,0.43765292260151184,11.886682997732123,6.474040886877534,0.25000000000000155,1.866769046537491,3.1086244689504386e-17,1.68,1.0
299,Linear,Renewal,0.0,0.4351836613228069,17.0478716648272,5.670690953268632,0.25,1.8667690465374907,0.0,1.68,1.0
300,Linear,Renewal,0.0,0.9086044742676312,4.585477701342938,1.5373894375884798,0.2500007915054152,1.8667690465374946,1.583012800399075e-08,1.68,1.0
301,Linear,Renewal,0.0,0.20647712764427714,26.416784694714067,19.65488207022741,0.25,1.8667690465374907,0.0,1.68,1.0
302,Linear,Renewal,0.0,1.0966033645999267,0.6040225069235703,1.096863033494229,0.29793091639559804,1.8667690465374918,0.001992838560235372,1.68,1.0
303,Linear,Renewal,0.0,0.688619766480404,6.626253144650377,1.2104025799877927,0.25000000304412273,1.8667690465374909,6.103473948471106e-11,1.68,1.0
304,Linear,Renewal,0.0,1.5239244733107644,0.5287203970898418,0.6451300055448629,0.30973914041013806,1.8667690465374946,0.003627555026246743,1.68,1.0
305,Linear,Renewal,0.0,0.6927051921146405,8.603394028374424,4.460143314051172,0.2500000000130705,1.8667690465374907,2.6149415965903704e-13,1.68,1.0
306,Linear,Renewal,0.0,0.9423386269292869,3.632396174018936,1.0227360357322137,0.25001112173985823,1.8667690465374887,2.224393814076464e-07,1.68,1.0
307,Linear,Renewal,0.0,1.910745119590087,0.0006733453974447912,0.30927560978925506,0.5,1.8667690465374975,0.11418441542780075,1.72,1.0
308,Linear,Renewal,0.0,3.21803314077977,0.0006091979814755177,0.21846408734877426,0.5000000000269489,1.8667690465375129,0.1570572042155882,1.94,1.0
309,Linear,Renewal,0.0,0.5328578668606843,11.032877037726252,5.038364793411813,0.2500000000000167,1.8667690465374909,3.3417713041217214e-16,1.68,1.0
310,Linear,Renewal,0.0,1.7092897184909683,6.865298018965404e-08,0.22030240225529074,1.0000901122010886,1.866769046537508,0.21512896215472063,1.68,1.0
311,Linear,Renewal,0.0,0.8043349478516826,6.29645354846771,1.927815186808283,0.25000000734573247,1.8667690465374902,1.4691465044514019e-10,1.68,1.0
312,Linear,Renewal,0.0,0.9763301228127952,3.341189828544657,1.2077525816067818,0.25002540006749646,1.866769046537492,5.161896028005319e-07,1.68,1.0
313,Linear,Renewal,0.0,0.5495166273656598,20.205637316281127,3.5285077601425052,0.25,1.8667690465374907,0.0,1.68,1.0
314,Linear,Renewal,0.0,0.19690822700038502,25.040103829298573,15.743227483269768,0.25,1.8667690465374907,0.0,1.68,1.0
315,Linear,Renewal,0.0,1.0173291514442921,1.0580709873097476,1.8028561949292594,0.26351036619335844,1.8667690465374978,0.0002702086928870473,1.68,1.0
316,Linear,Renewal,0.0,1.5534609748805948,0.07468746973449925,0.4987715987979446,0.455650287556713,1.8667690465375002,0.02279310855828685,1.68,1.0
317,Linear,Renewal,0.0,0.5310680971702574,11.130059725483846,4.944781164433597,0.250000000000012,1.8667690465374907,2.3980817331903383e-16,1.68,1.0
318,Linear,Renewal,0.0,0.7817378007308575,3.8657335357734155,2.1190971382510635,0.2500060695127944,1.8667690465374935,1.459830571304277e-07,1.68,1.0
319,Linear,Renewal,0.0,0.41210385463363103,19.283774349434452,8.514893141444764,0.25,1.8667690465374907,0.0,1.68,1.0
320,Linear,Renewal,0.0,1.8069258347792427,0.041523542225604615,0.29852531266637317,0.5723602049305165,1.8667690465374998,0.11496732569356494,1.68,1.0
321,Linear,Renewal,0.0,0.8618462137715037,0.08914201590459925,0.5218984231105557,0.45058422362009726,1.8667690465374958,0.021419940783772597,1.68,1.0
322,Linear,Renewal,0.0,0.6768000497520542,4.455788645195071,1.691549710098132,0.25000122953349463,1.8667690465374942,2.459066999804804e-08,1.68,1.0
323,Linear,Renewal,0.0,0.269588552137083,21.68231907658833,8.509066058126317,0.25,1.8667690465374907,0.0,1.68,1.0
324,Linear,Renewal,0.0,0.3259702335752189,20.14495262976729,14.86724566272885,0.25,1.8667690465374907,0.0,1.68,1.0
325,Linear,Renewal,0.0,0.5640047205963818,15.301704286845961,3.1813915958598087,0.25,1.8667690465374907,0.0,1.68,1.0
326,Linear,Renewal,0.0,1.5485235278839462,0.0005307691512825841,0.34587576057051933,0.5927994586825216,1.866769046537497,0.050416146010965154,1.68,1.0
327,Linear,Renewal,0.0,0.542742609744367,7.763213172841944,2.2701224189822566,0.25000000013199153,1.8667690465374924,2.7135149682777635e-12,1.68,1.0
328,Linear,Renewal,0.0,0.3181083271244584,20.716150993425003,7.395428912272254,0.25,1.8667690465374907,0.0,1.68,1.0
329,Linear,Renewal,0.0,0.8721212484179951,2.118750874348734,1.2345394216434498,0.2507301199787146,1.866769046537494,2.5691275548955786e-05,1.68,1.0
330,Linear,Renewal,0.0,0.32924160670537556,19.118331271181347,5.243038301535435,0.25,1.8667690465374907,0.0,1.68,1.0
331,Linear,Renewal,0.0,1.3138403749688685,1.7059969721255612,0.6243538628776536,0.25232017757999514,1.8667690465375002,4.640372835539974e-05,1.68,1.0
332,Linear,Renewal,0.0,0.8582451889681142,0.1373728831873393,0.8238884488894455,0.4200451870543058,1.866769046537491,0.01639653356238972,1.68,1.0
333,Linear,Renewal,0.0,1.8686710592334752,0.04452581690520674,0.2704634143543874,0.4739332097391332,1.8667690465374966,0.04874036862284521,1.68,1.0
334,Linear,Renewal,0.0,0.897690902929288,0.10157206519858164,0.9228002022553873,0.42966982856517894,1.8667690465374929,0.017917670561864395,1.68,1.0
335,Linear,Renewal,0.0,1.0207543290920662,0.2817926861737874,0.8313372310236768,0.36566299500176425,1.8667690465374998,0.008904365712830023,1.68,1.0
336,Linear,Renewal,0.0,0.313132318223282,17.91161368104929,7.347373046211844,0.25,1.8667690465374907,0.0,1.68,1.0
337,Linear,Renewal,0.0,0.9808881774773985,1.064897141415372,1.0123230872033855,0.26351036619350965,1.8667690465374969,0.000270211067170173,1.7,1.0
338,Linear,Renewal,0.0,0.31407288534071975,14.208518008873853,10.088592744761513,0.25,1.8667690465374907,0.0,1.68,1.0
339,Linear,Renewal,0.0,0.992578043853972,0.3815249933653604,1.0210751223850167,0.3378283317584574,1.866769046537496,0.005482843764954272,1.68,1.0
340,Linear,Renewal,0.0,0.32670626643968387,20.6836403240726,11.110577976350509,0.25,1.8667690465374907,0.0,1.68,1.0
341,Linear,Renewal,0.0,2.2859681112777026,0.010026569809753028,0.2990893844880753,0.4866078773663137,1.8667690465375015,0.09081376023790014,1.82,1.0
342,Linear,Renewal,0.0,1.3870434023317566,0.017058575653663866,0.21614269392341223,0.48671417311865495,1.8667690465375004,0.060953252294760396,1.7,1.0
343,Linear,Renewal,0.0,0.5412864042863268,15.987263931731604,3.6282603739184505,0.25,1.8667690465374907,0.0,1.68,1.0
344,Linear,Renewal,0.0,0.3997634538463625,20.04095538883996,6.35651965210274,0.25,1.8667690465374907,0.0,1.68,1.0
345,Linear,Renewal,0.0,0.8433695978264127,1.646090878362429,1.1853327405882421,0.25259025692995113,1.8667690465374909,5.285512092949473e-05,1.68,1.0
346,Linear,Renewal,0.0,0.40938478101468095,23.987482705155514,10.751027128846685,0.25,1.8667690465374907,0.0,1.68,1.0
347,Linear,Renewal,0.0,0.2555054786627265,20.677222532978135,15.33816527779142,0.25,1.8667690465374907,0.0,1.68,1.0
348,Linear,Renewal,0.0,0.6951903730760657,5.826691245797974,1.932569736144488,0.250000027535599,1.8667690465374958,7.918492406222554e-10,1.68,1.0
349,Linear,Renewal,0.0,0.46563899232065226,5.578492404928511,4.059340116874097,0.2500000533119096,1.866769046537494,1.0662381921822117e-09,1.68,1.0
350,Linear,Renewal,0.0,0.605261607728225,8.415373083932081,1.9769813268858727,0.25000000002145306,1.8667690465374918,4.2906234121176113e-13,1.68,1.0
351,Linear,Renewal,0.0,1.0073492478337973,0.4396491258336255,0.8723397338535962,0.3244564294887954,1.8667690465374955,0.006772840860435951,1.68,1.0
352,Linear,Renewal,0.0,1.202761212201336,1.6788967229786067e-05,0.32051157560091365,0.5114534069781729,1.8667690465374907,0.09164711365228066,1.68,1.0
353,Linear,Renewal,0.0,0.3655979001699229,19.391785568674123,14.390317763878233,0.25,1.8667690465374907,0.0,1.68,1.0
354,Linear,Renewal,0.0,0.37448047586107297,24.879969778892843,4.89512179115874,0.25,1.8667690465374907,0.0,1.68,1.0
355,Linear,Renewal,0.0,1.8779886994285913,0.010276100959003998,0.41737596340055566,0.5010740734036148,1.866769046537502,0.09601367115856219,1.82,1.0
356,Linear,Renewal,0.0,0.5142266006461356,11.532572609776139,3.0163185250004134,0.250000000000004,1.866769046537491,7.993605777301127e-17,1.68,1.0
357,Linear,Renewal,0.0,1.8567276442971294,9.044444425398979e-06,0.2318368341010082,0.7500009721480085,1.8667690465375024,0.1584867751316614,1.68,1.0
358,Linear,Renewal,0.0,0.17297059299190606,23.660405653704288,18.629458290376217,0.25,1.8667690465374907,0.0,1.68,1.0
359,Linear,Renewal,0.0,0.24075258327688198,27.676310166790756,17.82655852236482,0.25,1.8667690465374907,0.0,1.68,1.0
360,Linear,Renewal,0.0,1.0166691032675295,1.31305794827324,0.8910596443606029,0.2569781035544957,1.8667690465374995,0.0001401953716771298,1.68,1.0
361,Linear,Renewal,0.0,0.7981961164290922,6.734974246998547,1.6431043051321463,0.25000000218774804,1.8667690465374922,4.599287617423897e-11,1.68,1.0
362,Linear,Renewal,0.0,0.43200573541571047,12.927461004545876,5.100968755312326,0.2500000000000001,1.8667690465374907,2.220446049250313e-18,1.68,1.0
363,Linear,Renewal,0.0,0.34066549418319264,19.868069712563738,16.492550171938678,0.25,1.8667690465374907,0.0,1.68,1.0
364,Linear,Renewal,0.0,1.0264020796225677,3.624690407055027,0.9775470318404487,0.25001112173985823,1.8667690465374926,3.5367021802512613e-07,1.68,1.0
365,Linear,Renewal,0.0,0.3672790748739369,11.872318292017326,5.8150949186223855,0.25000000000000167,1.8667690465374915,3.8857805861880476e-17,1.68,1.0
366,Linear,Renewal,0.0,0.6021877257251311,8.163762818353689,2.299084659195328,0.2500000000438864,1.8667690465374953,8.778133775422248e-13,1.68,1.0
367,Linear,Renewal,0.0,0.49844554554789167,8.967317659893084,3.703565581282893,0.25000000000485173,1.8667690465374907,9.70346025752633e-14,1.68,1.0
368,Linear,Renewal,0.0,0.3228759836491505,17.055087628157878,8.505346810121871,0.25,1.8667690465374907,0.0,1.68,1.0
369,Linear,Renewal,0.0,0.37798913011651264,19.0119497712559,8.725658590469498,0.25,1.8667690465374907,0.0,1.68,1.0
370,Linear,Renewal,0.0,0.2691115176114715,21.522241678879425,11.932244136464714,0.25,1.8667690465374907,0.0,1.68,1.0
371,Linear,Renewal,0.0,0.3786698126956983,15.663282714329057,4.628140372764319,0.25,1.8667690465374907,0.0,1.68,1.0
372,Linear,Renewal,0.0,0.4220989119963135,13.506246103628996,6.222992455410755,0.25,1.8667690465374907,0.0,1.68,1.0
373,Linear,Renewal,0.0,1.9230050201450664,0.004274667467484505,0.5868414103796785,0.50299179456704,1.8667690465375033,0.06474406293622456,1.68,1.0
374,Linear,Renewal,0.0,0.599495538791564,8.422611414270648,1.1596893074794654,0.25000000002145306,1.8667690465374915,4.290612309887365e-13,1.68,1.0
375,Linear,Renewal,0.0,0.31353703766663726,18.731730800865193,14.08990473214887,0.25,1.8667690465374907,0.0,1.68,1.0
376,Linear,Renewal,0.0,0.21405912826905266,27.00731389015658,16.879109479244967,0.25,1.8667690465374907,0.0,1.68,1.0
377,Linear,Renewal,0.0,2.314920839599752,0.00010227860454392612,0.23538222171085926,0.8594656766695887,1.8667690465374978,0.2164388252250114,1.72,1.0
378,Linear,Renewal,0.0,0.3341005295230224,18.333695338537154,6.4730326759139825,0.25,1.8667690465374907,0.0,1.68,1.0
379,Linear,Renewal,0.0,0.296038735591529,17.55964242960711,10.684007310976927,0.25,1.8667690465374907,0.0,1.68,1.0
380,Linear,Renewal,0.0,0.5160556715364756,11.558888821161077,5.352874319661809,0.2500000000000038,1.8667690465374918,7.549516567451065e-17,1.68,1.0
381,Linear,Renewal,0.0,0.4415593713373787,18.466118168724734,4.356897694457763,0.25,1.8667690465374907,0.0,1.68,1.0
382,Linear,Renewal,0.0,0.462284283361421,18.506860661734137,6.5684857358679185,0.25,1.8667690465374907,0.0,1.68,1.0
383,Linear,Renewal,0.0,3.4020377023467874,1.0051002163891098e-07,0.22765877525541597,0.75,1.8667690465375026,0.2391512194659768,1.68,1.0
384,Linear,Renewal,0.0,1.300289758087018,0.09453008865040147,0.6859361775618524,0.450584223620097,1.866769046537494,0.022744131692841257,1.68,1.0
385,Linear,Renewal,0.0,0.4193353453044981,13.535490558087474,7.976031703293357,0.25,1.8667690465374907,0.0,1.68,1.0
386,Linear,Renewal,0.0,1.794126237066555,2.592705499182557e-06,0.21851692901392922,0.5001186690671877,1.8667690465375033,0.15502396259099,1.94,1.0
387,Linear,Renewal,0.0,0.7347050732762915,3.3083153597857518,2.6734747911367713,0.2500283567522681,1.8667690465374944,5.671350954805643e-07,1.68,1.0
388,Linear,Renewal,0.0,0.3934444792427965,18.819709253125893,4.330540298051118,0.25,1.8667690465374907,0.0,1.68,1.0
389,Linear,Renewal,0.0,0.4119799176669154,21.001535993379548,5.485629272211386,0.25,1.8667690465374907,0.0,1.68,1.0
390,Linear,Renewal,0.0,0.2762915397601363,22.813722477972817,7.838175860562139,0.25,1.8667690465374907,0.0,1.68,1.0
391,Linear,Renewal,0.0,0.22767647832173019,24.279582324242483,15.690796715170539,0.25,1.8667690465374907,0.0,1.68,1.0
392,Linear,Renewal,0.0,1.4423737351518424,0.005440280557422739,0.28621148558133713,0.4866078773663137,1.8667690465375029,0.06566404504287979,1.68,1.0
393,Linear,Renewal,0.0,0.9221070498877758,1.7697212646403386,1.4846605663496224,0.25196692951952554,1.8667690465374938,3.9338874833227956e-05,1.68,1.0
394,Linear,Renewal,0.0,1.0773072936247419,1.2297031935620453,1.245930132218722,0.2582313266730222,1.8667690465374887,0.00017216949503241042,1.68,1.0
395,Linear,Renewal,0.0,0.48652574269966686,2.9838043628689093,3.990184501986329,0.2500684273051187,1.86676904653749,1.3685461023738023e-06,1.68,1.0
396,Linear,Renewal,0.0,1.3305072796891888,0.12877641514245397,0.44073699650781895,0.45850192966474906,1.8667690465374933,0.03910102225953586,1.68,1.0
397,Linear,Renewal,0.0,0.3418044530743613,16.03798956937564,9.472998438220426,0.25,1.8667690465374907,0.0,1.68,1.0
398,Linear,Renewal,0.0,0.2978620050183059,21.476250947336325,10.948395984969876,0.25,1.8667690465374907,0.0,1.68,1.0
399,Linear,Renewal,0.0,1.3141101861842643,0.4786415978746419,0.6011616474304226,0.3166930513297202,1.8667690465374998,0.003557006487420368,1.68,1.0
400,Linear,Renewal,0.0,1.1976882872142396,1.8318936519733313,0.7246796070008442,0.2515781401223729,1.8667690465374895,3.868251816120495e-05,1.68,1.0
401,Linear,Renewal,0.0,0.33521422635874065,22.095730324323426,7.8390107663375845,0.25,1.8667690465374907,0.0,1.68,1.0
402,Linear,Renewal,0.0,0.29834978422594716,20.330151043322672,10.601976037543448,0.25,1.8667690465374907,0.0,1.68,1.0
403,Linear,Renewal,0.0,0.7215545548262646,2.9371998534265913,1.6633398167930604,0.2500763925584015,1.8667690465374944,1.5323132266786833e-06,1.68,1.0
404,Linear,Renewal,0.0,0.6436711306140143,3.17310140936587,2.357454523296197,0.25003945675311007,1.866769046537494,7.891351705635597e-07,1.68,1.0
405,Linear,Renewal,0.0,1.477727421304585,0.0006915929616013727,0.338322227979928,0.5,1.8667690465374909,0.04717878498926563,1.68,1.0
406,Linear,Renewal,0.0,0.18848432723130007,23.98499094244346,17.82484365753803,0.25,1.8667690465374907,0.0,1.68,1.0
407,Linear,Renewal,0.0,0.2623790058496548,25.05223942635135,7.601252676236419,0.25,1.8667690465374907,0.0,1.68,1.0
408,Linear,Renewal,0.0,1.6336206962100506,0.0005507814703378244,0.475151774025119,0.5082313266784387,1.8667690465374982,0.08790441053169067,1.9000000000000001,1.0
409,Linear,Renewal,0.0,1.3767473461181403,0.21076576375253353,0.3341514217879828,0.3941557322828093,1.866769046537497,0.013817424321912306,1.68,1.0
410,Linear,Renewal,0.0,0.23928498953506167,24.169575924847095,15.685152466056378,0.25,1.8667690465374907,0.0,1.68,1.0
411,Linear,Renewal,0.0,0.5349957171948273,17.2378030748377,4.3955627468182,0.25,1.8667690465374907,0.0,1.68,1.0
412,Linear,Renewal,0.0,1.172906105631977,9.978422724543634e-06,0.41514812534697776,0.5,1.8667690465374998,0.0631598543177098,1.68,1.0
413,Linear,Renewal,0.0,1.3429386185270622,0.0007899615606987709,0.39885175807189144,0.5,1.8667690465374955,0.03674083898484849,1.68,1.0
414,Linear,Renewal,0.0,1.2428933036775975,1.4524127891490934e-06,0.28566426221706936,0.5,1.8667690465375029,0.048344189893015886,1.68,1.0
415,Linear,Renewal,0.0,1.3421803574481836,0.0525725227394247,0.4630120427302146,0.461937389676861,1.866769046537492,0.026556566379130835,1.68,1.0
416,Linear,Renewal,0.0,0.8032810765306133,1.0942086685098502,1.0511654363304825,0.26210167546581814,1.8667690465374993,0.00024203920398198407,1.68,1.0
417,Linear,Renewal,0.0,0.5310029354588928,5.071695572299916,3.7227216854230587,0.2500002111516451,1.8667690465374929,4.2230330266068705e-09,1.68,1.0
418,Linear,Renewal,0.0,1.432873526073791,0.005534634036052921,0.2705096713787549,0.5,1.866769046537503,0.03065774740528489,1.68,1.0
419,Linear,Renewal,0.0,0.5212037567963257,15.030872003992727,4.914713255540319,0.25,1.8667690465374907,0.0,1.68,1.0
420,Linear,Renewal,0.0,1.5867708305703672,0.1085733259374706,0.6814611399806622,0.4296698285660604,1.866769046537499,0.03433867677485418,1.68,1.0
421,Linear,Renewal,0.0,0.5100300949372808,8.97151853173682,3.17581703486177,0.25000000000485173,1.8667690465374915,1.035704855212316e-13,1.68,1.0
422,Linear,Renewal,0.0,0.2703450020915944,22.62988360660279,19.476825477898963,0.25,1.8667690465374907,0.0,1.68,1.0
423,Linear,Renewal,0.0,1.9048543841214252,0.01267651749765264,0.35589210960967077,0.5000016191773133,1.8667690465374993,0.04743241315981774,1.68,1.0
424,Linear,Renewal,0.0,0.4299049266654637,8.763287045102174,3.055224591829755,0.25000000000841405,1.866769046537491,1.6828094473453348e-13,1.68,1.0
425,Linear,Renewal,0.0,1.9364736013139083,0.0017289601520928954,0.36903335785617625,0.6096401195585824,1.8667690465375022,0.10999032091970755,1.68,1.0
426,Linear,Renewal,0.0,0.35635725268391905,17.905685690113444,9.789018169300892,0.25,1.8667690465374907,0.0,1.68,1.0
427,Linear,Renewal,0.0,1.4558129651381069,0.031109747321124814,0.501788048801187,0.4866078773663137,1.8667690465375022,0.055901154161280275,1.68,1.0
428,Linear,Renewal,0.0,0.28315382907605835,25.496070538401483,10.359934910525835,0.25,1.8667690465374907,0.0,1.68,1.0
429,Linear,Renewal,0.0,1.1261587992905677,4.511403262242993,1.1403596379185124,0.25000104233647746,1.8667690465374975,2.1314578437792166e-08,1.68,1.0
430,Linear,Renewal,0.0,0.226555645038502,25.63809391650389,19.198056677992362,0.25,1.8667690465374907,0.0,1.68,1.0
431,Linear,Renewal,0.0,1.0002660171191136,1.7444747109547052,1.6368936336762065,0.252078261582137,1.8667690465374955,4.2053566633333264e-05,1.68,1.0
432,Linear,Renewal,0.0,0.6130527745955292,12.417479888652906,3.3658887875421604,0.25000000000000033,1.8667690465374909,6.661338147750939e-18,1.68,1.0
433,Linear,Renewal,0.0,0.6767924825491441,6.5425977597072915,2.130047654330541,0.2500000037940705,1.8667690465374907,7.588141115455471e-11,1.68,1.0
434,Linear,Renewal,0.0,1.13966517790948,0.4513634949452694,0.8563672484010042,0.3244564309768595,1.8667690465374953,0.0042479734171567965,1.68,1.0
435,Linear,Renewal,0.0,1.0098539522482433,0.46680369982288994,0.5961137997933869,0.3224757470635906,1.8667690465374993,0.007765280334183467,1.68,1.0
436,Linear,Renewal,0.0,0.2631404009519971,26.11665486332197,11.533518348101198,0.25,1.8667690465374907,0.0,1.68,1.0
437,Linear,Renewal,0.0,1.4650362674701223,8.849497135088313e-08,0.2423779885521599,0.5005544216569113,1.8667690465374984,0.05638215045933008,1.68,1.0
438,Linear,Renewal,0.0,0.4831527324024408,21.762229140584736,9.611257704888216,0.25,1.8667690465374907,0.0,1.68,1.0
439,Linear,Renewal,0.0,0.6837709628475477,3.1945110121420157,0.876236876943386,0.25003734311440456,1.866769046537493,7.483609967262606e-07,1.68,1.0
440,Linear,Renewal,0.0,0.42417912833302696,21.552368892436107,6.498531706566607,0.25,1.8667690465374907,0.0,1.68,1.0
441,Linear,Renewal,0.0,1.133533268219785,1.6048557847111624,1.1370172830201881,0.25305545092350124,1.866769046537497,6.500502145919796e-05,1.68,1.0
442,Linear,Renewal,0.0,0.1858899268903659,25.95706132923874,19.141868964200754,0.25,1.8667690465374907,0.0,1.68,1.0
443,Linear,Renewal,0.0,0.23073128097749226,21.164891655511724,15.079001598484655,0.25,1.8667690465374907,0.0,1.68,1.0
444,Linear,Renewal,0.0,1.1366968477129162,0.0483289984852604,0.462435360779994,0.47393315052717017,1.8667690465374973,0.03069903272977275,1.68,1.0
445,Linear,Renewal,0.0,0.4354305185420819,14.674156154653815,5.748214104479696,0.25,1.8667690465374907,0.0,1.68,1.0
446,Linear,Renewal,0.0,1.204552141542938,8.412820136840196,1.0890044525175075,0.25000000002145306,1.8667690465374942,6.905376270793794e-13,1.68,1.0
447,Linear,Renewal,0.0,0.8774202620538631,10.225429748047759,2.3966511500418393,0.2500000000001512,1.866769046537492,3.2152058793144534e-15,1.68,1.0
448,Linear,Renewal,0.0,1.177227855824709,0.00011256833204242866,0.42903472771731666,0.8536017428237608,1.8667690465375006,0.11430467748084638,1.68,1.0
449,Linear,Renewal,0.0,0.7262878033623988,9.973550523015092,1.3450572627093822,0.2500000000003093,1.866769046537493,6.274980535181384e-15,1.68,1.0
450,Linear,Renewal,0.0,0.6212959232100999,0.29529572131190207,1.2945596186656143,0.35946565259888374,1.8667690465374887,0.007922260795297516,1.68,1.0
451,Linear,Renewal,0.0,0.33295383718644883,14.005531533279878,5.008665463062872,0.25,1.8667690465374907,0.0,1.68,1.0
452,Linear,Renewal,0.0,0.46778457168314713,17.429689604647933,3.811877405132526,0.25,1.8667690465374907,0.0,1.68,1.0
453,Linear,Renewal,0.0,0.4462070898666489,12.771012207606077,2.5149975504453694,0.2500000000000001,1.8667690465374907,2.220446049250313e-18,1.68,1.0
454,Linear,Renewal,0.0,0.41119007176935235,10.209052125344044,5.8334069695206825,0.25000000000015976,1.8667690465374909,3.1952218648712006e-15,1.68,1.0
455,Linear,Renewal,0.0,1.3436546580223379,9.666868140811857e-05,0.39787388946918145,0.5000000000001884,1.8667690465375018,0.06089206453067647,1.68,1.0
456,Linear,Renewal,0.0,0.5715829349371403,10.49161504101761,3.5740258248857644,0.25000000000006994,1.8667690465374918,1.3988810110276972e-15,1.68,1.0
457,Linear,Renewal,0.0,1.088835070021212,0.05700160651690567,0.5590029717885938,0.4801836653818224,1.8667690465375064,0.029167845924879487,1.68,1.0
458,Linear,Renewal,0.0,1.0565755043495721,5.01204509088393,1.6424920175380386,0.2500002490731407,1.8667690465374984,5.005353488352071e-09,1.68,1.0
459,Linear,Renewal,0.0,1.5892283916797882,0.07579560373994809,0.6742230281805636,0.450584223620097,1.8667690465374915,0.022468378124845687,1.68,1.0
460,Linear,Renewal,0.0,0.38851214413639035,10.699408281892374,5.818543214950998,0.25000000000004036,1.8667690465374926,8.071321389024889e-16,1.68,1.0
461,Linear,Renewal,0.0,1.1303340993102977,0.061729617161518036,0.5440808598183557,0.4619373896727398,1.8667690465374929,0.030015564769284964,1.68,1.0
462,Linear,Renewal,0.0,0.4320588822001958,15.59140522325174,2.6752058434413115,0.25,1.8667690465374907,0.0,1.68,1.0
463,Linear,Renewal,0.0,0.29415366873570703,25.473311196654493,9.282340653417602,0.25,1.8667690465374907,0.0,1.68,1.0
464,Linear,Renewal,0.0,1.28531915711221,0.15352315475979594,0.4764768277671608,0.41093612306110827,1.8667690465374926,0.017609297398707726,1.68,1.0
465,Linear,Renewal,0.0,1.2812782585714837,1.2700858608945964,0.543938886467141,0.2577903869891153,1.866769046537496,0.0002216132390679604,1.68,1.0
466,Linear,Renewal,0.0,0.7014800568453515,3.453671609322896,0.788306813397902,0.2500182545030905,1.8667690465374938,3.66349510919628e-07,1.68,1.0
467,Linear,Renewal,0.0,1.1481323013695792,0.17002977577067213,0.4632120823311979,0.4023150178762107,1.866769046537501,0.014213726702229472,1.68,1.0
468,Linear,Renewal,0.0,1.1925881807644232,9.004392927636218e-05,0.32262278547369255,1.0093569181427382,1.8667690465374958,0.23536111430226192,1.82,1.0
469,Linear,Renewal,0.0,1.0504131691057066,0.06930010669287867,0.5646782128037919,0.4619373896727398,1.8667690465374946,0.02734013861413215,1.68,1.0
470,Linear,Renewal,0.0,0.347164439083949,19.57920863891536,11.463170295150826,0.25,1.8667690465374907,0.0,1.68,1.0
471,Linear,Renewal,0.0,1.04122608450597,2.8836069769230903,0.7672536355589163,0.25009011217713806,1.8667690465374926,1.8681658893704437e-06,1.68,1.0
472,Linear,Renewal,0.0,0.25394026445351087,21.44881736044644,12.791961732597636,0.25,1.8667690465374907,0.0,1.68,1.0
473,Linear,Renewal,0.0,0.40602261661881944,12.094743543343725,3.8431481235759724,0.25000000000000083,1.8667690465374913,1.6653345369377347e-17,1.68,1.0
474,Linear,Renewal,0.0,0.35832158447283713,14.071706352270326,7.108690088080577,0.25,1.8667690465374907,0.0,1.68,1.0
475,Linear,Renewal,0.0,0.5104064078785232,12.884320404306436,4.76930963521844,0.2500000000000001,1.8667690465374907,2.220446049250313e-18,1.68,1.0
476,Linear,Renewal,0.0,1.8822644350251665,0.013669151222188702,0.3227739133840702,0.4980612843444866,1.8667690465375033,0.06151192828775515,1.68,1.0
477,Linear,Renewal,0.0,0.2809444492625103,24.17050032259317,12.216116686259584,0.25,1.8667690465374907,0.0,1.68,1.0
478,Linear,Renewal,0.0,0.4414960510830901,11.911876296045307,6.262656724595379,0.2500000000000015,1.866769046537491,2.997602166487923e-17,1.68,1.0
479,Linear,Renewal,0.0,1.6148856051099139,0.08474186581190679,0.3144102837795344,0.450584223620097,1.8667690465374964,0.03829214431604048,1.68,1.0
480,Linear,Renewal,0.0,1.744321099911776,0.9555249307691156,0.6836536105429396,0.2677918523826748,1.8667690465375038,0.0005880783144043456,1.7,1.0
481,Linear,Renewal,0.0,0.7328788383679505,6.1026047794969145,2.848906766207925,0.2500000127392306,1.8667690465374942,2.5478461229688776e-10,1.68,1.0
482,Linear,Renewal,0.0,1.141046087219937,0.12417864670121048,0.6448625745629132,0.4465085982718968,1.86676904653749,0.036402962874746994,1.68,1.0
483,Linear,Renewal,0.0,0.38028696140918256,15.255531956487403,5.9212789264613015,0.25,1.8667690465374907,0.0,1.68,1.0
484,Linear,Renewal,0.0,0.642529171074019,9.956359590365423,2.0552022104862475,0.2500000000003093,1.8667690465374922,6.2538862977135066e-15,1.68,1.0
485,Linear,Renewal,0.0,0.7410216629024752,7.10700286889562,1.4795923995193472,0.25000000081208734,1.8667690465374915,1.624275269840325e-11,1.68,1.0
486,Linear,Renewal,0.0,1.7149044585663789,7.245922085985512e-05,0.214626373159993,0.75,1.8667690465374962,0.1512778749499696,1.68,1.0
487,Linear,Renewal,0.0,2.337641878685114,6.728778316755779e-07,0.26232913613962583,0.75,1.8667690465375002,0.1781618690623005,1.68,1.0
488,Linear,Renewal,0.0,1.319880416619973,3.8962864952933955,0.9245338458205221,0.25000543666048886,1.8667690465374909,1.0873779148989904e-07,1.68,1.0
489,Linear,Renewal,0.0,0.6923364004563872,12.43985617033377,2.9636578221260224,0.25000000000000033,1.8667690465374909,1.1102230246251566e-17,1.68,1.0
490,Linear,Renewal,0.0,0.6834539387018957,0.055494773115242424,0.748781740577034,0.4619374259344744,1.8667690465374942,0.023387366521491034,1.68,1.0
491,Linear,Renewal,0.0,0.4735526899065633,10.769366825546427,3.7320270121271597,0.2500000000000342,1.8667690465374913,7.005507285384738e-16,1.68,1.0
492,Linear,Renewal,0.0,0.638412400997331,9.05784828190906,2.407303920937613,0.2500000000036842,1.8667690465374915,9.159117908552618e-14,1.68,1.0
493,Linear,Renewal,0.0,0.3517019593059716,20.578002225728028,6.826016604031743,0.25,1.8667690465374907,0.0,1.68,1.0
494,Linear,Renewal,0.0,1.2707190394001018,0.15689432789974944,0.5066209713704147,0.41093612306680183,1.866769046537497,0.020695013865842243,1.86,1.0
495,Linear,Renewal,0.0,0.46974786773688226,14.98656963881615,5.46264464871968,0.25,1.8667690465374907,0.0,1.68,1.0
496,Linear,Renewal,0.0,1.7321168988629971,0.00018128669634620564,0.22428781786346733,0.5097430701562905,1.8667690465374946,0.03259032008408245,1.68,1.0
497,Linear,Renewal,0.0,0.8941185523329342,1.6071098119634826,1.5032624738215554,0.2528917747594017,1.8667690465374962,5.788055498855305e-05,1.68,1.0
498,Linear,Renewal,0.0,0.6793898037868732,1.627915498907896,1.9193211012826488,0.2527368667505741,1.8667690465374893,5.4737335011675324e-05,1.68,1.0
499,Linear,Renewal,0.0,0.3053729252402633,19.540201105626522,4.534872482602514,0.25,1.8667690465374907,0.0,1.68,1.0
500,Linear,Renewal,0.0,0.3321661637653022,16.244750515210512,10.35628760946561,0.25,1.8667690465374907,0.0,1.68,1.0
501,Linear,Renewal,0.0,0.6652314696505216,5.036113929710609,2.250223512290846,0.25000023573066854,1.8667690465374946,4.714695786001144e-09,1.68,1.0
502,Linear,Renewal,0.0,0.29322762545742553,18.63664189254075,6.029702271746051,0.25,1.8667690465374907,0.0,1.68,1.0
503,Linear,Renewal,0.0,1.0144214704212704,0.17829669276071058,0.6476695294752812,0.4023150178762107,1.8667690465374862,0.016316273600274794,1.68,1.0
504,Linear,Renewal,0.0,0.9702602483150431,0.011289738078403388,0.3665715048252027,0.4866078773663137,1.8667690465374975,0.028428096109436897,1.68,1.0
505,Linear,Renewal,0.0,0.2586452617453991,21.73197127924675,10.753664957143496,0.25,1.8667690465374907,0.0,1.68,1.0
506,Linear,Renewal,0.0,1.1889559163201373,0.2253846005514788,0.6668454432805891,0.38966191795455807,1.8667690465374942,0.023370345023019837,1.68,1.0
507,Linear,Renewal,0.0,0.6412930295074596,3.0270757510115516,1.560041450307592,0.25005800921771676,1.8667690465374918,1.3839480673205617e-06,1.68,1.0
508,Linear,Renewal,0.0,0.43588232192917553,18.20783927752234,4.578647812927807,0.25,1.8667690465374907,0.0,1.68,1.0
509,Linear,Renewal,0.0,0.48666978895123786,7.842633693809034,1.9922186505102584,0.2500000001059017,1.8667690465374909,2.11803463656679e-12,1.68,1.0
510,Linear,Renewal,0.0,0.592081935389938,1.6081743981930003,2.336921596159475,0.25305545063798185,1.8667690465374909,6.110901570675621e-05,1.68,1.0
511,Linear,Renewal,0.0,0.6281275846509311,2.425343791943419,1.7073001204014817,0.2503196922397819,1.8667690465374918,6.393844831708018e-06,1.68,1.0
512,Linear,Renewal,0.0,0.22969749308697937,28.110163197855115,16.79822156805946,0.25,1.8667690465374907,0.0,1.68,1.0
513,Linear,Renewal,0.0,0.9716881467253955,0.04052725344138253,0.8236017555693701,0.46193738979735816,1.8667690465374986,0.02864787459889094,1.68,1.0
514,Linear,Renewal,0.0,0.26948173209054616,22.47391441597125,11.239075448929686,0.25,1.8667690465374907,0.0,1.68,1.0
515,Linear,Renewal,0.0,0.30197422691447273,15.11435799116191,12.991135686918255,0.25,1.8667690465374907,0.0,1.68,1.0
516,Linear,Renewal,0.0,0.6431710646799622,4.459418736217955,1.3824895489021425,0.25000116366924124,1.8667690465374942,2.3740944697925316e-08,1.68,1.0
517,Linear,Renewal,0.0,0.5699631640487791,7.288790220106364,4.013807677498849,0.2500000004947724,1.8667690465374893,9.89544890472871e-12,1.68,1.0
518,Linear,Renewal,0.0,0.6992486129939687,4.1563801916171315,1.6225712723514258,0.250002657612716,1.8667690465374944,5.3152256410671226e-08,1.68,1.0
519,Linear,Renewal,0.0,1.2689608204394707,0.008106755655489906,0.3797175262981629,0.6978711708483867,1.866769046537505,0.09041300386692894,1.68,1.0
520,Linear,Renewal,0.0,1.2442970639758766,0.014910099493022244,0.43014214449565286,0.4866078773663137,1.866769046537503,0.0278699777229324,1.68,1.0
521,Linear,Renewal,0.0,0.37819789764727085,19.544068178545814,8.641672435138878,0.25,1.8667690465374907,0.0,1.68,1.0
522,Linear,Renewal,0.0,0.46480563755093895,14.342309405934714,3.873560082516289,0.25,1.8667690465374907,0.0,1.68,1.0
523,Linear,Renewal,0.0,0.24476542123484393,21.771019393886604,8.47667351321758,0.25,1.8667690465374907,0.0,1.68,1.0
524,Linear,Renewal,0.0,0.8239631438069244,3.7586102832970028,0.7065922924175123,0.2500079929643747,1.8667690465374935,2.680974670143943e-07,1.68,1.0
525,Linear,Renewal,0.0,0.5206990129401917,12.538877271782553,4.441180952307635,0.2500000000000003,1.8667690465374909,9.992007221626408e-18,1.68,1.0
526,Linear,Renewal,0.0,1.380100827047565,0.9432859880187721,0.5047381640888242,0.26879888000847246,1.8667690465374995,0.0005087914459354482,1.68,1.0
527,Linear,Renewal,0.0,0.27606266193469636,19.724359346304198,10.725047482751723,0.25,1.8667690465374907,0.0,1.68,1.0
528,Linear,Renewal,0.0,1.3908751783993358,0.002043869458077552,0.34407016656614986,0.7105410278934838,1.8667690465374986,0.1508632660146746,1.94,1.0
529,Linear,Renewal,0.0,0.4408453476298952,13.699947195316554,5.622546252911939,0.25,1.8667690465374907,0.0,1.68,1.0
530,Linear,Renewal,0.0,0.33217227878615585,19.879855450327227,14.267716304032456,0.25,1.8667690465374907,0.0,1.68,1.0
531,Linear,Renewal,0.0,0.27583554921028214,19.490923348241267,8.466494879392975,0.25,1.8667690465374907,0.0,1.68,1.0
532,Linear,Renewal,0.0,0.32132763554584337,19.299950028657364,8.909464655139356,0.25,1.8667690465374907,0.0,1.68,1.0
533,Linear,Renewal,0.0,2.475184115061454,1.8872694909077836e-05,0.20721460462987418,0.6523150178762107,1.866769046537499,0.15419796148698164,1.68,1.0
534,Linear,Renewal,0.0,0.6464658657954836,3.457267486716887,1.3797653852169387,0.2500182545030905,1.866769046537491,3.6509546210150574e-07,1.68,1.0
535,Linear,Renewal,0.0,0.24228471659200412,22.549943043387202,18.160433816835162,0.25,1.8667690465374907,0.0,1.68,1.0
536,Linear,Renewal,0.0,0.885819087952395,0.014249815819198375,0.858401120025219,0.4866078773663137,1.8667690465375015,0.028084249670905826,1.68,1.0
537,Linear,Renewal,0.0,0.32796630214241934,24.53179624110578,11.450920869961333,0.25,1.8667690465374907,0.0,1.68,1.0
538,Linear,Renewal,0.0,0.26518969300239625,19.90776705076189,8.527647870417985,0.25,1.8667690465374907,0.0,1.68,1.0
539,Linear,Renewal,0.0,0.34438991234675975,18.522443802158705,7.304779369002386,0.25,1.8667690465374907,0.0,1.68,1.0
540,Linear,Renewal,0.0,0.31586713806737704,20.738138689426393,8.911554674627443,0.25,1.8667690465374907,0.0,1.68,1.0
541,Linear,Renewal,0.0,0.5278554168464734,13.969734994209432,3.3582089644999935,0.25,1.8667690465374907,0.0,1.68,1.0
542,Linear,Renewal,0.0,0.22979514169947235,23.612804355896117,7.819879127130581,0.25,1.8667690465374907,0.0,1.68,1.0
543,Linear,Renewal,0.0,0.9106576129007152,0.8680602497634311,1.2371787907941156,0.27217503956887984,1.8667690465374953,0.0006181008279007339,1.68,1.0
544,Linear,Renewal,0.0,0.4941244043875118,15.82092527340464,3.407852180464066,0.25,1.8667690465374907,0.0,1.68,1.0
545,Linear,Renewal,0.0,0.23878376604375057,22.389773587466948,14.22307216249634,0.25,1.8667690465374907,0.0,1.68,1.0
546,Linear,Renewal,0.0,0.7852308017885596,1.025282490888003,1.989796232749773,0.26427505958776876,1.8667690465374949,0.00028786785442325933,1.68,1.0
547,Linear,Renewal,0.0,1.5770736829271461,0.0001996753155992792,0.562488146473569,0.5000268387360052,1.866769046537499,0.056452510973155685,1.92,1.0
548,Linear,Renewal,0.0,1.1870986470677234,0.016189564860951577,0.4612798474623113,0.4866078773663137,1.8667690465374953,0.03020375215324375,1.68,1.0
549,Linear,Renewal,0.0,0.42182062513787333,18.487266744048156,4.872666585004623,0.25,1.8667690465374907,0.0,1.68,1.0
550,Linear,Renewal,0.0,0.5907534722073468,4.540365824599476,1.3871453635346858,0.2500009336547652,1.8667690465374909,1.8673095304455602e-08,1.68,1.0
551,Linear,Renewal,0.0,0.6837857054997442,7.04423724879473,1.979295049065333,0.25000000095793307,1.8667690465374924,1.9158683528530675e-11,1.68,1.0
552,Linear,Renewal,0.0,0.4856357482332842,11.550991017154246,3.4965310309270996,0.250000000000004,1.866769046537492,1.554312234475219e-16,1.68,1.0
553,Linear,Renewal,0.0,1.4897561166285391,6.12197950999871e-05,0.29256166963252067,0.6022693399276491,1.8667690465375013,0.11498481646774883,1.68,1.0
554,Linear,Renewal,0.0,0.29885564636358647,23.222450494602768,14.294074042077222,0.25,1.8667690465374907,0.0,1.68,1.0
555,Linear,Renewal,0.0,0.2123351219341143,25.6466804377755,15.23891328514971,0.25,1.8667690465374907,0.0,1.68,1.0
556,Linear,Renewal,0.0,2.7914587126251513,2.2878059553477215e-06,0.2452034615157366,0.5051096034662335,1.866769046537509,0.17077179795279454,1.68,1.0
557,Linear,Renewal,0.0,0.41341025045049956,14.468189086042912,9.644720059791725,0.25,1.8667690465374907,0.0,1.68,1.0
558,Linear,Renewal,0.0,0.1429903745162882,32.469714475677904,19.282153169063296,0.25,1.8667690465374907,0.0,1.68,1.0
559,Linear,Renewal,0.0,0.310817270580824,18.461327182617865,11.878762560383928,0.25,1.8667690465374907,0.0,1.68,1.0
560,Linear,Renewal,0.0,0.3456691331146438,18.176368206468965,13.679144199091057,0.25,1.8667690465374907,0.0,1.68,1.0
561,Linear,Renewal,0.0,1.1968036438503877,0.008131752865267572,0.27102905069571265,0.5,1.8667690465375057,0.07329309390373251,1.68,1.0
562,Linear,Renewal,0.0,1.0329619494755438,6.939856227896826,1.359386104782834,0.2500000012615057,1.8667690465374922,3.7664328322861705e-11,1.68,1.0
563,Linear,Renewal,0.0,0.24229426601839185,24.10745482732142,11.448148010272112,0.25,1.8667690465374907,0.0,1.68,1.0
564,Linear,Renewal,0.0,1.0831387424427146,0.012824969498154815,0.22408100400172282,0.4866733050828422,1.8667690465374944,0.03342097878434753,1.68,1.0
565,Linear,Renewal,0.0,0.9530759284184331,0.5578065332855431,0.7256836223023734,0.3035102956873088,1.866769046537501,0.002398536849100009,1.68,1.0
566,Linear,Renewal,0.0,0.6458762785589642,5.52396242347038,2.0976431003961364,0.2500000628863903,1.8667690465374944,1.2577385355427852e-09,1.68,1.0
567,Linear,Renewal,0.0,1.4229223177788128,0.07219179901949246,0.5854676256761447,0.450584223620097,1.8667690465375029,0.021579550818252403,1.68,1.0
568,Linear,Renewal,0.0,0.9962767762444373,1.3426383555417942,1.543952326469585,0.2562505148546522,1.8667690465374964,0.00012509753780323373,1.68,1.0
569,Linear,Renewal,0.0,1.1404240534037893,0.15715806596404036,0.5642985889667658,0.4109361235198618,1.8667690465374944,0.01564240176378994,1.68,1.0
570,Linear,Renewal,0.0,0.8183056096765878,0.5476900900629289,1.9719273972258045,0.3065390048325238,1.866769046537495,0.002622049288018569,1.68,1.0
571,Linear,Renewal,0.0,1.1088394473201366,0.027805360995103,0.45348991613152595,0.47393315052717017,1.8667690465374962,0.040532889240241336,1.68,1.0
572,Linear,Renewal,0.0,0.2963139805896592,25.7496012628377,18.098889432704922,0.25,1.8667690465374907,0.0,1.68,1.0
573,Linear,Renewal,0.0,0.4473063945780079,11.656116973432972,5.018743005538537,0.2500000000000029,1.8667690465374918,5.773159728050814e-17,1.68,1.0
574,Linear,Renewal,0.0,2.0193902191572954,0.008075021614274647,0.20930890047825104,0.5,1.8667690465374909,0.16507382503315382,1.68,1.0
575,Linear,Renewal,0.0,0.3830208163519776,20.28192006727926,4.8298088522002525,0.25,1.8667690465374907,0.0,1.68,1.0
576,Linear,Renewal,0.0,1.6190270155297621,0.027201049726414794,0.455454879586671,0.4866082413780656,1.866769046537504,0.05755826093213083,1.68,1.0
577,Linear,Renewal,0.0,0.24684230391148126,29.073362052225548,15.660386252108546,0.25,1.8667690465374907,0.0,1.68,1.0
578,Linear,Renewal,0.0,0.33620997407033715,20.870666995677084,10.72963867390601,0.25,1.8667690465374907,0.0,1.68,1.0
579,Linear,Renewal,0.0,1.3015737805565741,0.2497191447947671,0.28662930584571006,0.3791249891865631,1.8667690465374929,0.011407974792117564,1.68,1.0
580,Linear,Renewal,0.0,1.0299156012741097,0.5103662237482922,0.6788382584097155,0.3102935620670492,1.866769046537501,0.0029455326812853,1.76,1.0
581,Linear,Renewal,0.0,0.38272195359913314,20.838627941116556,7.999818994527948,0.25,1.8667690465374907,0.0,1.68,1.0
582,Linear,Renewal,0.0,0.37815964515600714,10.623021945302128,6.313064748072782,0.2500000000000503,1.8667690465374918,1.0058620603103919e-15,1.68,1.0
583,Linear,Renewal,0.0,0.5034605518350312,12.363377476185377,4.452867232180013,0.25000000000000044,1.8667690465374907,8.881784197001253e-18,1.68,1.0
584,Linear,Renewal,0.0,1.5687908341337093,0.08314375143254438,0.25622303582903816,0.450584223620097,1.8667690465374966,0.04587300176097956,1.78,1.0
585,Linear,Renewal,0.0,0.25784959752109227,21.33033895848274,17.041239497198067,0.25,1.8667690465374907,0.0,1.68,1.0
586,Linear,Renewal,0.0,0.5524837587471694,7.266900585887342,2.1396656793140605,0.2500000004947724,1.8667690465374909,9.89544890472871e-12,1.68,1.0
587,Linear,Renewal,0.0,0.24225512663433904,21.022146015462,11.915035883144094,0.25,1.8667690465374907,0.0,1.68,1.0
588,Linear,Renewal,0.0,1.1510066636255714,0.009453407444880213,0.7326543004013731,0.4866078773663137,1.8667690465374966,0.027867450210665747,1.68,1.0
589,Linear,Renewal,0.0,0.3417892968364841,17.886649886251064,9.546381325907356,0.25,1.8667690465374907,0.0,1.68,1.0
590,Linear,Renewal,0.0,0.6816701831705194,3.675776168924699,2.2952667653072667,0.2500105259650419,1.8667690465374942,2.1051930083837435e-07,1.68,1.0
591,Linear,Renewal,0.0,1.1622775410396133,0.06652580533818764,0.510739055600978,0.4619373896727398,1.866769046537499,0.02566397105594757,1.68,1.0
592,Linear,Renewal,0.0,1.229880162156163,0.152400926664086,0.5475232565611624,0.4236493772383737,1.8667690465374944,0.026579137204093908,1.68,1.0
593,Linear,Renewal,0.0,0.5415968672953143,16.093319977925262,7.76302002190967,0.25,1.8667690465374907,0.0,1.68,1.0
594,Linear,Renewal,0.0,0.6893484764383518,6.066732865752556,0.9654739657144265,0.25000001346027734,1.8667690465374942,2.796610831801161e-10,1.68,1.0
595,Linear,Renewal,0.0,0.24150964835108385,24.751633639082797,16.64015648939141,0.25,1.8667690465374907,0.0,1.68,1.0
596,Linear,Renewal,0.0,0.40226652738962665,17.921027170378466,3.220501719695037,0.25,1.8667690465374907,0.0,1.68,1.0
597,Linear,Renewal,0.0,0.5043003075107938,12.859099076295792,3.314941661539408,0.2500000000000001,1.8667690465374907,2.220446049250313e-18,1.68,1.0
598,Linear,Renewal,0.0,0.5046610929701655,14.12968324718858,5.442796331845232,0.25,1.8667690465374907,0.0,1.68,1.0
599,Linear,Renewal,0.0,0.4912912001685206,14.166289093259365,2.669994512557866,0.25,1.8667690465374907,0.0,1.68,1.0
0,Michaelis-Menten,Renewal,0.0,0.4373964180256682,9.743312116974607,4.366553919144421,0.2500000000001002,1.9639091742525767,2.0039525594484076e-15,1.6600000000000001,1.0
1,Michaelis-Menten,Renewal,0.0,0.3143233379721969,21.35352528053511,10.344664176519332,0.25,1.9639091742525672,0.0,1.6600000000000001,1.0
2,Michaelis-Menten,Renewal,0.0,0.6915036063543752,1.4713770103440993,1.359438875463458,0.2540704257468787,1.9642715871706025,8.140852623175765e-05,1.6600000000000001,1.0
3,Michaelis-Menten,Renewal,0.0,0.6714699769924649,4.124398465436457,0.8751977071777346,0.250001564999701,1.9639093136388803,3.130745893087372e-08,1.6600000000000001,1.0
4,Michaelis-Menten,Renewal,0.0,0.3636245662593633,18.157247552927174,7.360424764993094,0.25,1.9639091742525672,0.0,1.6600000000000001,1.0
5,Michaelis-Menten,Renewal,0.0,0.6229155264771568,6.284596519882371,1.8686017646896391,0.25000000278933243,1.963909174543049,6.524419560172134e-11,1.6600000000000001,1.0
6,Michaelis-Menten,Renewal,0.0,1.4216624813538699,2.5947952053684276e-07,0.32661556373018363,0.75,2.0907714546550573,0.21887964165838827,1.68,1.0
7,Michaelis-Menten,Renewal,0.0,0.6916050233991563,3.831853609290846,2.0292749832576122,0.25000403255909787,1.9639095333257919,8.065118201616705e-08,1.6600000000000001,1.0
8,Michaelis-Menten,Renewal,0.0,1.1572233329314086,0.00019457159757507725,0.39929115969682927,0.5,1.9940083767721297,0.044988440778881304,1.6600000000000001,1.0
9,Michaelis-Menten,Renewal,0.0,0.18958621019459532,27.162794514187908,17.261344808919283,0.25,1.9639091742525672,0.0,1.6600000000000001,1.0
10,Michaelis-Menten,Renewal,0.0,0.9821817451558106,0.9547190339587814,1.1324826494060252,0.2697736221625387,1.9656691392270738,0.0005468434114185672,1.6600000000000001,1.0
11,Michaelis-Menten,Renewal,0.0,0.3269600145735561,22.341768834040124,7.921016694873923,0.25,1.9639091742525672,0.0,1.6600000000000001,1.0
12,Michaelis-Menten,Renewal,0.0,0.3205595541531972,27.65797521801261,17.288908023615175,0.25,1.9639091742525672,0.0,1.6600000000000001,1.0
13,Michaelis-Menten,Renewal,0.0,0.7746004802442048,6.686115711776381,1.3430129621814335,0.2500000008544089,1.9639091743294004,1.7257518747371134e-11,1.6600000000000001,1.0
14,Michaelis-Menten,Renewal,0.0,0.5243240435588337,8.358467850156103,3.0214866375982434,0.2500000000059369,1.9639091742531476,1.2987944053577393e-13,1.6600000000000001,1.0
15,Michaelis-Menten,Renewal,0.0,0.28937772686317853,18.60933603622368,13.955061709704747,0.25,1.9639091742525672,0.0,1.6600000000000001,1.0
16,Michaelis-Menten,Renewal,0.0,0.5148823622063518,16.722473474717845,4.491744180169275,0.25,1.9639091742525672,0.0,1.6600000000000001,1.0
17,Michaelis-Menten,Renewal,0.0,0.36385674803096313,12.256146656199462,10.531960144246261,0.25000000000000006,1.9639091742525672,1.1102230246251566e-18,1.6600000000000001,1.0
18,Michaelis-Menten,Renewal,0.0,0.7420817573652198,3.916115134129541,2.31381781667664,0.25000300000919345,1.963909708778803,1.2005955510430158e-07,1.6600000000000001,1.0
19,Michaelis-Menten,Renewal,0.0,0.2645746179064715,23.40962864821914,11.609324083903266,0.25,1.9639091742525672,0.0,1.6600000000000001,1.0
20,Michaelis-Menten,Renewal,0.0,0.15390959889059283,27.47851470760193,19.11782168434138,0.25,1.9639091742525672,0.0,1.6600000000000001,1.0
21,Michaelis-Menten,Renewal,0.0,0.5301252625983632,13.431220331554073,2.9859273783124842,0.25,1.9639091742525672,0.0,1.6600000000000001,1.0
22,Michaelis-Menten,Renewal,0.0,0.34853570766973985,22.0723781044631,6.892911899362079,0.25,1.9639091742525672,0.0,1.6600000000000001,1.0
23,Michaelis-Menten,Renewal,0.0,0.7328901763053324,2.610877076414681,0.9731404322398319,0.2501402883316366,1.9639216659837704,2.8057672596570877e-06,1.6600000000000001,1.0
24,Michaelis-Menten,Renewal,0.0,1.111831209876153,1.745680279393298,0.717430325327797,0.25178241747671865,1.9641611452654668,5.659689379263199e-05,1.6600000000000001,1.0
25,Michaelis-Menten,Renewal,0.0,1.4474744445600374,4.9171417401794315e-05,0.2413028237922718,0.7599189719773737,2.0801656293538087,0.20857150947113687,1.6600000000000001,1.0
26,Michaelis-Menten,Renewal,0.0,1.7114077161489298,0.00017652001668011508,0.22516652920780514,0.75,2.1600787870688922,0.3570499267426626,1.6600000000000001,1.0
27,Michaelis-Menten,Renewal,0.0,0.3907568417623869,19.540540975239367,7.828994550734572,0.25,1.9639091742525672,0.0,1.6600000000000001,1.0
28,Michaelis-Menten,Renewal,0.0,1.0568518097063735,0.05981910111790967,0.7146645807291628,0.4668028944039134,1.9907682531373734,0.03735595659194041,1.6600000000000001,1.0
29,Michaelis-Menten,Renewal,0.0,1.025254663434651,1.3769919388662402,1.5912935719312258,0.25546332446068637,1.9644008505277166,0.00011044804959547517,1.6600000000000001,1.0
30,Michaelis-Menten,Renewal,0.0,0.5115195325562735,11.340391361026931,1.677763858891833,0.2500000000000009,1.9639091742525674,1.7763568394002505e-17,1.6600000000000001,1.0
31,Michaelis-Menten,Renewal,0.0,1.2448585783954231,0.2544672218311348,0.540940603483261,0.3883015105915765,1.987934867461899,0.027493704966635644,1.6600000000000001,1.0
32,Michaelis-Menten,Renewal,0.0,2.1809187219317243,0.0026970110616275633,0.21858610182923116,0.5,2.042050413237139,0.10677308077320452,1.6600000000000001,1.0
33,Michaelis-Menten,Renewal,0.0,0.5064907466679964,8.656283432178427,4.459335914195467,0.2500000000024445,1.963909174252856,6.477818281780401e-14,1.6600000000000001,1.0
34,Michaelis-Menten,Renewal,0.0,1.3196067917466212,0.00020098583104299905,0.25212827584445435,0.5000018689139142,2.020876448295173,0.09203982084085378,1.6600000000000001,1.0
35,Michaelis-Menten,Renewal,0.0,0.3932050467642266,16.54256356502981,5.2965387115060185,0.25,1.9639091742525672,0.0,1.6600000000000001,1.0
36,Michaelis-Menten,Renewal,0.0,0.33903641191264744,15.685968555639647,7.612017515028402,0.25,1.9639091742525672,0.0,1.6600000000000001,1.0
37,Michaelis-Menten,Renewal,0.0,0.7624190445518394,3.8411447866566277,2.5892453531902464,0.2500038009234346,1.96390953497276,8.102110554020215e-08,1.6600000000000001,1.0
38,Michaelis-Menten,Renewal,0.0,1.320413075107197,1.1546943733307558,0.6832693890005769,0.260618531230431,1.966000051923712,0.000469718992765803,1.6600000000000001,1.0
39,Michaelis-Menten,Renewal,0.0,1.4647271796032857,5.663305512371153e-05,0.35202339236156566,0.5000000000078773,1.990452461595411,0.04140366903940366,1.6600000000000001,1.0
40,Michaelis-Menten,Renewal,0.0,1.57144793142729,0.3716699653050455,0.27292938049689,0.3456261207134103,1.9805998158789735,0.013962370751147531,1.8,1.0
41,Michaelis-Menten,Renewal,0.0,1.5806319631837207,0.007896140063280654,0.30839739051659704,0.8664689414400085,2.115193537827957,0.26950206948711003,1.94,1.0
42,Michaelis-Menten,Renewal,0.0,0.3273441301171751,20.565973112475888,7.111159422987747,0.25,1.9639091742525672,0.0,1.6600000000000001,1.0
43,Michaelis-Menten,Renewal,0.0,0.38498006430496784,14.26529269082721,2.4519902362323664,0.25,1.9639091742525672,0.0,1.6600000000000001,1.0
44,Michaelis-Menten,Renewal,0.0,0.31569084957769655,23.045581031921984,9.349360033684817,0.25,1.9639091742525672,0.0,1.6600000000000001,1.0
45,Michaelis-Menten,Renewal,0.0,2.204732333376619,0.0001292431211084022,0.248435256428552,0.8376124237091384,2.117219628704733,0.2645061270158067,1.6600000000000001,1.0
46,Michaelis-Menten,Renewal,0.0,1.6254591959894251,2.3573093358209007e-05,0.29070870343794547,0.5,2.061317892898375,0.14670624447525107,1.98,1.0
47,Michaelis-Menten,Renewal,0.0,0.3446306241813222,20.942682545863818,9.242484196163316,0.25,1.9639091742525672,0.0,1.6600000000000001,1.0
48,Michaelis-Menten,Renewal,0.0,0.5417739178649438,3.3445512186993938,2.390732266828562,0.2500166792432827,1.9639106594305484,3.335848656538243e-07,1.6600000000000001,1.0
49,Michaelis-Menten,Renewal,0.0,0.862591365025895,3.7911590847339767,1.117647096962507,0.25000427831102473,1.963909568283602,8.850303066965104e-08,1.6600000000000001,1.0
50,Michaelis-Menten,Renewal,0.0,0.3175312388826557,19.38859738566555,10.607722799831883,0.25,1.9639091742525672,0.0,1.6600000000000001,1.0
51,Michaelis-Menten,Renewal,0.0,0.8710538004552403,0.2916100439061893,0.9877572084172499,0.3717593852314713,1.9803555163095694,0.014009348842722903,1.6600000000000001,1.0
52,Michaelis-Menten,Renewal,0.0,0.235136338777705,24.29918550579157,14.73279628457698,0.25,1.9639091742525672,0.0,1.6600000000000001,1.0
53,Michaelis-Menten,Renewal,0.0,1.3481186381037453,0.05604399085291334,0.37246366786169566,0.4668028944039134,1.9958000349372644,0.03939432865886901,1.6600000000000001,1.0
54,Michaelis-Menten,Renewal,0.0,0.7006109426206124,8.289002794442581,2.483528804485915,0.2500000000075219,1.9639091742532437,1.5168644118546126e-13,1.6600000000000001,1.0
55,Michaelis-Menten,Renewal,0.0,0.7161373713770112,6.208965941174483,1.103298462731256,0.2500000035340052,1.9639091745672608,7.068203911053673e-11,1.6600000000000001,1.0
56,Michaelis-Menten,Renewal,0.0,1.3374949723447753,0.39115496220449586,0.48282336096403905,0.3406124556757718,1.9753370516900897,0.008216302352231928,1.6600000000000001,1.0
57,Michaelis-Menten,Renewal,0.0,1.0682665299456957,1.672643846845972,0.6420059351262628,0.2523943422446007,1.9642213048230142,7.011046380613562e-05,1.6600000000000001,1.0
58,Michaelis-Menten,Renewal,0.0,0.6383693534642121,8.142030785277086,1.8446084250880919,0.25000000001138073,1.9639091742538557,2.8955615682946247e-13,1.6600000000000001,1.0
59,Michaelis-Menten,Renewal,0.0,0.9062153526846602,0.13597884775526836,0.6240729683627626,0.42822737758298984,1.979802513329371,0.022246239591006706,1.6600000000000001,1.0
60,Michaelis-Menten,Renewal,0.0,0.3177970231224824,23.02169081657712,9.839610495551531,0.25,1.9639091742525672,0.0,1.6600000000000001,1.0
61,Michaelis-Menten,Renewal,0.0,0.49540964669437304,9.935548041783932,3.0862595414852536,0.25000000000005546,1.9639091742525734,1.1091128016005314e-15,1.6600000000000001,1.0
62,Michaelis-Menten,Renewal,0.0,1.7141318358547046,4.004611895425114e-06,0.30552179160413434,1.092932659323522,2.1779593693365684,0.38219906744761356,1.6600000000000001,1.0
63,Michaelis-Menten,Renewal,0.0,0.3386259114373363,24.239804546424125,10.145686381100177,0.25,1.9639091742525672,0.0,1.6600000000000001,1.0
64,Michaelis-Menten,Renewal,0.0,0.23445972695870448,25.345792580638715,15.89552725943058,0.25,1.9639091742525672,0.0,1.6600000000000001,1.0
65,Michaelis-Menten,Renewal,0.0,0.4233541919961189,16.661641075433863,4.343842124937703,0.25,1.9639091742525672,0.0,1.6600000000000001,1.0
66,Michaelis-Menten,Renewal,0.0,0.336235870817395,18.081231738291592,14.648005991309786,0.25,1.9639091742525672,0.0,1.6600000000000001,1.0
67,Michaelis-Menten,Renewal,0.0,1.2596426949996382,0.3426030759951004,0.6387884125198385,0.41060811316463397,1.9877927599809229,0.027792866734838925,1.6600000000000001,1.0
68,Michaelis-Menten,Renewal,0.0,0.4115524905538558,9.314385910061617,3.4424951544009437,0.250000000000347,1.9639091742525985,6.940004126931853e-15,1.6600000000000001,1.0
69,Michaelis-Menten,Renewal,0.0,0.7011854145733064,3.968501314499349,1.6231859464753795,0.25000266525819576,1.96390960495484,9.673972835577693e-08,1.6600000000000001,1.0
70,Michaelis-Menten,Renewal,0.0,0.7690082543754795,11.650707208074095,1.558916306416324,0.25000000000000033,1.9639091742525678,1.2212453270876722e-17,1.6600000000000001,1.0
71,Michaelis-Menten,Renewal,0.0,0.26681379961244034,24.606236784591346,19.762647678317368,0.25,1.9639091742525672,0.0,1.6600000000000001,1.0
72,Michaelis-Menten,Renewal,0.0,0.3193164878080382,20.549369870310443,11.559032413587136,0.25,1.9639091742525672,0.0,1.6600000000000001,1.0
73,Michaelis-Menten,Renewal,0.0,0.4120133645000614,18.299811293801895,6.965840538128453,0.25,1.9639091742525672,0.0,1.6600000000000001,1.0
74,Michaelis-Menten,Renewal,0.0,0.932260967000882,0.05537680872953388,0.8511402300727664,0.4937899002430486,1.9872072057332142,0.03840546644115849,1.6600000000000001,1.0
75,Michaelis-Menten,Renewal,0.0,1.1258589767918628,1.8049117670670967e-05,0.6539296501199328,0.5441133904903364,1.9996957505573463,0.055931019988626554,1.6600000000000001,1.0
76,Michaelis-Menten,Renewal,0.0,0.6198688740983384,6.655245537888732,1.9269964337875483,0.25000000096172126,1.9639091743382053,1.9234440706839e-11,1.6600000000000001,1.0
77,Michaelis-Menten,Renewal,0.0,1.3008566610609777,2.9345028219472624,1.0793054238388113,0.25005776751253195,1.9639143180797882,1.1553527455387957e-06,1.6600000000000001,1.0
78,Michaelis-Menten,Renewal,0.0,1.6478002527150228,1.5790230222023638e-05,0.28273842285025447,0.581298712844569,2.0990702149790494,0.22377543341133488,1.68,1.0
79,Michaelis-Menten,Renewal,0.0,1.904170796368869,0.004138653873269504,0.26128868251360504,0.5108445147680813,2.036954898924102,0.10809950145381343,1.6600000000000001,1.0
80,Michaelis-Menten,Renewal,0.0,1.7324804515045156,0.0002997400276854023,0.286446239124162,0.9173367930922411,2.146746808591713,0.33173599145007265,1.98,1.0
81,Michaelis-Menten,Renewal,0.0,0.9634123877296611,1.4853381333212496,0.9198778869543464,0.2538555539031552,1.9643353265231638,9.572461328021031e-05,1.6600000000000001,1.0
82,Michaelis-Menten,Renewal,0.0,0.37646717607798835,20.33073496467125,7.073375599228068,0.25,1.9639091742525672,0.0,1.6600000000000001,1.0
83,Michaelis-Menten,Renewal,0.0,2.161020038976037,0.0001525494982388409,0.2277021513825012,1.207646040280097,2.2172902136392385,0.44617957846329187,1.6600000000000001,1.0
84,Michaelis-Menten,Renewal,0.0,0.7184740273025362,7.9535607469940715,1.657358399434756,0.25000000001938183,1.9639091742543562,4.017519650290069e-13,1.6600000000000001,1.0
85,Michaelis-Menten,Renewal,0.0,0.8389479307507938,3.4271759189186923,1.3455897316106507,0.2500131647027513,1.9639103464836956,2.632940550273411e-07,1.6600000000000001,1.0
86,Michaelis-Menten,Renewal,0.0,0.7112608983916338,2.58699765589364,1.7192925541128818,0.25015790536591054,1.9639232346534796,3.158107319632952e-06,1.6600000000000001,1.0
87,Michaelis-Menten,Renewal,0.0,1.3098078402815934,4.078742676938418e-08,0.36648268880746626,0.5,2.0211628676412565,0.09483010188494653,1.98,1.0
88,Michaelis-Menten,Renewal,0.0,0.2708014951378386,24.168545241908987,7.758454281117647,0.25,1.9639091742525672,0.0,1.6600000000000001,1.0
89,Michaelis-Menten,Renewal,0.0,1.0130612727785322,0.7198631345486319,1.0674226174811912,0.2872109373077255,1.967278086367596,0.0014875414970183143,1.6600000000000001,1.0
90,Michaelis-Menten,Renewal,0.0,0.9643980354690038,1.923049441951548,3.0008944704488396,0.2511111809328827,1.964008115309568,2.2223618660686117e-05,1.6600000000000001,1.0
91,Michaelis-Menten,Renewal,0.0,0.5193158198257726,14.521962639644471,2.798306478440977,0.25,1.9639091742525672,0.0,1.6600000000000001,1.0
92,Michaelis-Menten,Renewal,0.0,1.2049768053718892,0.020177355182227075,0.454718066070648,0.48851068246305784,1.99451795555557,0.043747266583086045,1.6600000000000001,1.0
93,Michaelis-Menten,Renewal,0.0,0.42095475715313946,14.021898106193476,4.414884307592208,0.25,1.9639091742525672,0.0,1.6600000000000001,1.0
94,Michaelis-Menten,Renewal,0.0,0.6638581672016338,5.535382932893526,2.7851579461082823,0.2500000248939686,1.9639091764692151,4.978793721743813e-10,1.6600000000000001,1.0
95,Michaelis-Menten,Renewal,0.0,1.4953704959531442,0.033281183305916784,0.694986940434213,0.4774477420511609,1.994587510527013,0.04464528173456334,1.6600000000000001,1.0
96,Michaelis-Menten,Renewal,0.0,0.30540970718773375,19.15562110607209,9.96041063201012,0.25,1.9639091742525672,0.0,1.6600000000000001,1.0
97,Michaelis-Menten,Renewal,0.0,1.4866871066304057,0.00035555592627645183,0.31099919741977666,0.6428616814718844,2.043721791104813,0.1485408245371176,1.6600000000000001,1.0
98,Michaelis-Menten,Renewal,0.0,0.4857823030781644,14.278562898986138,3.687656621066483,0.25,1.9639091742525672,0.0,1.6600000000000001,1.0
99,Michaelis-Menten,Renewal,0.0,0.6777640810682598,5.823833445743219,1.6494259565683564,0.25000001087451706,1.9639091752212832,2.1758219448386742e-10,1.6600000000000001,1.0
100,Michaelis-Menten,Renewal,0.0,1.1291171703769989,0.6842717087771888,0.7430649730426794,0.2916864681552488,1.9676872638833964,0.0018297542950498425,1.6600000000000001,1.0
101,Michaelis-Menten,Renewal,0.0,1.0225082046403873,0.32442613023482636,0.5248987262397049,0.36221097243916467,1.9775475868850794,0.011700488825569412,1.6600000000000001,1.0
102,Michaelis-Menten,Renewal,0.0,0.3457134389569996,12.114917361794255,6.78486084702495,0.2500000000000001,1.9639091742525672,2.220446049250313e-18,1.6600000000000001,1.0
103,Michaelis-Menten,Renewal,0.0,1.5124181000646233,0.01209335457760119,0.5830015415681628,0.7196558617445953,2.0297287399912634,0.11924742017051063,1.6600000000000001,1.0
104,Michaelis-Menten,Renewal,0.0,1.0212221962600598,3.03363363551739,1.8160011118068697,0.2500405081299742,1.9639130064847574,8.607555994599725e-07,1.6600000000000001,1.0
105,Michaelis-Menten,Renewal,0.0,0.26420096455230024,21.23084128368754,10.750693973768712,0.25,1.9639091742525672,0.0,1.6600000000000001,1.0
106,Michaelis-Menten,Renewal,0.0,0.46683917852062684,10.683248039935336,2.155128994806764,0.2500000000000062,1.9639091742525685,1.2434497875801754e-16,1.6600000000000001,1.0
107,Michaelis-Menten,Renewal,0.0,1.0473596804303629,5.214285402908104,0.9242525564903545,0.25000006414484177,1.9639091799664399,1.2833883178409168e-09,1.6600000000000001,1.0
108,Michaelis-Menten,Renewal,0.0,1.1074268227001505,0.06930781916446449,0.4523145515289251,0.4715410720005476,1.9919143685595124,0.0386817018526253,1.6600000000000001,1.0
109,Michaelis-Menten,Renewal,0.0,0.5597978016102327,8.693437560617326,1.6076383015089826,0.2500000000021717,1.9639091742527621,4.343414516938538e-14,1.6600000000000001,1.0
110,Michaelis-Menten,Renewal,0.0,1.0083663766259219,1.7089019918471422,0.9775617525339645,0.25212777424819377,1.9641002137039052,4.2911209988742984e-05,1.6600000000000001,1.0
111,Michaelis-Menten,Renewal,0.0,1.6864090486460934,0.5448566724389252,0.5502828838067215,0.3084058165139667,1.9735275754681545,0.005628890753887908,1.6600000000000001,1.0
112,Michaelis-Menten,Renewal,0.0,0.9002049586532556,0.7747377794352133,0.7463102723574706,0.2831995959173347,1.9668710832189462,0.0012419501198113138,1.6600000000000001,1.0
113,Michaelis-Menten,Renewal,0.0,0.4990884234030541,9.658338690326104,2.7428942790627575,0.25000000000012695,1.9639091742525803,2.539080057317733e-15,1.6600000000000001,1.0
114,Michaelis-Menten,Renewal,0.0,0.7101117531395151,8.363943789920995,2.346120649624798,0.2500000000059369,1.9639091742530963,1.187383524836605e-13,1.6600000000000001,1.0
115,Michaelis-Menten,Renewal,0.0,0.44116540548232097,11.309366997007913,4.387634233355723,0.250000000000001,1.9639091742525674,1.9984014443252817e-17,1.6600000000000001,1.0
116,Michaelis-Menten,Renewal,0.0,1.0772728996587495,2.1314704269242384,0.8016869587625269,0.2506153127441966,1.9639641746991277,1.2353775875502128e-05,1.6600000000000001,1.0
117,Michaelis-Menten,Renewal,0.0,1.3183036125441778,0.13560570180243303,0.6759708610238092,0.42822737772212066,1.9880626835854394,0.029174363954450028,1.6600000000000001,1.0
118,Michaelis-Menten,Renewal,0.0,2.3637329834449825,0.00014121334038463829,0.20290285856552837,0.9001348174009022,2.1617824410149566,0.3553639851949334,1.6600000000000001,1.0
119,Michaelis-Menten,Renewal,0.0,0.5624128883021781,9.482932740153956,3.340707365937189,0.2500000000002038,1.9639091742525856,4.07562872339895e-15,1.6600000000000001,1.0
120,Michaelis-Menten,Renewal,0.0,0.622763653912753,3.9536090427505144,2.7281432754320973,0.2500028276844191,1.9639094261690933,5.658279069398198e-08,1.6600000000000001,1.0
121,Michaelis-Menten,Renewal,0.0,0.277380905659539,21.844771343712566,10.467940529823101,0.25,1.9639091742525672,0.0,1.6600000000000001,1.0
122,Michaelis-Menten,Renewal,0.0,0.2469098990091007,22.108140814156513,16.522853666238426,0.25,1.9639091742525672,0.0,1.6600000000000001,1.0
123,Michaelis-Menten,Renewal,0.0,0.8793638137823843,0.20463999565998847,0.598347940751498,0.40323545119931403,1.977566125443743,0.01714673033681652,1.6600000000000001,1.0
124,Michaelis-Menten,Renewal,0.0,1.0768208800463253,2.8085864571241927,0.6341178185763875,0.2500823801707053,1.9639178132884245,1.9404105909504033e-06,1.6600000000000001,1.0
125,Michaelis-Menten,Renewal,0.0,2.240830200823083,0.03205208689973915,0.2930279961135916,0.4774482160172728,2.024428271536062,0.08436523166507874,1.6600000000000001,1.0
126,Michaelis-Menten,Renewal,0.0,1.2430927172736832,0.14714719390008213,0.7896811436538504,0.4195377994658911,2.0000007819324175,0.04185663162860933,1.6600000000000001,1.0
127,Michaelis-Menten,Renewal,0.0,0.43385293610107434,7.973878136968693,3.5037984904946957,0.25000000001826855,1.9639091742541943,3.653721769580898e-13,1.6600000000000001,1.0
128,Michaelis-Menten,Renewal,0.0,0.27455803576529686,25.916561057146964,8.033996616742899,0.25,1.9639091742525672,0.0,1.6600000000000001,1.0
129,Michaelis-Menten,Renewal,0.0,1.3866802475935622,1.1368683772161603e-13,0.2087884235801449,0.500000706858811,2.051657030808595,0.1552760776179348,1.6600000000000001,1.0
130,Michaelis-Menten,Renewal,0.0,0.42223148837467733,16.501584629302442,4.34709271085914,0.25,1.9639091742525672,0.0,1.6600000000000001,1.0
131,Michaelis-Menten,Renewal,0.0,0.32308529503408795,15.15496459048579,6.021117894700023,0.25,1.9639091742525672,0.0,1.6600000000000001,1.0
132,Michaelis-Menten,Renewal,0.0,1.347634821712475,3.690671519507305e-07,0.2084437877700953,0.5000000815426691,2.0756221801843138,0.1825866032977995,1.98,1.0
133,Michaelis-Menten,Renewal,0.0,1.0446666375824327,0.6332633883647532,0.8153396737160907,0.29937788467660864,1.9737612915851432,0.004379376600436107,1.6600000000000001,1.0
134,Michaelis-Menten,Renewal,0.0,0.7163170266134705,2.838888225540245,0.9011929481649931,0.2500731886049068,1.963915722672315,1.4708381330463815e-06,1.6600000000000001,1.0
135,Michaelis-Menten,Renewal,0.0,1.5976865760265748,2.650592398367735e-05,0.36552217332173215,0.522199992242129,2.0365240643098343,0.10494287902515936,1.6600000000000001,1.0
136,Michaelis-Menten,Renewal,0.0,0.5453249843364024,5.950676312126518,2.8520453780602835,0.2500000076253472,1.9639091749315554,1.5250694485047233e-10,1.6600000000000001,1.0
137,Michaelis-Menten,Renewal,0.0,1.6251437047321808,0.007475730145245052,0.3946827983370139,0.7385106824630578,2.055593003091785,0.1481446148440464,1.6600000000000001,1.0
138,Michaelis-Menten,Renewal,0.0,0.3950034604409223,22.527121934914817,9.004608299032835,0.25,1.9639091742525672,0.0,1.6600000000000001,1.0
139,Michaelis-Menten,Renewal,0.0,1.104551079321741,0.542555285774597,0.6247073751677585,0.3117464347464127,1.9700922231538602,0.003691008100967107,1.76,1.0
140,Michaelis-Menten,Renewal,0.0,0.46261328191498674,15.428779436194972,5.702455340323663,0.25,1.9639091742525672,0.0,1.6600000000000001,1.0
141,Michaelis-Menten,Renewal,0.0,0.6955595187493137,1.7951768399212824,2.091852233365462,0.2515838623280965,1.9640502023804325,3.167732154943481e-05,1.6600000000000001,1.0
142,Michaelis-Menten,Renewal,0.0,1.3926713845591674,0.001589390133545976,0.5425485292938428,0.5,1.9980773454364,0.04692075251263086,1.6600000000000001,1.0
143,Michaelis-Menten,Renewal,0.0,1.379657862510192,0.13049964018205173,0.3951083575660274,0.42822737758298984,1.982003577567209,0.022870674402113284,1.6600000000000001,1.0
144,Michaelis-Menten,Renewal,0.0,0.4255012761857369,16.837198987182063,7.606529767647169,0.25,1.9639091742525672,0.0,1.6600000000000001,1.0
145,Michaelis-Menten,Renewal,0.0,1.048810046320293,0.5228861652437331,1.0195471349159553,0.31526579695814844,1.9698118126204658,0.0039060688358359685,1.6600000000000001,1.0
146,Michaelis-Menten,Renewal,0.0,1.0160409546839628,0.060798469430139335,0.6716801265554674,0.4668028944039134,1.9968209578612508,0.04823188559643733,1.6600000000000001,1.0
147,Michaelis-Menten,Renewal,0.0,0.3062254978843606,22.15379319796557,16.059342418190788,0.25,1.9639091742525672,0.0,1.6600000000000001,1.0
148,Michaelis-Menten,Renewal,0.0,0.3488410321709031,23.880897884753978,5.500743723335069,0.25,1.9639091742525672,0.0,1.6600000000000001,1.0
149,Michaelis-Menten,Renewal,0.0,0.5967001001892478,10.661489148028636,2.593116658393063,0.2500000000000066,1.96390917425257,1.3211653993039362e-16,1.6600000000000001,1.0
150,Michaelis-Menten,Renewal,0.0,0.3478796015465786,14.222700384131997,4.678695101422092,0.25,1.9639091742525672,0.0,1.6600000000000001,1.0
151,Michaelis-Menten,Renewal,0.0,0.5800968926960778,4.141049024759354,2.880403627161638,0.250001564999701,1.9639093136056465,3.12999940255132e-08,1.6600000000000001,1.0
152,Michaelis-Menten,Renewal,0.0,0.2398739404740478,29.920147108652145,13.528595481173824,0.25,1.9639091742525672,0.0,1.6600000000000001,1.0
153,Michaelis-Menten,Renewal,0.0,0.31651158991488926,19.639928044890894,11.390893769928251,0.25,1.9639091742525672,0.0,1.6600000000000001,1.0
154,Michaelis-Menten,Renewal,0.0,0.4718789105062167,6.790802774847634,4.534603192619984,0.250000000635634,1.9639091743092882,1.2739738153300095e-11,1.6600000000000001,1.0
155,Michaelis-Menten,Renewal,0.0,0.39884148697674426,14.023559803197315,3.8997679591935666,0.25,1.9639091742525672,0.0,1.6600000000000001,1.0
156,Michaelis-Menten,Renewal,0.0,0.1936456562667132,27.608205273251542,18.399752430320753,0.25,1.9639091742525672,0.0,1.6600000000000001,1.0
157,Michaelis-Menten,Renewal,0.0,2.1478964353948062,9.479164759795822e-06,0.20942504935534687,0.7650123333000796,2.1511851197133147,0.33274664150382643,1.6600000000000001,1.0
158,Michaelis-Menten,Renewal,0.0,1.2889377349802864,0.18609615708714955,0.5260746738677675,0.40323545187943316,1.9879437389839973,0.025609349740661834,1.6600000000000001,1.0
159,Michaelis-Menten,Renewal,0.0,0.36867834186254356,12.978892587904625,9.650440184696741,0.25,1.9639091742525672,0.0,1.6600000000000001,1.0
160,Michaelis-Menten,Renewal,0.0,1.0862508406856903,3.5648867563310205,0.6632194162428227,0.2500087010373004,1.9639105605389349,3.1137282383131295e-07,1.6600000000000001,1.0
161,Michaelis-Menten,Renewal,0.0,1.2868982498757058,2.6227177025115793,1.0665741829834705,0.2501402883316366,1.9639221090866203,2.905292275424687e-06,1.6600000000000001,1.0
162,Michaelis-Menten,Renewal,0.0,0.4430404306140937,12.760650761842442,4.398334944319785,0.25,1.9639091742525672,0.0,1.6600000000000001,1.0
163,Michaelis-Menten,Renewal,0.0,0.9907399496839465,0.6521189857742229,0.495008974554496,0.2966749566873067,1.9722133860549558,0.004385839520543151,1.6600000000000001,1.0
164,Michaelis-Menten,Renewal,0.0,0.9936105818800989,1.5912673215799487,0.9141905712863039,0.25285790577795786,1.964167478694897,5.802113884157856e-05,1.6600000000000001,1.0
165,Michaelis-Menten,Renewal,0.0,1.0761332339948326,2.8166924645772724,1.5121334136458144,0.2500823801707863,1.9639167931203805,1.7112713226918874e-06,1.6600000000000001,1.0
166,Michaelis-Menten,Renewal,0.0,0.3397926447951746,14.239865846195187,5.1021074120336225,0.25,1.9639091742525672,0.0,1.6600000000000001,1.0
167,Michaelis-Menten,Renewal,0.0,0.429975096675896,19.56338383357138,7.1878822964324875,0.25,1.9639091742525672,0.0,1.6600000000000001,1.0
168,Michaelis-Menten,Renewal,0.0,1.3844343330341131,4.470007297641132e-07,0.21445495429556327,0.6710450092708342,2.110501663935365,0.2672698771235569,1.6600000000000001,1.0
169,Michaelis-Menten,Renewal,0.0,2.0156998777342934,0.2303431437337622,0.3502371529412588,0.38830151059157636,1.9996740004744773,0.031449590479034256,1.6600000000000001,1.0
170,Michaelis-Menten,Renewal,0.0,0.23813596088097516,20.913256745051513,17.67869771773472,0.25,1.9639091742525672,0.0,1.6600000000000001,1.0
171,Michaelis-Menten,Renewal,0.0,1.3832928283087873,0.0011863729915830845,0.38672794080354617,0.9074598916700254,2.1271624423736353,0.3019479434838954,1.6600000000000001,1.0
172,Michaelis-Menten,Renewal,0.0,0.2400299450694289,23.811395126015952,14.896999919939173,0.25,1.9639091742525672,0.0,1.6600000000000001,1.0
173,Michaelis-Menten,Renewal,0.0,0.2314168083839492,26.337089330669755,19.690810142590852,0.25,1.9639091742525672,0.0,1.6600000000000001,1.0
174,Michaelis-Menten,Renewal,0.0,1.178858082542383,0.12430074203552977,0.4822761967052233,0.4372891004840087,1.9919814904535242,0.036259836551636046,1.6600000000000001,1.0
175,Michaelis-Menten,Renewal,0.0,1.5655429985121296,0.03405043709472011,0.39250760337168816,0.6698100806850632,2.0195688055104815,0.09847014605472482,1.6600000000000001,1.0
176,Michaelis-Menten,Renewal,0.0,0.7335958412926988,13.892186437253827,1.85091001639584,0.25,1.9639091742525672,0.0,1.6600000000000001,1.0
177,Michaelis-Menten,Renewal,0.0,0.34816858628748837,15.857035009848872,9.294723154446169,0.25,1.9639091742525672,0.0,1.6600000000000001,1.0
178,Michaelis-Menten,Renewal,0.0,0.8179029686313599,0.955819927448033,1.2470665606951619,0.2686598101884578,1.9655755009195863,0.0005043113963740353,1.68,1.0
179,Michaelis-Menten,Renewal,0.0,0.7517705705255547,0.7785422636376751,1.5448979558587093,0.2813538155359044,1.9666991680044952,0.0011333049647001294,1.6600000000000001,1.0
180,Michaelis-Menten,Renewal,0.0,0.9470294891630336,0.7101432619074615,0.5282257805893114,0.2902546445555712,1.9689693592894997,0.002128179067624915,1.6600000000000001,1.0
181,Michaelis-Menten,Renewal,0.0,0.8936056341998064,1.7140958384535452,0.7115066369624198,0.2520058109369872,1.9640877926091427,4.012109676824305e-05,1.6600000000000001,1.0
182,Michaelis-Menten,Renewal,0.0,0.537627523286733,13.40329703316445,2.2544816742269336,0.25,1.9639091742525672,0.0,1.6600000000000001,1.0
183,Michaelis-Menten,Renewal,0.0,1.6355672684237585,0.00015357673228777458,0.279430516031155,0.5,2.0258736270080693,0.09930368006507324,1.6600000000000001,1.0
184,Michaelis-Menten,Renewal,0.0,0.676628649004568,5.787029148860256,2.140425773842397,0.2500000122403385,1.9639091754388833,2.664570364352414e-10,1.6600000000000001,1.0
185,Michaelis-Menten,Renewal,0.0,0.8580986787298445,2.8565245249764075,1.1165083129393687,0.2500689848428009,1.9639154096718436,1.40053506323623e-06,1.6600000000000001,1.0
186,Michaelis-Menten,Renewal,0.0,0.8098264841930914,4.7367852611567685,2.0413188990301165,0.2500002653157751,1.9639091978779137,5.3064714400363765e-09,1.6600000000000001,1.0
187,Michaelis-Menten,Renewal,0.0,0.4270286836488689,19.12353694786657,5.300422581848638,0.25,1.9639091742525672,0.0,1.6600000000000001,1.0
188,Michaelis-Menten,Renewal,0.0,0.23676233856355644,19.428292742875726,13.046706954339612,0.25,1.9639091742525672,0.0,1.6600000000000001,1.0
189,Michaelis-Menten,Renewal,0.0,0.607235235746311,14.562227930035078,3.402385204667653,0.25,1.9639091742525672,0.0,1.6600000000000001,1.0
190,Michaelis-Menten,Renewal,0.0,0.558680656862277,3.621392417079207,1.3436164212805242,0.2500072861230876,1.963909823034509,1.457224623324649e-07,1.6600000000000001,1.0
191,Michaelis-Menten,Renewal,0.0,0.28756805096575455,17.271735914014073,11.426549987259193,0.25,1.9639091742525672,0.0,1.6600000000000001,1.0
192,Michaelis-Menten,Renewal,0.0,2.706444892560002,0.00013961500428649742,0.26326315062352473,0.7579480446270932,2.109236387949079,0.24536987324987977,1.76,1.0
193,Michaelis-Menten,Renewal,0.0,1.0508948735693724,0.1649632934971237,1.255253556045338,0.41121049680012933,1.9782200733235948,0.018706871686653647,1.6600000000000001,1.0
194,Michaelis-Menten,Renewal,0.0,1.1954765146569948,3.1154195312410593e-06,0.3791302591386182,0.57697978224203,2.008613449411037,0.06716678500521084,1.6600000000000001,1.0
195,Michaelis-Menten,Renewal,0.0,0.7962534047171437,3.7675219875488324,1.195212871644192,0.2500048156571357,1.9639096177730158,9.961881453857124e-08,1.6600000000000001,1.0
196,Michaelis-Menten,Renewal,0.0,1.2494836808710053,3.849181325676909e-06,0.32483096330485445,0.5416501181560203,2.055541863938499,0.14785914072831172,1.6600000000000001,1.0
197,Michaelis-Menten,Renewal,0.0,1.3241446300462056,4.455911903258283,0.7700077656713518,0.2500006073612519,1.9639092750254155,2.2634515673969347e-08,1.6600000000000001,1.0
198,Michaelis-Menten,Renewal,0.0,1.7873956021906416,0.00335012870226592,0.2570701272812563,0.500000000264226,2.031024302909379,0.10443081679894115,1.6600000000000001,1.0
199,Michaelis-Menten,Renewal,0.0,0.4390589137247692,14.572024450035315,2.7514338617042475,0.25,1.9639091742525672,0.0,1.6600000000000001,1.0
200,Michaelis-Menten,Renewal,0.0,0.3428943875899445,18.876766439349097,9.711706340446211,0.25,1.9639091742525672,0.0,1.6600000000000001,1.0
201,Michaelis-Menten,Renewal,0.0,0.49645773957272865,10.354195673032564,2.668555415098987,0.250000000000016,1.9639091742525705,3.1974423109204507e-16,1.6600000000000001,1.0
202,Michaelis-Menten,Renewal,0.0,0.4225160106465817,13.938911018385454,3.8144229453801834,0.25,1.9639091742525672,0.0,1.6600000000000001,1.0
203,Michaelis-Menten,Renewal,0.0,0.702078713340696,9.08432792873198,1.2944694367280876,0.25000000000070577,1.9639091742526325,1.4304113449270517e-14,1.6600000000000001,1.0
204,Michaelis-Menten,Renewal,0.0,0.3669769601972027,11.589335703767631,5.47168903554194,0.25000000000000044,1.9639091742525674,8.881784197001253e-18,1.6600000000000001,1.0
205,Michaelis-Menten,Renewal,0.0,0.5576763104096207,9.84447970587155,2.6481930073154287,0.25000000000007455,1.963909174252575,1.4910295220715852e-15,1.6600000000000001,1.0
206,Michaelis-Menten,Renewal,0.0,0.20388175845624543,26.813571771382954,15.147683316691737,0.25,1.9639091742525672,0.0,1.6600000000000001,1.0
207,Michaelis-Menten,Renewal,0.0,2.0917390679561705,0.17253093583889267,0.683321470509169,0.4195377994658911,1.9796460127644149,0.02055281410919194,1.6600000000000001,1.0
208,Michaelis-Menten,Renewal,0.0,0.28352127936195526,22.408298738271924,7.210216886124831,0.25,1.9639091742525672,0.0,1.6600000000000001,1.0
209,Michaelis-Menten,Renewal,0.0,1.96090523779168,0.0006225023814181441,0.22773706480081335,0.7088819986696853,2.1501807244867925,0.326566651681814,1.9000000000000001,1.0
210,Michaelis-Menten,Renewal,0.0,0.40758104711489374,15.427935424688258,5.393581438302443,0.25,1.9639091742525672,0.0,1.6600000000000001,1.0
211,Michaelis-Menten,Renewal,0.0,0.17695421557202662,26.63801613519422,19.399001819369413,0.25,1.9639091742525672,0.0,1.6600000000000001,1.0
212,Michaelis-Menten,Renewal,0.0,0.5006653402518684,7.461975010923993,2.0530953190651355,0.25000000008505274,1.9639091742601407,1.7010548525320246e-12,1.6600000000000001,1.0
213,Michaelis-Menten,Renewal,0.0,0.27128360086550896,25.5277910446473,10.90094405869094,0.25,1.9639091742525672,0.0,1.6600000000000001,1.0
214,Michaelis-Menten,Renewal,0.0,1.2147267006417728,1.1370240301923786,0.9867555364168354,0.26104554623448195,1.9648927919197692,0.00022098249828650943,1.6600000000000001,1.0
215,Michaelis-Menten,Renewal,0.0,0.6541573452423721,7.496816557611254,2.3347241298188095,0.2500000000755623,1.9639091742592953,1.5112455731269847e-12,1.6600000000000001,1.0
216,Michaelis-Menten,Renewal,0.0,1.0140812723297628,2.063180681724134,0.9841050862734525,0.2507347102439849,1.9639840897793257,1.682696059033262e-05,1.6600000000000001,1.0
217,Michaelis-Menten,Renewal,0.0,0.6312351031047013,9.769023461299554,2.0420539904894266,0.250000000000089,1.9639091742525754,1.779687508474126e-15,1.6600000000000001,1.0
218,Michaelis-Menten,Renewal,0.0,0.3523735506330499,10.720245362085791,4.489127220547899,0.2500000000000055,1.9639091742525683,1.099120794378905e-16,1.6600000000000001,1.0
219,Michaelis-Menten,Renewal,0.0,0.35913889253246517,23.01019841835432,8.916037757616943,0.25,1.9639091742525672,0.0,1.6600000000000001,1.0
220,Michaelis-Menten,Renewal,0.0,0.3092242939410027,17.80425488641805,6.4985104124517035,0.25,1.9639091742525672,0.0,1.6600000000000001,1.0
221,Michaelis-Menten,Renewal,0.0,0.47468838260620877,13.10540874072396,4.973506856939925,0.25,1.9639091742525672,0.0,1.6600000000000001,1.0
222,Michaelis-Menten,Renewal,0.0,1.8424624042071425,6.19798015577544e-05,0.302915996946966,0.9885106824630578,2.1053180656723662,0.24260787952671423,1.72,1.0
223,Michaelis-Menten,Renewal,0.0,0.9249871391150235,3.2978364800667634,1.5516935090238029,0.2500187740872018,1.9639108482794143,3.760021049059592e-07,1.6600000000000001,1.0
224,Michaelis-Menten,Renewal,0.0,0.4244215117690056,21.10806037098689,7.663678580826655,0.25,1.9639091742525672,0.0,1.6600000000000001,1.0
225,Michaelis-Menten,Renewal,0.0,1.469564300920315,0.0009991971115823617,0.25008507510853684,0.7088819986696853,2.127692033218067,0.30143942372245536,2.18,1.0
226,Michaelis-Menten,Renewal,0.0,0.9845070851749386,0.00048566824386853114,0.4283829757849466,0.5,1.99676274123871,0.04827665354796443,1.8,1.0
227,Michaelis-Menten,Renewal,0.0,0.23345887039168126,23.27583352682575,11.938937625642575,0.25,1.9639091742525672,0.0,1.6600000000000001,1.0
228,Michaelis-Menten,Renewal,0.0,0.6378659910069645,0.47435736166698916,1.009817470371196,0.3269797774045701,1.9707743230918096,0.005180623816362677,1.6600000000000001,1.0
229,Michaelis-Menten,Renewal,0.0,0.35359326484998665,24.43453146003094,8.708542140305171,0.25,1.9639091742525672,0.0,1.6600000000000001,1.0
230,Michaelis-Menten,Renewal,0.0,3.402417330409808,2.2758626982977148e-07,0.2006226946756453,0.5263935938013234,2.0958147539567196,0.23251692265586335,1.6600000000000001,1.0
231,Michaelis-Menten,Renewal,0.0,1.6172295081765484,0.005570822898079086,0.3641362111353427,0.5,2.0062497325301716,0.07326157442966352,1.6600000000000001,1.0
232,Michaelis-Menten,Renewal,0.0,1.654536065203913,0.6476669618263031,0.4790450381724326,0.29667495678749506,1.9765950134975034,0.005736575899681236,1.68,1.0
233,Michaelis-Menten,Renewal,0.0,1.1082863448968887,0.05916510217190307,0.48533921413831316,0.4668028944039134,1.9997889079794988,0.04693478063519002,1.6600000000000001,1.0
234,Michaelis-Menten,Renewal,0.0,1.0597327760808513,2.590681444208059,1.1592226162756056,0.250148836490846,1.9639224314008394,2.9776881114773607e-06,1.6600000000000001,1.0
235,Michaelis-Menten,Renewal,0.0,0.9438687660898264,5.440045831743987,1.2460110179556223,0.250000033462067,1.9639091772892217,6.820599984802556e-10,1.6600000000000001,1.0
236,Michaelis-Menten,Renewal,0.0,0.4372277849318028,13.62636486358059,5.692714457786369,0.25,1.9639091742525672,0.0,1.6600000000000001,1.0
237,Michaelis-Menten,Renewal,0.0,1.63354552763853,0.00026205605382756403,0.23989213779482088,0.5000000000002162,2.050965638723507,0.13625365042489868,1.6600000000000001,1.0
238,Michaelis-Menten,Renewal,0.0,1.1187629138240838,0.08166782357034208,0.5326554152336286,0.45663816051735906,1.997212146027,0.04747896429175986,1.6600000000000001,1.0
239,Michaelis-Menten,Renewal,0.0,1.6321995677799095,0.05101740836732915,0.45537927238847964,0.4668028944039134,1.9846530916452974,0.031429161249458853,1.6600000000000001,1.0
240,Michaelis-Menten,Renewal,0.0,0.6473145444987439,10.503093336692928,1.829077390694571,0.2500000000000106,1.9639091742525685,2.1205259770340491e-16,1.6600000000000001,1.0
241,Michaelis-Menten,Renewal,0.0,0.3385887965358269,18.843560928812906,8.35833153852848,0.25,1.9639091742525672,0.0,1.6600000000000001,1.0
242,Michaelis-Menten,Renewal,0.0,1.1413298319935223,4.371555913720272,1.2555374117047389,0.25000076950936834,1.9639092727043983,2.2113193829387255e-08,1.6600000000000001,1.0
243,Michaelis-Menten,Renewal,0.0,0.7039643144368408,6.02950835371189,3.0134930102423048,0.25000000567284597,1.9639091751431854,2.000404075719331e-10,1.6600000000000001,1.0
244,Michaelis-Menten,Renewal,0.0,0.19768874065777953,26.93603007076797,15.374104218469608,0.25,1.9639091742525672,0.0,1.6600000000000001,1.0
245,Michaelis-Menten,Renewal,0.0,1.4095886526419612,0.5885503216288157,0.5072751583773261,0.3052359655861339,1.9688846625202665,0.002941702218016831,1.6600000000000001,1.0
246,Michaelis-Menten,Renewal,0.0,0.8114632864957803,1.0503185813803952,2.0683574241120786,0.26395134923934493,1.9651513778077896,0.00031818856860853727,1.6600000000000001,1.0
247,Michaelis-Menten,Renewal,0.0,0.24142705758664973,21.806431485579765,18.815882529929933,0.25,1.9639091742525672,0.0,1.6600000000000001,1.0
248,Michaelis-Menten,Renewal,0.0,1.1233612084704003,0.5079055408444901,1.3596484713964008,0.31897212711401857,1.970042803151893,0.004292607923729859,1.76,1.0
249,Michaelis-Menten,Renewal,0.0,0.5139009078403254,9.1160047208147,4.018456161588319,0.250000000000627,1.9639091742526231,1.2539969063141143e-14,1.6600000000000001,1.0
250,Michaelis-Menten,Renewal,0.0,0.43769669101075304,13.542392321070082,4.14955813761702,0.25,1.9639091742525672,0.0,1.6600000000000001,1.0
251,Michaelis-Menten,Renewal,0.0,0.5178720110375155,16.69713898664378,5.392086063756089,0.25,1.9639091742525672,0.0,1.6600000000000001,1.0
252,Michaelis-Menten,Renewal,0.0,0.7857325094121876,0.7986540831614093,0.6255994549568464,0.279607922158875,1.9665441437149571,0.0010322560391464776,1.6600000000000001,1.0
253,Michaelis-Menten,Renewal,0.0,0.7104523692846773,7.43918289915905,1.8043972826780073,0.25000000009023604,1.9639091742610237,1.8983414840079147e-12,1.6600000000000001,1.0
254,Michaelis-Menten,Renewal,0.0,0.9688744084019888,0.27959930275642364,0.8699069023104586,0.3746540929250965,1.9751349883637779,0.012009491575252098,1.6600000000000001,1.0
255,Michaelis-Menten,Renewal,0.0,0.3276458537311028,15.14571578885068,6.736008667968781,0.25,1.9639091742525672,0.0,1.6600000000000001,1.0
256,Michaelis-Menten,Renewal,0.0,0.9153343680341962,0.44083476740678407,0.962545276224425,0.331298712844569,1.973703549290755,0.006596383056467083,1.6600000000000001,1.0
257,Michaelis-Menten,Renewal,0.0,0.5642759521885967,9.146645950600316,5.187576483318976,0.25000000000059097,1.9639091742526216,1.1889378370710803e-14,1.6600000000000001,1.0
258,Michaelis-Menten,Renewal,0.0,0.6029771615836172,12.503795867289,1.3862583490930689,0.25000000000000006,1.9639091742525672,1.1102230246251566e-18,1.6600000000000001,1.0
259,Michaelis-Menten,Renewal,0.0,0.5559648504139874,8.43487918548675,3.923152752447081,0.25000000000497147,1.9639091742530297,1.0304979092268241e-13,1.6600000000000001,1.0
260,Michaelis-Menten,Renewal,0.0,0.36445990685846086,15.901162783215455,4.991134340093545,0.25,1.9639091742525672,0.0,1.6600000000000001,1.0
261,Michaelis-Menten,Renewal,0.0,0.35642409378441775,12.866423075456623,4.090289120001481,0.25,1.9639091742525672,0.0,1.6600000000000001,1.0
262,Michaelis-Menten,Renewal,0.0,0.36618418803373537,17.28416854099987,7.05160751211437,0.25,1.9639091742525672,0.0,1.6600000000000001,1.0
263,Michaelis-Menten,Renewal,0.0,0.7345017619887035,9.50463309593772,2.2495187063016586,0.2500000000002038,1.9639091742525958,5.5799809217660366e-15,1.6600000000000001,1.0
264,Michaelis-Menten,Renewal,0.0,0.5301917244920545,16.03345910982148,2.920521765465722,0.25,1.9639091742525672,0.0,1.6600000000000001,1.0
265,Michaelis-Menten,Renewal,0.0,0.8751002331278407,10.898519100811228,1.7387205701364565,0.2500000000000032,1.9639091742525694,9.547918011776345e-17,1.6600000000000001,1.0
266,Michaelis-Menten,Renewal,0.0,0.6220020957016178,8.371459308624821,1.9239232966947883,0.2500000000055959,1.9639091742530768,1.139011107653687e-13,1.6600000000000001,1.0
267,Michaelis-Menten,Renewal,0.0,1.6902173701383867,0.0009338858523051385,0.25643363898952615,0.5069112803908472,2.0593629299644336,0.15418556939293626,1.6600000000000001,1.0
268,Michaelis-Menten,Renewal,0.0,0.6477058342388539,11.010181284478051,2.4018657452617798,0.2500000000000024,1.9639091742525683,4.884981308350689e-17,1.6600000000000001,1.0
269,Michaelis-Menten,Renewal,0.0,0.9921295837843974,0.009047049829405296,0.39251581040910516,0.5,1.9902247413439589,0.041760223305573975,1.72,1.0
270,Michaelis-Menten,Renewal,0.0,0.3542665913833676,11.086231057131101,9.727635244351124,0.2500000000000019,1.963909174252568,3.7747582837255325e-17,1.6600000000000001,1.0
271,Michaelis-Menten,Renewal,0.0,1.599474450513067,0.013026550583404628,0.36323126053574323,0.7385106824630578,2.0976437091566806,0.21726367770767294,1.6600000000000001,1.0
272,Michaelis-Menten,Renewal,0.0,1.835784575738829,0.0020060077646917307,0.28585206706572364,0.5,2.027913683998731,0.10934502742562499,1.6600000000000001,1.0
273,Michaelis-Menten,Renewal,0.0,1.0054821090663015,0.19002953122989652,0.8149986138174454,0.411210496800129,1.9792789813499678,0.018944747972226724,1.6600000000000001,1.0
274,Michaelis-Menten,Renewal,0.0,0.9656109366433713,0.8105080229453279,1.132350049650047,0.27960753547327527,1.9665438718171884,0.0010321803011355934,1.6600000000000001,1.0
275,Michaelis-Menten,Renewal,0.0,1.102893456809868,4.2612614693968,0.8981653258588331,0.2500010973978813,1.9639092719688693,2.1947987227655118e-08,1.6600000000000001,1.0
276,Michaelis-Menten,Renewal,0.0,1.0176979679557785,2.234858214936935,0.8744021434792979,0.2504315490784916,1.9639489274631745,8.929021240871026e-06,1.6600000000000001,1.0
277,Michaelis-Menten,Renewal,0.0,0.2717516425479816,22.562091010285712,9.96979868855951,0.25,1.9639091742525672,0.0,1.6600000000000001,1.0
278,Michaelis-Menten,Renewal,0.0,0.5784343256084362,4.037753465621336,1.8814722303178923,0.2500021036459162,1.9639094096155627,5.286471256082947e-08,1.6600000000000001,1.0
279,Michaelis-Menten,Renewal,0.0,0.2526421339204766,17.349135258044782,17.238466291389052,0.25,1.9639091742525672,0.0,1.6600000000000001,1.0
280,Michaelis-Menten,Renewal,0.0,0.2283600616020453,23.3786606103713,16.483162675567616,0.25,1.9639091742525672,0.0,1.6600000000000001,1.0
281,Michaelis-Menten,Renewal,0.0,0.8498295568731838,2.597472935470364,1.2976915533571312,0.25014883646251856,1.9639224271318991,2.9767292672500113e-06,1.6600000000000001,1.0
282,Michaelis-Menten,Renewal,0.0,1.8469900334274842,0.047596470503506794,0.3817151414089166,0.6203171202035873,2.047723973768195,0.13335493452960875,2.1,1.0
283,Michaelis-Menten,Renewal,0.0,1.696663528617529,1.0712157063608174e-06,0.2789310990180886,0.6940343789044907,2.126538975099626,0.28538069578182873,1.98,1.0
284,Michaelis-Menten,Renewal,0.0,0.282976469377299,18.854307331466316,11.537101713264265,0.25,1.9639091742525672,0.0,1.6600000000000001,1.0
285,Michaelis-Menten,Renewal,0.0,0.6128406549215817,10.013159197171532,2.4985018757721296,0.25000000000004374,1.9639091742525712,8.748557434046233e-16,1.6600000000000001,1.0
286,Michaelis-Menten,Renewal,0.0,0.46653413719557196,16.634342003455572,4.4682257133164205,0.25,1.9639091742525672,0.0,1.6600000000000001,1.0
287,Michaelis-Menten,Renewal,0.0,1.709544667354591,7.645152209079242e-07,0.3217043882959664,0.5000000002935239,2.014337492595104,0.06919228394036188,1.6600000000000001,1.0
288,Michaelis-Menten,Renewal,0.0,0.24418043782526935,20.759808620953322,19.467213122234373,0.25,1.9639091742525672,0.0,1.6600000000000001,1.0
289,Michaelis-Menten,Renewal,0.0,0.3835690298910163,18.051607071882017,11.826554626666104,0.25,1.9639091742525672,0.0,1.6600000000000001,1.0
290,Michaelis-Menten,Renewal,0.0,0.40497695920239546,21.36644944592274,7.199717629165588,0.25,1.9639091742525672,0.0,1.6600000000000001,1.0
291,Michaelis-Menten,Renewal,0.0,0.9621731346717082,3.5492464794200487,0.6180840167657689,0.2500092312928211,1.9639101407656345,2.1708783169427375e-07,1.6600000000000001,1.0
292,Michaelis-Menten,Renewal,0.0,0.27078895108940687,19.625170850866198,14.01770160259762,0.25,1.9639091742525672,0.0,1.6600000000000001,1.0
293,Michaelis-Menten,Renewal,0.0,1.2613777074505097,0.008929680436892795,0.6812166312492047,0.488511046917683,2.000426505592441,0.054190578962747205,1.6600000000000001,1.0
294,Michaelis-Menten,Renewal,0.0,0.6237326310581152,11.940639425677688,3.0168605656130123,0.25000000000000017,1.9639091742525672,3.3306690738754695e-18,1.6600000000000001,1.0
295,Michaelis-Menten,Renewal,0.0,1.7023095221975237,0.0067613373089443485,0.28050731061210266,0.661210496800129,2.060219147196089,0.16001229534105227,1.6600000000000001,1.0
296,Michaelis-Menten,Renewal,0.0,0.6247599693334706,2.8961380736778892,1.7461711243925009,0.2500612877632877,1.9639146315233793,1.2257552657635174e-06,1.6600000000000001,1.0
297,Michaelis-Menten,Renewal,0.0,0.7975046756913156,6.841017876206934,2.1779504027942185,0.25000000053226995,1.9639091743005257,1.077137712357512e-11,1.6600000000000001,1.0
298,Michaelis-Menten,Renewal,0.0,0.43765292260151184,11.886682997732123,6.474040886877534,0.25000000000000017,1.9639091742525672,3.3306690738754695e-18,1.6600000000000001,1.0
299,Michaelis-Menten,Renewal,0.0,0.4351836613228069,17.0478716648272,5.670690953268632,0.25,1.9639091742525672,0.0,1.6600000000000001,1.0
300,Michaelis-Menten,Renewal,0.0,0.9086044742676312,4.585477701342938,1.5373894375884798,0.2500004014256261,1.963909209996936,8.02851614745137e-09,1.6600000000000001,1.0
301,Michaelis-Menten,Renewal,0.0,0.20647712764427714,26.416784694714067,19.65488207022741,0.25,1.9639091742525672,0.0,1.6600000000000001,1.0
302,Michaelis-Menten,Renewal,0.0,1.0966033645999267,0.6040225069235703,1.096863033494229,0.3022291453584794,1.9685760480867724,0.00265174748461393,1.6600000000000001,1.0
303,Michaelis-Menten,Renewal,0.0,0.688619766480404,6.626253144650377,1.2104025799877927,0.25000000102033065,1.9639091743435633,2.0438258863109127e-11,1.6600000000000001,1.0
304,Michaelis-Menten,Renewal,0.0,1.5239244733107644,0.5287203970898418,0.6451300055448629,0.31526579695814844,1.9724775973741593,0.004767355330429045,1.6600000000000001,1.0
305,Michaelis-Menten,Renewal,0.0,0.6927051921146405,8.603394028374424,4.460143314051172,0.25000000000291916,1.9639091742528278,5.839329020318474e-14,1.6600000000000001,1.0
306,Michaelis-Menten,Renewal,0.0,0.9423386269292869,3.632396174018936,1.0227360357322137,0.25000686759965773,1.9639097857733578,1.3735325963937227e-07,1.6600000000000001,1.0
307,Michaelis-Menten,Renewal,0.0,1.910745119590087,0.0006733453974447912,0.30927560978925506,0.5,2.0714450122409485,0.1538880114112088,1.72,1.0
308,Michaelis-Menten,Renewal,0.0,3.21803314077977,0.0006091979814755177,0.21846408734877426,0.5000000000063657,2.0930525827538644,0.2086031857905255,1.98,1.0
309,Michaelis-Menten,Renewal,0.0,0.5328578668606843,11.032877037726252,5.038364793411813,0.2500000000000023,1.9639091742525676,4.551914400963142e-17,1.6600000000000001,1.0
310,Michaelis-Menten,Renewal,0.0,1.7092897184909683,6.865298018965404e-08,0.22030240225529074,1.000065022526357,2.140838620383276,0.3227835570987074,1.6600000000000001,1.0
311,Michaelis-Menten,Renewal,0.0,0.8043349478516826,6.29645354846771,1.927815186808283,0.25000000262910876,1.9639091744866721,5.258217528059106e-11,1.6600000000000001,1.0
312,Michaelis-Menten,Renewal,0.0,0.9763301228127952,3.341189828544657,1.2077525816067818,0.2500166792432827,1.963910676179647,3.373468685285985e-07,1.6600000000000001,1.0
313,Michaelis-Menten,Renewal,0.0,0.5495166273656598,20.205637316281127,3.5285077601425052,0.25,1.9639091742525672,0.0,1.6600000000000001,1.0
314,Michaelis-Menten,Renewal,0.0,0.19690822700038502,25.040103829298573,15.743227483269768,0.25,1.9639091742525672,0.0,1.6600000000000001,1.0
315,Michaelis-Menten,Renewal,0.0,1.0173291514442921,1.0580709873097476,1.8028561949292594,0.26395134923934493,1.9651510796527205,0.00031812160021022493,1.6600000000000001,1.0
316,Michaelis-Menten,Renewal,0.0,1.5534609748805948,0.07468746973449925,0.4987715987979446,0.4619847808040908,1.9848415809925812,0.03048678463601281,1.6600000000000001,1.0
317,Michaelis-Menten,Renewal,0.0,0.5310680971702574,11.130059725483846,4.944781164433597,0.2500000000000016,1.9639091742525676,3.219646771412954e-17,1.6600000000000001,1.0
318,Michaelis-Menten,Renewal,0.0,0.7817378007308575,3.8657335357734155,2.1190971382510635,0.25000358259318745,1.9639095506391016,8.453990994916616e-08,1.6600000000000001,1.0
319,Michaelis-Menten,Renewal,0.0,0.41210385463363103,19.283774349434452,8.514893141444764,0.25,1.9639091742525672,0.0,1.6600000000000001,1.0
320,Michaelis-Menten,Renewal,0.0,1.8069258347792427,0.041523542225604615,0.29852531266637317,0.607830074681207,2.0620140328148038,0.16758441006174637,1.6600000000000001,1.0
321,Michaelis-Menten,Renewal,0.0,0.8618462137715037,0.08914201590459925,0.5218984231105557,0.4565675123248767,1.9822331083747262,0.028607030641939864,1.6600000000000001,1.0
322,Michaelis-Menten,Renewal,0.0,0.6768000497520542,4.455788645195071,1.691549710098132,0.25000064437516034,1.9639092316300004,1.28875032201492e-08,1.6600000000000001,1.0
323,Michaelis-Menten,Renewal,0.0,0.269588552137083,21.68231907658833,8.509066058126317,0.25,1.9639091742525672,0.0,1.6600000000000001,1.0
324,Michaelis-Menten,Renewal,0.0,0.3259702335752189,20.14495262976729,14.86724566272885,0.25,1.9639091742525672,0.0,1.6600000000000001,1.0
325,Michaelis-Menten,Renewal,0.0,0.5640047205963818,15.301704286845961,3.1813915958598087,0.25,1.9639091742525672,0.0,1.6600000000000001,1.0
326,Michaelis-Menten,Renewal,0.0,1.5485235278839462,0.0005307691512825841,0.34587576057051933,0.6008905052086713,2.0066583518358634,0.0708820585729744,1.6600000000000001,1.0
327,Michaelis-Menten,Renewal,0.0,0.542742609744367,7.763213172841944,2.2701224189822566,0.2500000000350197,1.963909174255753,7.153699854711704e-13,1.6600000000000001,1.0
328,Michaelis-Menten,Renewal,0.0,0.3181083271244584,20.716150993425003,7.395428912272254,0.25,1.9639091742525672,0.0,1.6600000000000001,1.0
329,Michaelis-Menten,Renewal,0.0,0.8721212484179951,2.118750874348734,1.2345394216434498,0.2506153127441966,1.96400473080184,2.146314427754481e-05,1.6600000000000001,1.0
330,Michaelis-Menten,Renewal,0.0,0.32924160670537556,19.118331271181347,5.243038301535435,0.25,1.9639091742525672,0.0,1.6600000000000001,1.0
331,Michaelis-Menten,Renewal,0.0,1.3138403749688685,1.7059969721255612,0.6243538628776536,0.25212777424819377,1.9640986302377328,4.255554866776978e-05,1.6600000000000001,1.0
332,Michaelis-Menten,Renewal,0.0,0.8582451889681142,0.1373728831873393,0.8238884488894455,0.42822737758298984,1.9797268173552767,0.02222923727394594,1.6600000000000001,1.0
333,Michaelis-Menten,Renewal,0.0,1.8686710592334752,0.04452581690520674,0.2704634143543874,0.47744777127242316,2.018818932703088,0.06549856153611125,1.6600000000000001,1.0
334,Michaelis-Menten,Renewal,0.0,0.897690902929288,0.10157206519858164,0.9228002022553873,0.4372891004840087,1.9805279895935235,0.024199197749675792,1.6600000000000001,1.0
335,Michaelis-Menten,Renewal,0.0,1.0207543290920662,0.2817926861737874,0.8313372310236768,0.37465513327370403,1.9760871680446057,0.012233055538052285,1.6600000000000001,1.0
336,Michaelis-Menten,Renewal,0.0,0.313132318223282,17.91161368104929,7.347373046211844,0.25,1.9639091742525672,0.0,1.6600000000000001,1.0
337,Michaelis-Menten,Renewal,0.0,0.9808881774773985,1.064897141415372,1.0123230872033855,0.2639513492393836,1.9651510845496873,0.0003181227001140885,1.68,1.0
338,Michaelis-Menten,Renewal,0.0,0.31407288534071975,14.208518008873853,10.088592744761513,0.25,1.9639091742525672,0.0,1.6600000000000001,1.0
339,Michaelis-Menten,Renewal,0.0,0.992578043853972,0.3815249933653604,1.0210751223850167,0.3456261175588923,1.9724077389000112,0.0075595201999184,1.6600000000000001,1.0
340,Michaelis-Menten,Renewal,0.0,0.32670626643968387,20.6836403240726,11.110577976350509,0.25,1.9639091742525672,0.0,1.6600000000000001,1.0
341,Michaelis-Menten,Renewal,0.0,2.2859681112777026,0.010026569809753028,0.2990893844880753,0.48851068246305784,2.051511938948191,0.1223077404047559,1.84,1.0
342,Michaelis-Menten,Renewal,0.0,1.3870434023317566,0.017058575653663866,0.21614269392341223,0.48859003372954324,2.0175588825296353,0.08135320892582328,1.6600000000000001,1.0
343,Michaelis-Menten,Renewal,0.0,0.5412864042863268,15.987263931731604,3.6282603739184505,0.25,1.9639091742525672,0.0,1.6600000000000001,1.0
344,Michaelis-Menten,Renewal,0.0,0.3997634538463625,20.04095538883996,6.35651965210274,0.25,1.9639091742525672,0.0,1.6600000000000001,1.0
345,Michaelis-Menten,Renewal,0.0,0.8433695978264127,1.646090878362429,1.1853327405882421,0.2523943422446007,1.964125607140107,4.8615337620027124e-05,1.6600000000000001,1.0
346,Michaelis-Menten,Renewal,0.0,0.40938478101468095,23.987482705155514,10.751027128846685,0.25,1.9639091742525672,0.0,1.6600000000000001,1.0
347,Michaelis-Menten,Renewal,0.0,0.2555054786627265,20.677222532978135,15.33816527779142,0.25,1.9639091742525672,0.0,1.6600000000000001,1.0
348,Michaelis-Menten,Renewal,0.0,0.6951903730760657,5.826691245797974,1.932569736144488,0.25000001087451706,1.9639091756195677,3.0704018993965575e-10,1.6600000000000001,1.0
349,Michaelis-Menten,Renewal,0.0,0.46563899232065226,5.578492404928511,4.059340116874097,0.2500000221162091,1.9639091762218737,4.4232418172640564e-10,1.6600000000000001,1.0
350,Michaelis-Menten,Renewal,0.0,0.605261607728225,8.415373083932081,1.9769813268858727,0.25000000000497147,1.9639091742530115,9.942935363937977e-14,1.6600000000000001,1.0
351,Michaelis-Menten,Renewal,0.0,1.0073492478337973,0.4396491258336255,0.8723397338535962,0.331298712844569,1.976627441798274,0.009236810775375451,1.6600000000000001,1.0
352,Michaelis-Menten,Renewal,0.0,1.202761212201336,1.6788967229786067e-05,0.32051157560091365,0.5117104285276896,2.0381236273955396,0.12058530958276151,1.6600000000000001,1.0
353,Michaelis-Menten,Renewal,0.0,0.3655979001699229,19.391785568674123,14.390317763878233,0.25,1.9639091742525672,0.0,1.6600000000000001,1.0
354,Michaelis-Menten,Renewal,0.0,0.37448047586107297,24.879969778892843,4.89512179115874,0.25,1.9639091742525672,0.0,1.6600000000000001,1.0
355,Michaelis-Menten,Renewal,0.0,1.8779886994285913,0.010276100959003998,0.41737596340055566,0.5009312065883093,2.040963644766471,0.1262232142919394,1.84,1.0
356,Michaelis-Menten,Renewal,0.0,0.5142266006461356,11.532572609776139,3.0163185250004134,0.2500000000000005,1.9639091742525676,9.992007221626408e-18,1.6600000000000001,1.0
357,Michaelis-Menten,Renewal,0.0,1.8567276442971294,9.044444425398979e-06,0.2318368341010082,0.7500005566594126,2.0940914115060365,0.22071590180832912,1.6600000000000001,1.0
358,Michaelis-Menten,Renewal,0.0,0.17297059299190606,23.660405653704288,18.629458290376217,0.25,1.9639091742525672,0.0,1.6600000000000001,1.0
359,Michaelis-Menten,Renewal,0.0,0.24075258327688198,27.676310166790756,17.82655852236482,0.25,1.9639091742525672,0.0,1.6600000000000001,1.0
360,Michaelis-Menten,Renewal,0.0,1.0166691032675295,1.31305794827324,0.8910596443606029,0.2569112580470924,1.9645263664117147,0.00013864785381350052,1.6600000000000001,1.0
361,Michaelis-Menten,Renewal,0.0,0.7981961164290922,6.734974246998547,1.6431043051321463,0.25000000071546863,1.9639091743188881,1.4895871203179924e-11,1.6600000000000001,1.0
362,Michaelis-Menten,Renewal,0.0,0.43200573541571047,12.927461004545876,5.100968755312326,0.25,1.9639091742525672,0.0,1.6600000000000001,1.0
363,Michaelis-Menten,Renewal,0.0,0.34066549418319264,19.868069712563738,16.492550171938678,0.25,1.9639091742525672,0.0,1.6600000000000001,1.0
364,Michaelis-Menten,Renewal,0.0,1.0264020796225677,3.624690407055027,0.9775470318404487,0.25000686759965773,1.96391012998038,2.1466535383152243e-07,1.6600000000000001,1.0
365,Michaelis-Menten,Renewal,0.0,0.3672790748739369,11.872318292017326,5.8150949186223855,0.25000000000000017,1.9639091742525672,3.3306690738754695e-18,1.6600000000000001,1.0
366,Michaelis-Menten,Renewal,0.0,0.6021877257251311,8.163762818353689,2.299084659195328,0.250000000010727,1.9639091742535235,2.145505995088115e-13,1.6600000000000001,1.0
367,Michaelis-Menten,Renewal,0.0,0.49844554554789167,8.967317659893084,3.703565581282893,0.2500000000010065,1.9639091742526569,2.0129453659478713e-14,1.6600000000000001,1.0
368,Michaelis-Menten,Renewal,0.0,0.3228759836491505,17.055087628157878,8.505346810121871,0.25,1.9639091742525672,0.0,1.6600000000000001,1.0
369,Michaelis-Menten,Renewal,0.0,0.37798913011651264,19.0119497712559,8.725658590469498,0.25,1.9639091742525672,0.0,1.6600000000000001,1.0
370,Michaelis-Menten,Renewal,0.0,0.2691115176114715,21.522241678879425,11.932244136464714,0.25,1.9639091742525672,0.0,1.6600000000000001,1.0
371,Michaelis-Menten,Renewal,0.0,0.3786698126956983,15.663282714329057,4.628140372764319,0.25,1.9639091742525672,0.0,1.6600000000000001,1.0
372,Michaelis-Menten,Renewal,0.0,0.4220989119963135,13.506246103628996,6.222992455410755,0.25,1.9639091742525672,0.0,1.6600000000000001,1.0
373,Michaelis-Menten,Renewal,0.0,1.9230050201450664,0.004274667467484505,0.5868414103796785,0.5034071292055489,2.0187528271576736,0.0855210697157839,1.6600000000000001,1.0
374,Michaelis-Menten,Renewal,0.0,0.599495538791564,8.422611414270648,1.1596893074794654,0.25000000000497147,1.9639091742530108,9.942935363937977e-14,1.6600000000000001,1.0
375,Michaelis-Menten,Renewal,0.0,0.31353703766663726,18.731730800865193,14.08990473214887,0.25,1.9639091742525672,0.0,1.6600000000000001,1.0
376,Michaelis-Menten,Renewal,0.0,0.21405912826905266,27.00731389015658,16.879109479244967,0.25,1.9639091742525672,0.0,1.6600000000000001,1.0
377,Michaelis-Menten,Renewal,0.0,2.314920839599752,0.00010227860454392612,0.23538222171085926,0.8682871343313762,2.1506020034210596,0.33669284849726905,1.7,1.0
378,Michaelis-Menten,Renewal,0.0,0.3341005295230224,18.333695338537154,6.4730326759139825,0.25,1.9639091742525672,0.0,1.6600000000000001,1.0
379,Michaelis-Menten,Renewal,0.0,0.296038735591529,17.55964242960711,10.684007310976927,0.25,1.9639091742525672,0.0,1.6600000000000001,1.0
380,Michaelis-Menten,Renewal,0.0,0.5160556715364756,11.558888821161077,5.352874319661809,0.25000000000000044,1.9639091742525676,8.881784197001253e-18,1.6600000000000001,1.0
381,Michaelis-Menten,Renewal,0.0,0.4415593713373787,18.466118168724734,4.356897694457763,0.25,1.9639091742525672,0.0,1.6600000000000001,1.0
382,Michaelis-Menten,Renewal,0.0,0.462284283361421,18.506860661734137,6.5684857358679185,0.25,1.9639091742525672,0.0,1.6600000000000001,1.0
383,Michaelis-Menten,Renewal,0.0,3.4020377023467874,1.0051002163891098e-07,0.22765877525541597,0.75,2.1525065205917704,0.3355357134954735,1.6600000000000001,1.0
384,Michaelis-Menten,Renewal,0.0,1.300289758087018,0.09453008865040147,0.6859361775618524,0.45656751232487663,1.9859080072097435,0.030285763837578826,1.6600000000000001,1.0
385,Michaelis-Menten,Renewal,0.0,0.4193353453044981,13.535490558087474,7.976031703293357,0.25,1.9639091742525672,0.0,1.6600000000000001,1.0
386,Michaelis-Menten,Renewal,0.0,1.794126237066555,2.592705499182557e-06,0.21851692901392922,0.5000874001346084,2.0830784961443896,0.2022772379976759,1.98,1.0
387,Michaelis-Menten,Renewal,0.0,0.7347050732762915,3.3083153597857518,2.6734747911367713,0.2500187740872018,1.963910845962725,3.754817539336486e-07,1.6600000000000001,1.0
388,Michaelis-Menten,Renewal,0.0,0.3934444792427965,18.819709253125893,4.330540298051118,0.25,1.9639091742525672,0.0,1.6600000000000001,1.0
389,Michaelis-Menten,Renewal,0.0,0.4119799176669154,21.001535993379548,5.485629272211386,0.25,1.9639091742525672,0.0,1.6600000000000001,1.0
390,Michaelis-Menten,Renewal,0.0,0.2762915397601363,22.813722477972817,7.838175860562139,0.25,1.9639091742525672,0.0,1.6600000000000001,1.0
391,Michaelis-Menten,Renewal,0.0,0.22767647832173019,24.279582324242483,15.690796715170539,0.25,1.9639091742525672,0.0,1.6600000000000001,1.0
392,Michaelis-Menten,Renewal,0.0,1.4423737351518424,0.005440280557422739,0.28621148558133713,0.48851068246305784,2.021037987594847,0.08791241541957785,1.6600000000000001,1.0
393,Michaelis-Menten,Renewal,0.0,0.9221070498877758,1.7697212646403386,1.4846605663496224,0.25178241747671865,1.9640678812723755,3.56484564741466e-05,1.6600000000000001,1.0
394,Michaelis-Menten,Renewal,0.0,1.0773072936247419,1.2297031935620453,1.245930132218722,0.25824175320850606,1.9646698678266432,0.0001708883724779353,1.6600000000000001,1.0
395,Michaelis-Menten,Renewal,0.0,0.48652574269966686,2.9838043628689093,3.990184501986329,0.2500483740907923,1.963913481647292,9.674818158456055e-07,1.6600000000000001,1.0
396,Michaelis-Menten,Renewal,0.0,1.3305072796891888,0.12877641514245397,0.44073699650781895,0.47561582940184305,2.003794834618185,0.055501867387762256,1.6600000000000001,1.0
397,Michaelis-Menten,Renewal,0.0,0.3418044530743613,16.03798956937564,9.472998438220426,0.25,1.9639091742525672,0.0,1.6600000000000001,1.0
398,Michaelis-Menten,Renewal,0.0,0.2978620050183059,21.476250947336325,10.948395984969876,0.25,1.9639091742525672,0.0,1.6600000000000001,1.0
399,Michaelis-Menten,Renewal,0.0,1.3141101861842643,0.4786415978746419,0.6011616474304226,0.32287388865509586,1.9708322459376222,0.004822450818045682,1.6600000000000001,1.0
400,Michaelis-Menten,Renewal,0.0,1.1976882872142396,1.8318936519733313,0.7246796070008442,0.2514073925743602,1.9640580736649296,3.344506791672752e-05,1.6600000000000001,1.0
401,Michaelis-Menten,Renewal,0.0,0.33521422635874065,22.095730324323426,7.8390107663375845,0.25,1.9639091742525672,0.0,1.6600000000000001,1.0
402,Michaelis-Menten,Renewal,0.0,0.29834978422594716,20.330151043322672,10.601976037543448,0.25,1.9639091742525672,0.0,1.6600000000000001,1.0
403,Michaelis-Menten,Renewal,0.0,0.7215545548262646,2.9371998534265913,1.6633398167930604,0.25005444944650523,1.9639140317856212,1.091048258107241e-06,1.6600000000000001,1.0
404,Michaelis-Menten,Renewal,0.0,0.6436711306140143,3.17310140936587,2.357454523296197,0.2500267735218548,1.963911558259883,5.354704597582138e-07,1.6600000000000001,1.0
405,Michaelis-Menten,Renewal,0.0,1.477727421304585,0.0006915929616013727,0.338322227979928,0.5,2.0055172912652344,0.062364551015338464,1.6600000000000001,1.0
406,Michaelis-Menten,Renewal,0.0,0.18848432723130007,23.98499094244346,17.82484365753803,0.25,1.9639091742525672,0.0,1.6600000000000001,1.0
407,Michaelis-Menten,Renewal,0.0,0.2623790058496548,25.05223942635135,7.601252676236419,0.25,1.9639091742525672,0.0,1.6600000000000001,1.0
408,Michaelis-Menten,Renewal,0.0,1.6336206962100506,0.0005507814703378244,0.475151774025119,0.5082417532103382,2.0379475694591926,0.1153881188378964,1.94,1.0
409,Michaelis-Menten,Renewal,0.0,1.3767473461181403,0.21076576375253353,0.3341514217879828,0.40323545119931403,1.982315396852842,0.018635736326054482,1.6600000000000001,1.0
410,Michaelis-Menten,Renewal,0.0,0.23928498953506167,24.169575924847095,15.685152466056378,0.25,1.9639091742525672,0.0,1.6600000000000001,1.0
411,Michaelis-Menten,Renewal,0.0,0.5349957171948273,17.2378030748377,4.3955627468182,0.25,1.9639091742525672,0.0,1.6600000000000001,1.0
412,Michaelis-Menten,Renewal,0.0,1.172906105631977,9.978422724543634e-06,0.41514812534697776,0.5,2.0144313467331365,0.08349668894994158,1.6600000000000001,1.0
413,Michaelis-Menten,Renewal,0.0,1.3429386185270622,0.0007899615606987709,0.39885175807189144,0.5,1.9983748706215754,0.04817823507888665,1.6600000000000001,1.0
414,Michaelis-Menten,Renewal,0.0,1.2428933036775975,1.4524127891490934e-06,0.28566426221706936,0.5,2.002703716034183,0.06376925619376583,1.6600000000000001,1.0
415,Michaelis-Menten,Renewal,0.0,1.3421803574481836,0.0525725227394247,0.4630120427302146,0.46680289440481293,1.9894126306944684,0.03540359262970626,1.6600000000000001,1.0
416,Michaelis-Menten,Renewal,0.0,0.8032810765306133,1.0942086685098502,1.0511654363304825,0.2624148133958096,1.9650143475092594,0.00025776868450025136,1.6600000000000001,1.0
417,Michaelis-Menten,Renewal,0.0,0.5310029354588928,5.071695572299916,3.7227216854230587,0.2500000970518472,1.9639091828944053,1.9410369600514344e-09,1.6600000000000001,1.0
418,Michaelis-Menten,Renewal,0.0,1.432873526073791,0.005534634036052921,0.2705096713787549,0.5,1.9870984764906579,0.03979774987480661,1.6600000000000001,1.0
419,Michaelis-Menten,Renewal,0.0,0.5212037567963257,15.030872003992727,4.914713255540319,0.25,1.9639091742525672,0.0,1.6600000000000001,1.0
420,Michaelis-Menten,Renewal,0.0,1.5867708305703672,0.1085733259374706,0.6814611399806622,0.43728910048419023,2.001635665890855,0.046805012942617005,1.6600000000000001,1.0
421,Michaelis-Menten,Renewal,0.0,0.5100300949372808,8.97151853173682,3.17581703486177,0.2500000000010065,1.9639091742526624,2.1238566461079246e-14,1.6600000000000001,1.0
422,Michaelis-Menten,Renewal,0.0,0.2703450020915944,22.62988360660279,19.476825477898963,0.25,1.9639091742525672,0.0,1.6600000000000001,1.0
423,Michaelis-Menten,Renewal,0.0,1.9048543841214252,0.01267651749765264,0.35589210960967077,0.5000008661583956,2.0073161160884037,0.06274645172079663,1.6600000000000001,1.0
424,Michaelis-Menten,Renewal,0.0,0.4299049266654637,8.763287045102174,3.055224591829755,0.25000000000181855,1.9639091742527308,3.637090628672013e-14,1.6600000000000001,1.0
425,Michaelis-Menten,Renewal,0.0,1.9364736013139083,0.0017289601520928954,0.36903335785617625,0.6184577627309117,2.0564103517400936,0.15265521117686642,1.6600000000000001,1.0
426,Michaelis-Menten,Renewal,0.0,0.35635725268391905,17.905685690113444,9.789018169300892,0.25,1.9639091742525672,0.0,1.6600000000000001,1.0
427,Michaelis-Menten,Renewal,0.0,1.4558129651381069,0.031109747321124814,0.501788048801187,0.48851068246305784,2.0168271136086373,0.07978331576489052,1.6600000000000001,1.0
428,Michaelis-Menten,Renewal,0.0,0.28315382907605835,25.496070538401483,10.359934910525835,0.25,1.9639091742525672,0.0,1.6600000000000001,1.0
429,Michaelis-Menten,Renewal,0.0,1.1261587992905677,4.511403262242993,1.1403596379185124,0.2500005395897118,1.9639092231113748,1.0974140189912163e-08,1.6600000000000001,1.0
430,Michaelis-Menten,Renewal,0.0,0.226555645038502,25.63809391650389,19.198056677992362,0.25,1.9639091742525672,0.0,1.6600000000000001,1.0
431,Michaelis-Menten,Renewal,0.0,1.0002660171191136,1.7444747109547052,1.6368936336762065,0.2518908261090032,1.9640789487844188,3.813449625815424e-05,1.6600000000000001,1.0
432,Michaelis-Menten,Renewal,0.0,0.6130527745955292,12.417479888652906,3.3658887875421604,0.25000000000000006,1.9639091742525672,1.1102230246251566e-18,1.6600000000000001,1.0
433,Michaelis-Menten,Renewal,0.0,0.6767924825491441,6.5425977597072915,2.130047654330541,0.25000000129273003,1.9639091743676762,2.585460068260659e-11,1.6600000000000001,1.0
434,Michaelis-Menten,Renewal,0.0,1.13966517790948,0.4513634949452694,0.8563672484010042,0.33129871350199036,1.9715512998393603,0.005794459697015739,1.6600000000000001,1.0
435,Michaelis-Menten,Renewal,0.0,1.0098539522482433,0.46680369982288994,0.5961137997933869,0.33541323299495884,1.9783453071094015,0.011398389882640986,1.6600000000000001,1.0
436,Michaelis-Menten,Renewal,0.0,0.2631404009519971,26.11665486332197,11.533518348101198,0.25,1.9639091742525672,0.0,1.6600000000000001,1.0
437,Michaelis-Menten,Renewal,0.0,1.4650362674701223,8.849497135088313e-08,0.2423779885521599,0.5004578358667335,2.015998095307874,0.07469192067643664,1.6600000000000001,1.0
438,Michaelis-Menten,Renewal,0.0,0.4831527324024408,21.762229140584736,9.611257704888216,0.25,1.9639091742525672,0.0,1.6600000000000001,1.0
439,Michaelis-Menten,Renewal,0.0,0.6837709628475477,3.1945110121420157,0.876236876943386,0.2500252356494115,1.96391142411531,5.053403102395216e-07,1.6600000000000001,1.0
440,Michaelis-Menten,Renewal,0.0,0.42417912833302696,21.552368892436107,6.498531706566607,0.25,1.9639091742525672,0.0,1.6600000000000001,1.0
441,Michaelis-Menten,Renewal,0.0,1.133533268219785,1.6048557847111624,1.1370172830201881,0.25285790590918555,1.9641768900974526,6.0135036230010155e-05,1.6600000000000001,1.0
442,Michaelis-Menten,Renewal,0.0,0.1858899268903659,25.95706132923874,19.141868964200754,0.25,1.9639091742525672,0.0,1.6600000000000001,1.0
443,Michaelis-Menten,Renewal,0.0,0.23073128097749226,21.164891655511724,15.079001598484655,0.25,1.9639091742525672,0.0,1.6600000000000001,1.0
444,Michaelis-Menten,Renewal,0.0,1.1366968477129162,0.0483289984852604,0.462435360779994,0.4774477419318496,1.9950619266894551,0.04052904223044832,1.6600000000000001,1.0
445,Michaelis-Menten,Renewal,0.0,0.4354305185420819,14.674156154653815,5.748214104479696,0.25,1.9639091742525672,0.0,1.6600000000000001,1.0
446,Michaelis-Menten,Renewal,0.0,1.204552141542938,8.412820136840196,1.0890044525175075,0.25000000000497147,1.9639091742532722,1.5782042339651525e-13,1.6600000000000001,1.0
447,Michaelis-Menten,Renewal,0.0,0.8774202620538631,10.225429748047759,2.3966511500418393,0.2500000000000242,1.9639091742525714,5.084821452783217e-16,1.6600000000000001,1.0
448,Michaelis-Menten,Renewal,0.0,1.177227855824709,0.00011256833204242866,0.42903472771731666,0.8622109724391647,2.0619474124602175,0.17532586216083193,1.6600000000000001,1.0
449,Michaelis-Menten,Renewal,0.0,0.7262878033623988,9.973550523015092,1.3450572627093822,0.2500000000000523,1.963909174252573,1.056932319443149e-15,1.6600000000000001,1.0
450,Michaelis-Menten,Renewal,0.0,0.6212959232100999,0.29529572131190207,1.2945596186656143,0.3682871221143216,1.9744173592606677,0.010952570922739189,1.6600000000000001,1.0
451,Michaelis-Menten,Renewal,0.0,0.33295383718644883,14.005531533279878,5.008665463062872,0.25,1.9639091742525672,0.0,1.6600000000000001,1.0
452,Michaelis-Menten,Renewal,0.0,0.46778457168314713,17.429689604647933,3.811877405132526,0.25,1.9639091742525672,0.0,1.6600000000000001,1.0
453,Michaelis-Menten,Renewal,0.0,0.4462070898666489,12.771012207606077,2.5149975504453694,0.25,1.9639091742525672,0.0,1.6600000000000001,1.0
454,Michaelis-Menten,Renewal,0.0,0.41119007176935235,10.209052125344044,5.8334069695206825,0.2500000000000257,1.9639091742525698,5.140332604014475e-16,1.6600000000000001,1.0
455,Michaelis-Menten,Renewal,0.0,1.3436546580223379,9.666868140811857e-05,0.39787388946918145,0.5000000000000306,2.0084128509824795,0.07917430903514741,1.6600000000000001,1.0
456,Michaelis-Menten,Renewal,0.0,0.5715829349371403,10.49161504101761,3.5740258248857644,0.2500000000000106,1.963909174252569,2.1205259770340491e-16,1.6600000000000001,1.0
457,Michaelis-Menten,Renewal,0.0,1.088835070021212,0.05700160651690567,0.5590029717885938,0.48385820982284333,1.9916309391024025,0.03852411065322011,1.6600000000000001,1.0
458,Michaelis-Menten,Renewal,0.0,1.0565755043495721,5.01204509088393,1.6424920175380386,0.2500001158988097,1.9639091846058532,2.325442994832727e-09,1.6600000000000001,1.0
459,Michaelis-Menten,Renewal,0.0,1.5892283916797882,0.07579560373994809,0.6742230281805636,0.45656751232487663,1.9863956046506566,0.03025926134433441,1.6600000000000001,1.0
460,Michaelis-Menten,Renewal,0.0,0.38851214413639035,10.699408281892374,5.818543214950998,0.25000000000000583,1.9639091742525705,1.1657341758564144e-16,1.6600000000000001,1.0
461,Michaelis-Menten,Renewal,0.0,1.1303340993102977,0.061729617161518036,0.5440808598183557,0.4668028944039134,1.9929436898376094,0.04025777699999052,1.6600000000000001,1.0
462,Michaelis-Menten,Renewal,0.0,0.4320588822001958,15.59140522325174,2.6752058434413115,0.25,1.9639091742525672,0.0,1.6600000000000001,1.0
463,Michaelis-Menten,Renewal,0.0,0.29415366873570703,25.473311196654493,9.282340653417602,0.25,1.9639091742525672,0.0,1.6600000000000001,1.0
464,Michaelis-Menten,Renewal,0.0,1.28531915711221,0.15352315475979594,0.4764768277671608,0.4195377994658911,1.9862022064748097,0.02386360017663748,1.6600000000000001,1.0
465,Michaelis-Menten,Renewal,0.0,1.2812782585714837,1.2700858608945964,0.543938886467141,0.2577722024071654,1.9648696017296492,0.00021575037905611775,1.6600000000000001,1.0
466,Michaelis-Menten,Renewal,0.0,0.7014800568453515,3.453671609322896,0.788306813397902,0.2500116957555282,1.9639102180371937,2.344437629586693e-07,1.6600000000000001,1.0
467,Michaelis-Menten,Renewal,0.0,1.1481323013695792,0.17002977577067213,0.4632120823311979,0.411210496800129,1.9802212235634318,0.019307890714242187,1.6600000000000001,1.0
468,Michaelis-Menten,Renewal,0.0,1.1925881807644232,9.004392927636218e-05,0.32262278547369255,1.110595705841827,2.191640263585014,0.3928025782085939,1.84,1.0
469,Michaelis-Menten,Renewal,0.0,1.0504131691057066,0.06930010669287867,0.5646782128037919,0.4668028944039134,1.9906889202695761,0.03641399439481684,1.6600000000000001,1.0
470,Michaelis-Menten,Renewal,0.0,0.347164439083949,19.57920863891536,11.463170295150826,0.25,1.9639091742525672,0.0,1.6600000000000001,1.0
471,Michaelis-Menten,Renewal,0.0,1.04122608450597,2.8836069769230903,0.7672536355589163,0.25006502251714946,1.9639151218343804,1.3358838692900667e-06,1.6600000000000001,1.0
472,Michaelis-Menten,Renewal,0.0,0.25394026445351087,21.44881736044644,12.791961732597636,0.25,1.9639091742525672,0.0,1.6600000000000001,1.0
473,Michaelis-Menten,Renewal,0.0,0.40602261661881944,12.094743543343725,3.8431481235759724,0.2500000000000001,1.9639091742525672,2.220446049250313e-18,1.6600000000000001,1.0
474,Michaelis-Menten,Renewal,0.0,0.35832158447283713,14.071706352270326,7.108690088080577,0.25,1.9639091742525672,0.0,1.6600000000000001,1.0
475,Michaelis-Menten,Renewal,0.0,0.5104064078785232,12.884320404306436,4.76930963521844,0.25,1.9639091742525672,0.0,1.6600000000000001,1.0
476,Michaelis-Menten,Renewal,0.0,1.8822644350251665,0.013669151222188702,0.3227739133840702,0.5004734922197869,2.020544526368939,0.08115338384327173,1.6600000000000001,1.0
477,Michaelis-Menten,Renewal,0.0,0.2809444492625103,24.17050032259317,12.216116686259584,0.25,1.9639091742525672,0.0,1.6600000000000001,1.0
478,Michaelis-Menten,Renewal,0.0,0.4414960510830901,11.911876296045307,6.262656724595379,0.25000000000000017,1.9639091742525672,3.3306690738754695e-18,1.6600000000000001,1.0
479,Michaelis-Menten,Renewal,0.0,1.6148856051099139,0.08474186581190679,0.3144102837795344,0.45656751232487663,2.0051302482541487,0.05188567345491466,1.6600000000000001,1.0
480,Michaelis-Menten,Renewal,0.0,1.744321099911776,0.9555249307691156,0.6836536105429396,0.2686598101884578,1.9662613708542949,0.0006583770784762089,1.68,1.0
481,Michaelis-Menten,Renewal,0.0,0.7328788383679505,6.1026047794969145,2.848906766207925,0.2500000047503522,1.9639091746755564,9.500704445386532e-11,1.6600000000000001,1.0
482,Michaelis-Menten,Renewal,0.0,1.141046087219937,0.12417864670121048,0.6448625745629132,0.45706764565795654,1.9998511183488115,0.04995086939714295,1.6600000000000001,1.0
483,Michaelis-Menten,Renewal,0.0,0.38028696140918256,15.255531956487403,5.9212789264613015,0.25,1.9639091742525672,0.0,1.6600000000000001,1.0
484,Michaelis-Menten,Renewal,0.0,0.642529171074019,9.956359590365423,2.0552022104862475,0.2500000000000523,1.9639091742525727,1.0536016503692736e-15,1.6600000000000001,1.0
485,Michaelis-Menten,Renewal,0.0,0.7410216629024752,7.10700286889562,1.4795923995193472,0.2500000002466832,1.9639091742745347,4.9338122476427764e-12,1.6600000000000001,1.0
486,Michaelis-Menten,Renewal,0.0,1.7149044585663789,7.245922085985512e-05,0.214626373159993,0.75,2.0852511501469255,0.2112305476566498,1.6600000000000001,1.0
487,Michaelis-Menten,Renewal,0.0,2.337641878685114,6.728778316755779e-07,0.26232913613962583,0.75,2.109381175599049,0.2528074489762505,1.6600000000000001,1.0
488,Michaelis-Menten,Renewal,0.0,1.319880416619973,3.8962864952933955,0.9245338458205221,0.2500031828357506,1.963909457669084,6.365798107088593e-08,1.6600000000000001,1.0
489,Michaelis-Menten,Renewal,0.0,0.6923364004563872,12.43985617033377,2.9636578221260224,0.25000000000000006,1.9639091742525672,1.1102230246251566e-18,1.6600000000000001,1.0
490,Michaelis-Menten,Renewal,0.0,0.6834539387018957,0.055494773115242424,0.748781740577034,0.46680290997110163,1.983138052592812,0.0310793290357478,1.6600000000000001,1.0
491,Michaelis-Menten,Renewal,0.0,0.4735526899065633,10.769366825546427,3.7320270121271597,0.2500000000000049,1.9639091742525676,9.992007221626409e-17,1.6600000000000001,1.0
492,Michaelis-Menten,Renewal,0.0,0.638412400997331,9.05784828190906,2.407303920937613,0.2500000000007488,1.9639091742526502,1.8232082510394324e-14,1.6600000000000001,1.0
493,Michaelis-Menten,Renewal,0.0,0.3517019593059716,20.578002225728028,6.826016604031743,0.25,1.9639091742525672,0.0,1.6600000000000001,1.0
494,Michaelis-Menten,Renewal,0.0,1.2707190394001018,0.15689432789974944,0.5066209713704147,0.41953779946730174,1.9886272690980773,0.02824465841094512,1.9000000000000001,1.0
495,Michaelis-Menten,Renewal,0.0,0.46974786773688226,14.98656963881615,5.46264464871968,0.25,1.9639091742525672,0.0,1.6600000000000001,1.0
496,Michaelis-Menten,Renewal,0.0,1.7321168988629971,0.00018128669634620564,0.22428781786346733,0.5098618753800174,1.989528945162498,0.04275864367636882,1.6600000000000001,1.0
497,Michaelis-Menten,Renewal,0.0,0.8941185523329342,1.6071098119634826,1.5032624738215554,0.25269421079410614,1.9641491721419313,5.390892046370777e-05,1.6600000000000001,1.0
498,Michaelis-Menten,Renewal,0.0,0.6793898037868732,1.627915498907896,1.9193211012826488,0.2525398667387799,1.964135320383482,5.079733477562298e-05,1.6600000000000001,1.0
499,Michaelis-Menten,Renewal,0.0,0.3053729252402633,19.540201105626522,4.534872482602514,0.25,1.9639091742525672,0.0,1.6600000000000001,1.0
500,Michaelis-Menten,Renewal,0.0,0.3321661637653022,16.244750515210512,10.35628760946561,0.25,1.9639091742525672,0.0,1.6600000000000001,1.0
501,Michaelis-Menten,Renewal,0.0,0.6652314696505216,5.036113929710609,2.250223512290846,0.2500001092413988,1.9639091839798852,2.1848448528150044e-09,1.6600000000000001,1.0
502,Michaelis-Menten,Renewal,0.0,0.29322762545742553,18.63664189254075,6.029702271746051,0.25,1.9639091742525672,0.0,1.6600000000000001,1.0
503,Michaelis-Menten,Renewal,0.0,1.0144214704212704,0.17829669276071058,0.6476695294752812,0.411210496800129,1.983720389275979,0.02224450539349379,1.6600000000000001,1.0
504,Michaelis-Menten,Renewal,0.0,0.9702602483150431,0.011289738078403388,0.3665715048252027,0.48851068246305784,1.9870726754381922,0.03720049794057309,1.6600000000000001,1.0
505,Michaelis-Menten,Renewal,0.0,0.2586452617453991,21.73197127924675,10.753664957143496,0.25,1.9639091742525672,0.0,1.6600000000000001,1.0
506,Michaelis-Menten,Renewal,0.0,1.1889559163201373,0.2253846005514788,0.6668454432805891,0.3993046570699418,1.9906359206258812,0.032211184015515246,1.6600000000000001,1.0
507,Michaelis-Menten,Renewal,0.0,0.6412930295074596,3.0270757510115516,1.560041450307592,0.2500405080427874,1.963913395238264,9.480732611066857e-07,1.6600000000000001,1.0
508,Michaelis-Menten,Renewal,0.0,0.43588232192917553,18.20783927752234,4.578647812927807,0.25,1.9639091742525672,0.0,1.6600000000000001,1.0
509,Michaelis-Menten,Renewal,0.0,0.48666978895123786,7.842633693809034,1.9922186505102584,0.2500000000276405,1.9639091742550294,5.528100199825304e-13,1.6600000000000001,1.0
510,Michaelis-Menten,Renewal,0.0,0.592081935389938,1.6081743981930003,2.336921596159475,0.2528579057779577,1.9641636363694668,5.715811634751655e-05,1.6600000000000001,1.0
511,Michaelis-Menten,Renewal,0.0,0.6281275846509311,2.425343791943419,1.7073001204014817,0.250253446729506,1.9639317419161864,5.068934597065588e-06,1.6600000000000001,1.0
512,Michaelis-Menten,Renewal,0.0,0.22969749308697937,28.110163197855115,16.79822156805946,0.25,1.9639091742525672,0.0,1.6600000000000001,1.0
513,Michaelis-Menten,Renewal,0.0,0.9716881467253955,0.04052725344138253,0.8236017555693701,0.46680289443941436,1.992438786489971,0.03828034608964467,1.6600000000000001,1.0
514,Michaelis-Menten,Renewal,0.0,0.26948173209054616,22.47391441597125,11.239075448929686,0.25,1.9639091742525672,0.0,1.6600000000000001,1.0
515,Michaelis-Menten,Renewal,0.0,0.30197422691447273,15.11435799116191,12.991135686918255,0.25,1.9639091742525672,0.0,1.6600000000000001,1.0
516,Michaelis-Menten,Renewal,0.0,0.6431710646799622,4.459418736217955,1.3824895489021425,0.2500006073612519,1.96390922914571,1.2329508294328663e-08,1.6600000000000001,1.0
517,Michaelis-Menten,Renewal,0.0,0.5699631640487791,7.288790220106364,4.013807677498849,0.25000000014484847,1.9639091742654657,2.8969693310898494e-12,1.6600000000000001,1.0
518,Michaelis-Menten,Renewal,0.0,0.6992486129939687,4.1563801916171315,1.6225712723514258,0.2500014751037741,1.963909305600999,2.950207580454389e-08,1.6600000000000001,1.0
519,Michaelis-Menten,Renewal,0.0,1.2689608204394707,0.008106755655489906,0.3797175262981629,0.7121974002234157,2.04093542724793,0.12929955840120466,1.6600000000000001,1.0
520,Michaelis-Menten,Renewal,0.0,1.2442970639758766,0.014910099493022244,0.43014214449565286,0.48851068246305784,1.985064832302806,0.036551134008384834,1.6600000000000001,1.0
521,Michaelis-Menten,Renewal,0.0,0.37819789764727085,19.544068178545814,8.641672435138878,0.25,1.9639091742525672,0.0,1.6600000000000001,1.0
522,Michaelis-Menten,Renewal,0.0,0.46480563755093895,14.342309405934714,3.873560082516289,0.25,1.9639091742525672,0.0,1.6600000000000001,1.0
523,Michaelis-Menten,Renewal,0.0,0.24476542123484393,21.771019393886604,8.47667351321758,0.25,1.9639091742525672,0.0,1.6600000000000001,1.0
524,Michaelis-Menten,Renewal,0.0,0.8239631438069244,3.7586102832970028,0.7065922924175123,0.2500048156571357,1.9639098717761767,1.5667028132493325e-07,1.6600000000000001,1.0
525,Michaelis-Menten,Renewal,0.0,0.5206990129401917,12.538877271782553,4.441180952307635,0.25,1.9639091742525672,0.0,1.6600000000000001,1.0
526,Michaelis-Menten,Renewal,0.0,1.380100827047565,0.9432859880187721,0.5047381640888242,0.2697736221625387,1.9658503985989897,0.0005875577050333769,1.6600000000000001,1.0
527,Michaelis-Menten,Renewal,0.0,0.27606266193469636,19.724359346304198,10.725047482751723,0.25,1.9639091742525672,0.0,1.6600000000000001,1.0
528,Michaelis-Menten,Renewal,0.0,1.3908751783993358,0.002043869458077552,0.34407016656614986,0.7196558617445953,2.0898308800027072,0.21062539289632,1.98,1.0
529,Michaelis-Menten,Renewal,0.0,0.4408453476298952,13.699947195316554,5.622546252911939,0.25,1.9639091742525672,0.0,1.6600000000000001,1.0
530,Michaelis-Menten,Renewal,0.0,0.33217227878615585,19.879855450327227,14.267716304032456,0.25,1.9639091742525672,0.0,1.6600000000000001,1.0
531,Michaelis-Menten,Renewal,0.0,0.27583554921028214,19.490923348241267,8.466494879392975,0.25,1.9639091742525672,0.0,1.6600000000000001,1.0
532,Michaelis-Menten,Renewal,0.0,0.32132763554584337,19.299950028657364,8.909464655139356,0.25,1.9639091742525672,0.0,1.6600000000000001,1.0
533,Michaelis-Menten,Renewal,0.0,2.475184115061454,1.8872694909077836e-05,0.20721460462987418,0.6691217157302229,2.093629280189416,0.233944528003728,1.6600000000000001,1.0
534,Michaelis-Menten,Renewal,0.0,0.6464658657954836,3.457267486716887,1.3797653852169387,0.2500116957555282,1.9639102156902648,2.3391662180904936e-07,1.6600000000000001,1.0
535,Michaelis-Menten,Renewal,0.0,0.24228471659200412,22.549943043387202,18.160433816835162,0.25,1.9639091742525672,0.0,1.6600000000000001,1.0
536,Michaelis-Menten,Renewal,0.0,0.885819087952395,0.014249815819198375,0.858401120025219,0.48851068246305784,1.9860398354628552,0.036770181604726594,1.6600000000000001,1.0
537,Michaelis-Menten,Renewal,0.0,0.32796630214241934,24.53179624110578,11.450920869961333,0.25,1.9639091742525672,0.0,1.6600000000000001,1.0
538,Michaelis-Menten,Renewal,0.0,0.26518969300239625,19.90776705076189,8.527647870417985,0.25,1.9639091742525672,0.0,1.6600000000000001,1.0
539,Michaelis-Menten,Renewal,0.0,0.34438991234675975,18.522443802158705,7.304779369002386,0.25,1.9639091742525672,0.0,1.6600000000000001,1.0
540,Michaelis-Menten,Renewal,0.0,0.31586713806737704,20.738138689426393,8.911554674627443,0.25,1.9639091742525672,0.0,1.6600000000000001,1.0
541,Michaelis-Menten,Renewal,0.0,0.5278554168464734,13.969734994209432,3.3582089644999935,0.25,1.9639091742525672,0.0,1.6600000000000001,1.0
542,Michaelis-Menten,Renewal,0.0,0.22979514169947235,23.612804355896117,7.819879127130581,0.25,1.9639091742525672,0.0,1.6600000000000001,1.0
543,Michaelis-Menten,Renewal,0.0,0.9106576129007152,0.8680602497634311,1.2371787907941156,0.2735199822883722,1.9660903701341848,0.0007137901481026344,1.6600000000000001,1.0
544,Michaelis-Menten,Renewal,0.0,0.4941244043875118,15.82092527340464,3.407852180464066,0.25,1.9639091742525672,0.0,1.6600000000000001,1.0
545,Michaelis-Menten,Renewal,0.0,0.23878376604375057,22.389773587466948,14.22307216249634,0.25,1.9639091742525672,0.0,1.6600000000000001,1.0
546,Michaelis-Menten,Renewal,0.0,0.7852308017885596,1.025282490888003,1.989796232749773,0.26478844607378077,1.9652255726456551,0.0003510039804292009,1.6600000000000001,1.0
547,Michaelis-Menten,Renewal,0.0,1.5770736829271461,0.0001996753155992792,0.562488146473569,0.5000176962083722,2.0083926102015193,0.0737565867251338,1.96,1.0
548,Michaelis-Menten,Renewal,0.0,1.1870986470677234,0.016189564860951577,0.4612798474623113,0.48851068246305784,1.9919945879698944,0.039529203653872476,1.6600000000000001,1.0
549,Michaelis-Menten,Renewal,0.0,0.42182062513787333,18.487266744048156,4.872666585004623,0.25,1.9639091742525672,0.0,1.6600000000000001,1.0
550,Michaelis-Menten,Renewal,0.0,0.5907534722073468,4.540365824599476,1.3871453635346858,0.2500004793803586,1.963909216938281,9.587607171512858e-09,1.6600000000000001,1.0
551,Michaelis-Menten,Renewal,0.0,0.6837857054997442,7.04423724879473,1.979295049065333,0.25000000029458774,1.9639091742787984,5.891757082210347e-12,1.6600000000000001,1.0
552,Michaelis-Menten,Renewal,0.0,0.4856357482332842,11.550991017154246,3.4965310309270996,0.2500000000000005,1.9639091742525678,1.887379141862766e-17,1.6600000000000001,1.0
553,Michaelis-Menten,Renewal,0.0,1.4897561166285391,6.12197950999871e-05,0.29256166963252067,0.6154629340186399,2.052329604835973,0.1565875413565171,1.6600000000000001,1.0
554,Michaelis-Menten,Renewal,0.0,0.29885564636358647,23.222450494602768,14.294074042077222,0.25,1.9639091742525672,0.0,1.6600000000000001,1.0
555,Michaelis-Menten,Renewal,0.0,0.2123351219341143,25.6466804377755,15.23891328514971,0.25,1.9639091742525672,0.0,1.6600000000000001,1.0
556,Michaelis-Menten,Renewal,0.0,2.7914587126251513,2.2878059553477215e-06,0.2452034615157366,0.5415185725056243,2.107794507052533,0.23693239353946077,1.6600000000000001,1.0
557,Michaelis-Menten,Renewal,0.0,0.41341025045049956,14.468189086042912,9.644720059791725,0.25,1.9639091742525672,0.0,1.6600000000000001,1.0
558,Michaelis-Menten,Renewal,0.0,0.1429903745162882,32.469714475677904,19.282153169063296,0.25,1.9639091742525672,0.0,1.6600000000000001,1.0
559,Michaelis-Menten,Renewal,0.0,0.310817270580824,18.461327182617865,11.878762560383928,0.25,1.9639091742525672,0.0,1.6600000000000001,1.0
560,Michaelis-Menten,Renewal,0.0,0.3456691331146438,18.176368206468965,13.679144199091057,0.25,1.9639091742525672,0.0,1.6600000000000001,1.0
561,Michaelis-Menten,Renewal,0.0,1.1968036438503877,0.008131752865267572,0.27102905069571265,0.5,2.025051587053658,0.09666787242768793,1.6600000000000001,1.0
562,Michaelis-Menten,Renewal,0.0,1.0329619494755438,6.939856227896826,1.359386104782834,0.2500000003959801,1.9639091743042605,1.1610535866068972e-11,1.6600000000000001,1.0
563,Michaelis-Menten,Renewal,0.0,0.24229426601839185,24.10745482732142,11.448148010272112,0.25,1.9639091742525672,0.0,1.6600000000000001,1.0
564,Michaelis-Menten,Renewal,0.0,1.0831387424427146,0.012824969498154815,0.22408100400172282,0.48856052013598605,1.996449692049523,0.04404631932630573,1.6600000000000001,1.0
565,Michaelis-Menten,Renewal,0.0,0.9530759284184331,0.5578065332855431,0.7256836223023734,0.3084058165139667,1.9691035373404553,0.003223564685927248,1.6600000000000001,1.0
566,Michaelis-Menten,Renewal,0.0,0.6458762785589642,5.52396242347038,2.0976431003961364,0.2500000264110619,1.9639091766043115,5.28223126350369e-10,1.6600000000000001,1.0
567,Michaelis-Menten,Renewal,0.0,1.4229223177788128,0.07219179901949246,0.5854676256761447,0.45656751232487663,1.9829218697432005,0.028761752134465978,1.6600000000000001,1.0
568,Michaelis-Menten,Renewal,0.0,0.9962767762444373,1.3426383555417942,1.543952326469585,0.25614506516779356,1.9644565030066192,0.00012295154660326934,1.6600000000000001,1.0
569,Michaelis-Menten,Renewal,0.0,1.1404240534037893,0.15715806596404036,0.5642985889667658,0.4195377996256344,1.9813730143709096,0.02120320411178389,1.6600000000000001,1.0
570,Michaelis-Menten,Renewal,0.0,0.8183056096765878,0.5476900900629289,1.9719273972258045,0.3117464347464127,1.9694002757613052,0.0035355640525978394,1.6600000000000001,1.0
571,Michaelis-Menten,Renewal,0.0,1.1088394473201366,0.027805360995103,0.45348991613152595,0.4774477419318496,1.9992153005138074,0.05411054226907527,1.6600000000000001,1.0
572,Michaelis-Menten,Renewal,0.0,0.2963139805896592,25.7496012628377,18.098889432704922,0.25,1.9639091742525672,0.0,1.6600000000000001,1.0
573,Michaelis-Menten,Renewal,0.0,0.4473063945780079,11.656116973432972,5.018743005538537,0.25000000000000033,1.9639091742525676,6.661338147750939e-18,1.6600000000000001,1.0
574,Michaelis-Menten,Renewal,0.0,2.0193902191572954,0.008075021614274647,0.20930890047825104,0.5295387467224766,2.1022109554992285,0.22837384541672642,1.6600000000000001,1.0
575,Michaelis-Menten,Renewal,0.0,0.3830208163519776,20.28192006727926,4.8298088522002525,0.25,1.9639091742525672,0.0,1.6600000000000001,1.0
576,Michaelis-Menten,Renewal,0.0,1.6190270155297621,0.027201049726414794,0.455454879586671,0.4885108735222433,2.0145343238672937,0.07576546804340624,1.6600000000000001,1.0
577,Michaelis-Menten,Renewal,0.0,0.24684230391148126,29.073362052225548,15.660386252108546,0.25,1.9639091742525672,0.0,1.6600000000000001,1.0
578,Michaelis-Menten,Renewal,0.0,0.33620997407033715,20.870666995677084,10.72963867390601,0.25,1.9639091742525672,0.0,1.6600000000000001,1.0
579,Michaelis-Menten,Renewal,0.0,1.3015737805565741,0.2497191447947671,0.28662930584571006,0.38830151059157636,1.9798213800981201,0.015501798495592965,1.6600000000000001,1.0
580,Michaelis-Menten,Renewal,0.0,1.0299156012741097,0.5103662237482922,0.6788382584097155,0.3159231644277983,1.969960690402662,0.003998851055442482,1.76,1.0
581,Michaelis-Menten,Renewal,0.0,0.38272195359913314,20.838627941116556,7.999818994527948,0.25,1.9639091742525672,0.0,1.6600000000000001,1.0
582,Michaelis-Menten,Renewal,0.0,0.37815964515600714,10.623021945302128,6.313064748072782,0.25000000000000744,1.963909174252569,1.4876988529977099e-16,1.6600000000000001,1.0
583,Michaelis-Menten,Renewal,0.0,0.5034605518350312,12.363377476185377,4.452867232180013,0.25000000000000006,1.9639091742525672,1.1102230246251566e-18,1.6600000000000001,1.0
584,Michaelis-Menten,Renewal,0.0,1.5687908341337093,0.08314375143254438,0.25622303582903816,0.45656751232487663,2.0206942906806087,0.0625404330864489,1.78,1.0
585,Michaelis-Menten,Renewal,0.0,0.25784959752109227,21.33033895848274,17.041239497198067,0.25,1.9639091742525672,0.0,1.6600000000000001,1.0
586,Michaelis-Menten,Renewal,0.0,0.5524837587471694,7.266900585887342,2.1396656793140605,0.25000000014484847,1.9639091742654655,2.8969693310898494e-12,1.6600000000000001,1.0
587,Michaelis-Menten,Renewal,0.0,0.24225512663433904,21.022146015462,11.915035883144094,0.25,1.9639091742525672,0.0,1.6600000000000001,1.0
588,Michaelis-Menten,Renewal,0.0,1.1510066636255714,0.009453407444880213,0.7326543004013731,0.48851068246305784,1.985056532221451,0.03654926972939517,1.6600000000000001,1.0
589,Michaelis-Menten,Renewal,0.0,0.3417892968364841,17.886649886251064,9.546381325907356,0.25,1.9639091742525672,0.0,1.6600000000000001,1.0
590,Michaelis-Menten,Renewal,0.0,0.6816701831705194,3.675776168924699,2.2952667653072667,0.250006473116538,1.9639097506415648,1.2946233076016612e-07,1.6600000000000001,1.0
591,Michaelis-Menten,Renewal,0.0,1.1622775410396133,0.06652580533818764,0.510739055600978,0.4668028944039134,1.9895880428395831,0.03398676083165578,1.6600000000000001,1.0
592,Michaelis-Menten,Renewal,0.0,1.229880162156163,0.152400926664086,0.5475232565611624,0.4321367923471782,1.9921942608850864,0.03631328383131398,1.6600000000000001,1.0
593,Michaelis-Menten,Renewal,0.0,0.5415968672953143,16.093319977925262,7.76302002190967,0.25,1.9639091742525672,0.0,1.6600000000000001,1.0
594,Michaelis-Menten,Renewal,0.0,0.6893484764383518,6.066732865752556,0.9654739657144265,0.2500000050398492,1.9639091747150192,1.0387050108917606e-10,1.6600000000000001,1.0
595,Michaelis-Menten,Renewal,0.0,0.24150964835108385,24.751633639082797,16.64015648939141,0.25,1.9639091742525672,0.0,1.6600000000000001,1.0
596,Michaelis-Menten,Renewal,0.0,0.40226652738962665,17.921027170378466,3.220501719695037,0.25,1.9639091742525672,0.0,1.6600000000000001,1.0
597,Michaelis-Menten,Renewal,0.0,0.5043003075107938,12.859099076295792,3.314941661539408,0.25,1.9639091742525672,0.0,1.6600000000000001,1.0
598,Michaelis-Menten,Renewal,0.0,0.5046610929701655,14.12968324718858,5.442796331845232,0.25,1.9639091742525672,0.0,1.6600000000000001,1.0
599,Michaelis-Menten,Renewal,0.0,0.4912912001685206,14.166289093259365,2.669994512557866,0.25,1.9639091742525672,0.0,1.6600000000000001,1.0
0,Transporter-state,Renewal,0.0,0.4373964180256682,9.743312116974607,4.366553919144421,0.25000000048183324,1.9480091016386778,9.636824671588329e-12,2.04,0.34997046265516885
1,Transporter-state,Renewal,0.0,0.3143233379721969,21.35352528053511,10.344664176519332,0.25,1.8920619092863098,0.0,2.56,0.46284655100610894
2,Transporter-state,Renewal,0.0,0.6915036063543752,1.4713770103440993,1.359438875463458,0.2713646296159861,2.3603487174042046,0.0007244634042168763,2.2,0.11871724478982182
3,Transporter-state,Renewal,0.0,0.6714699769924649,4.124398465436457,0.8751977071777346,0.2500325028906498,2.0872782958400826,6.523743580622022e-07,3.08,0.3132092734821743
4,Transporter-state,Renewal,0.0,0.3636245662593633,18.157247552927174,7.360424764993094,0.25,1.9254164470572095,0.0,2.18,0.4076056550674436
5,Transporter-state,Renewal,0.0,0.6229155264771568,6.284596519882371,1.8686017646896391,0.2500058360316653,2.069808284760045,1.1833058208732262e-07,2.24,0.23147143610309795
6,Transporter-state,Renewal,0.0,1.4216624813538699,2.5947952053684276e-07,0.32661556373018363,0.75,4.309433875637974,0.17504227384381707,8.14,0.060219485037480314
7,Transporter-state,Renewal,0.0,0.6916050233991563,3.831853609290846,2.0292749832576122,0.25008676294773813,2.0952188381715766,1.7352605318476932e-06,3.02,0.28669205038556855
8,Transporter-state,Renewal,0.0,1.1572233329314086,0.00019457159757507725,0.39929115969682927,0.5,2.9403424116921695,0.03354142984082044,2.7800000000000002,0.0909546003189936
9,Transporter-state,Renewal,0.0,0.18958621019459532,27.162794514187908,17.261344808919283,0.25,1.8672172595088565,0.0,2.24,0.49970129119765877
10,Transporter-state,Renewal,0.0,0.9821817451558106,0.9547190339587814,1.1324826494060252,0.2722321888099656,2.469829098689333,0.0005779079136768606,2.66,0.19571119598458486
11,Transporter-state,Renewal,0.0,0.3269600145735561,22.341768834040124,7.921016694873923,0.25,1.8957722070380503,0.0,2.08,0.47134124437153413
12,Transporter-state,Renewal,0.0,0.3205595541531972,27.65797521801261,17.288908023615175,0.25,1.8939686893223426,0.0,2.24,0.49807527456409006
13,Transporter-state,Renewal,0.0,0.7746004802442048,6.686115711776381,1.3430129621814335,0.2500001412835961,2.1351421421515533,3.2906488556250226e-09,3.58,0.2980860021041528
14,Transporter-state,Renewal,0.0,0.5243240435588337,8.358467850156103,3.0214866375982434,0.2500001011212987,2.107167677090317,2.03984830582371e-09,2.16,0.26812045250575767
15,Transporter-state,Renewal,0.0,0.28937772686317853,18.60933603622368,13.955061709704747,0.25,1.8938155072897218,0.0,2.1,0.44880193300158255
16,Transporter-state,Renewal,0.0,0.5148823622063518,16.722473474717845,4.491744180169275,0.25000000000000067,1.9668393039537064,1.3322676295501878e-17,2.14,0.38367694929441065
17,Transporter-state,Renewal,0.0,0.36385674803096313,12.256146656199462,10.531960144246261,0.2500000000008633,1.9099112682744526,1.7266188478970436e-14,2.2600000000000002,0.3923413145255692
18,Transporter-state,Renewal,0.0,0.7420817573652198,3.916115134129541,2.31381781667664,0.2500823641398839,2.2770152621171516,3.88448564557331e-06,2.6,0.16053004679249772
19,Transporter-state,Renewal,0.0,0.2645746179064715,23.40962864821914,11.609324083903266,0.25,1.8808647301265178,0.0,2.34,0.484552528631913
20,Transporter-state,Renewal,0.0,0.15390959889059283,27.47851470760193,19.11782168434138,0.25,1.8627668957416101,0.0,2.14,0.4978090362176529
21,Transporter-state,Renewal,0.0,0.5301252625983632,13.431220331554073,2.9859273783124842,0.25000000000006495,1.9806159341885343,1.3000711618360584e-15,2.3000000000000003,0.4013408530300232
22,Transporter-state,Renewal,0.0,0.34853570766973985,22.0723781044631,6.892911899362079,0.25,1.9008688038278283,0.0,2.4,0.4594583814325257
23,Transporter-state,Renewal,0.0,0.7328901763053324,2.610877076414681,0.9731404322398319,0.2507186439703164,2.1312896580969865,1.4373324368890383e-05,2.24,0.29677459215186053
24,Transporter-state,Renewal,0.0,1.111831209876153,1.745680279393298,0.717430325327797,0.2776392979111309,3.0970458550456876,0.0017000880757986304,2.08,0.06746694960137478
25,Transporter-state,Renewal,0.0,1.4474744445600374,4.9171417401794315e-05,0.2413028237922718,1.1787716447730998,27.94726386338367,14.597610745258518,2.22,0.006763159250875117
26,Transporter-state,Renewal,0.0,1.7114077161489298,0.00017652001668011508,0.22516652920780514,0.75,15.865331772571215,4.218757275871905,2.02,0.01376421272332351
27,Transporter-state,Renewal,0.0,0.3907568417623869,19.540540975239367,7.828994550734572,0.25,1.9201353014713514,0.0,2.32,0.43090093399015783
28,Transporter-state,Renewal,0.0,1.0568518097063735,0.05981910111790967,0.7146645807291628,0.45340990527444686,3.1324570673858854,0.02882919825096116,2.14,0.05676326480865301
29,Transporter-state,Renewal,0.0,1.025254663434651,1.3769919388662402,1.5912935719312258,0.27660886702504806,2.575529881454246,0.0010886281930533495,2.56,0.1077350826769935
30,Transporter-state,Renewal,0.0,0.5115195325562735,11.340391361026931,1.677763858891833,0.2500000000028852,1.9754644249936664,5.770717237396638e-14,2.04,0.4031385297154061
31,Transporter-state,Renewal,0.0,1.2448585783954231,0.2544672218311348,0.540940603483261,0.3967147995056114,3.547616631392068,0.03159319289611368,6.04,0.06683325612789759
32,Transporter-state,Renewal,0.0,2.1809187219317243,0.0026970110616275633,0.21858610182923116,0.7757908315101091,24.65422596119832,9.377839771579369,2.62,0.010500633454460728
33,Transporter-state,Renewal,0.0,0.5064907466679964,8.656283432178427,4.459335914195467,0.25000000143863765,1.9902983065229816,5.242696277107939e-11,2.52,0.35909386661663945
34,Transporter-state,Renewal,0.0,1.3196067917466212,0.00020098583104299905,0.25212827584445435,0.5007127541604129,4.751396417589002,0.12822875554689192,2.04,0.03636673403038848
35,Transporter-state,Renewal,0.0,0.3932050467642266,16.54256356502981,5.2965387115060185,0.2500000000000001,1.9306217030826487,2.220446049250313e-18,2.06,0.41796517207837947
36,Transporter-state,Renewal,0.0,0.33903641191264744,15.685968555639647,7.612017515028402,0.25000000000000105,1.9136347696257443,2.1094237467877975e-17,2.36,0.4059047433944909
37,Transporter-state,Renewal,0.0,0.7624190445518394,3.8411447866566277,2.5892453531902464,0.25018947982520867,2.237195939186348,4.109585930907044e-06,2.24,0.21809328390202232
38,Transporter-state,Renewal,0.0,1.320413075107197,1.1546943733307558,0.6832693890005769,0.5524505052340879,10.657515135714586,2.128538849105314,3.08,0.014846389218062472
39,Transporter-state,Renewal,0.0,1.4647271796032857,5.663305512371153e-05,0.35202339236156566,0.5000119800648958,4.428016652453536,0.0849092188215024,2.14,0.03887384703105079
40,Transporter-state,Renewal,0.0,1.57144793142729,0.3716699653050455,0.27292938049689,0.3826871429839691,4.2333485737093905,0.03873646954504039,12.36,0.04991569132376117
41,Transporter-state,Renewal,0.0,1.5806319631837207,0.007896140063280654,0.30839739051659704,0.7778358690044537,10.270837149587312,1.5732259824473962,14.280000000000001,0.017896909564382946
42,Transporter-state,Renewal,0.0,0.3273441301171751,20.565973112475888,7.111159422987747,0.25,1.8990800112514357,0.0,2.2800000000000002,0.45924324059769794
43,Transporter-state,Renewal,0.0,0.38498006430496784,14.26529269082721,2.4519902362323664,0.2500000000000062,1.90920491421936,1.2434497875801754e-16,2.32,0.4163924568220383
44,Transporter-state,Renewal,0.0,0.31569084957769655,23.045581031921984,9.349360033684817,0.25,1.887757729174899,0.0,2.44,0.48750393323702435
45,Transporter-state,Renewal,0.0,2.204732333376619,0.0001292431211084022,0.248435256428552,0.75,25.33824501013666,8.217157945972238,2.04,0.011266315832795026
46,Transporter-state,Renewal,0.0,1.6254591959894251,2.3573093358209007e-05,0.29070870343794547,0.6905522977630482,12.939103013136972,3.2742800877431555,6.8,0.012407822035644167
47,Transporter-state,Renewal,0.0,0.3446306241813222,20.942682545863818,9.242484196163316,0.25,1.9033003917959352,0.0,2.16,0.45912679267257894
48,Transporter-state,Renewal,0.0,0.5417739178649438,3.3445512186993938,2.390732266828562,0.25024185001071403,2.025283655394807,4.83700021455924e-06,2.34,0.27461682571456425
49,Transporter-state,Renewal,0.0,0.862591365025895,3.7911590847339767,1.117647096962507,0.2504805974578843,2.3002044559853694,9.724173857456054e-06,2.48,0.1842951764535209
50,Transporter-state,Renewal,0.0,0.3175312388826557,19.38859738566555,10.607722799831883,0.25,1.903226590643893,0.0,2.08,0.44542832973823143
51,Transporter-state,Renewal,0.0,0.8710538004552403,0.2916100439061893,0.9877572084172499,0.49900517070895045,6.39934786030377,0.8104086219234194,2.14,0.01898432303916997
52,Transporter-state,Renewal,0.0,0.235136338777705,24.29918550579157,14.73279628457698,0.25,1.8785624758996289,0.0,2.1,0.49303896327303076
53,Transporter-state,Renewal,0.0,1.3481186381037453,0.05604399085291334,0.37246366786169566,0.4392165181439473,4.563647296253641,0.03466352666094914,7.18,0.0619909848938941
54,Transporter-state,Renewal,0.0,0.7006109426206124,8.289002794442581,2.483528804485915,0.2500000318677929,2.0848044582159115,6.423128273702616e-10,2.02,0.3022399006599401
55,Transporter-state,Renewal,0.0,0.7161373713770112,6.208965941174483,1.103298462731256,0.25000072637187576,2.216663790979661,1.499960638473574e-08,2.16,0.26252827158110836
56,Transporter-state,Renewal,0.0,1.3374949723447753,0.39115496220449586,0.48282336096403905,0.5424580006968487,10.794150530437927,1.4477268179116332,3.74,0.015912845721004154
57,Transporter-state,Renewal,0.0,1.0682665299456957,1.672643846845972,0.6420059351262628,0.2695714957037516,2.677058670248807,0.0007230019330786919,2.62,0.10707270948494263
58,Transporter-state,Renewal,0.0,0.6383693534642121,8.142030785277086,1.8446084250880919,0.25000017592887674,2.121952671069943,3.984479739482793e-09,2.06,0.26145931925882604
59,Transporter-state,Renewal,0.0,0.9062153526846602,0.13597884775526836,0.6240729683627626,0.3979434101240796,2.4960739985715445,0.0128191000851988,2.12,0.16631642529775115
60,Transporter-state,Renewal,0.0,0.3177970231224824,23.02169081657712,9.839610495551531,0.25,1.8962068572495663,0.0,2.46,0.47166369236654704
61,Transporter-state,Renewal,0.0,0.49540964669437304,9.935548041783932,3.0862595414852536,0.25000000010979767,1.9717004371979827,2.196043347169052e-12,2.1,0.3787694511895022
62,Transporter-state,Renewal,0.0,1.7141318358547046,4.004611895425114e-06,0.30552179160413434,1.1031745509312776,18.65552673719905,8.710093315278478,2.02,0.008516130547804313
63,Transporter-state,Renewal,0.0,0.3386259114373363,24.239804546424125,10.145686381100177,0.25,1.8970858767372665,0.0,2.24,0.48061169252584646
64,Transporter-state,Renewal,0.0,0.23445972695870448,25.345792580638715,15.89552725943058,0.25,1.8755669552347949,0.0,2.2,0.49013746409630676
65,Transporter-state,Renewal,0.0,0.4233541919961189,16.661641075433863,4.343842124937703,0.2500000000000001,1.9247498035513073,2.220446049250313e-18,2.36,0.4146503803188504
66,Transporter-state,Renewal,0.0,0.336235870817395,18.081231738291592,14.648005991309786,0.25,1.89947784753164,0.0,2.12,0.45248846005763776
67,Transporter-state,Renewal,0.0,1.2596426949996382,0.3426030759951004,0.6387884125198385,0.5093856412312463,5.49544094875052,0.46925571992584386,2.48,0.022681175627775052
68,Transporter-state,Renewal,0.0,0.4115524905538558,9.314385910061617,3.4424951544009437,0.25000000056556926,1.9334909605452117,1.1311388492529773e-11,2.2800000000000002,0.3654757516251853
69,Transporter-state,Renewal,0.0,0.7011854145733064,3.968501314499349,1.6231859464753795,0.25171533609307384,2.3569308841117187,3.5509562651764306e-05,2.82,0.1168725062268311
70,Transporter-state,Renewal,0.0,0.7690082543754795,11.650707208074095,1.558916306416324,0.2500000008037326,2.1536753443623877,1.8858821171363616e-11,2.02,0.274545961018305
71,Transporter-state,Renewal,0.0,0.26681379961244034,24.606236784591346,19.762647678317368,0.25,1.8836183192528007,0.0,2.2,0.48164613727254213
72,Transporter-state,Renewal,0.0,0.3193164878080382,20.549369870310443,11.559032413587136,0.25,1.9076077121765178,0.0,2.2,0.4278509475495784
73,Transporter-state,Renewal,0.0,0.4120133645000614,18.299811293801895,6.965840538128453,0.25,1.9512389700895745,0.0,2.06,0.39411807796875287
74,Transporter-state,Renewal,0.0,0.932260967000882,0.05537680872953388,0.8511402300727664,0.4925984961180388,4.916744040504331,0.32518921096147174,3.8000000000000003,0.02344993498812309
75,Transporter-state,Renewal,0.0,1.1258589767918628,1.8049117670670967e-05,0.6539296501199328,0.5385206245186958,3.162958209433645,0.06028941871868827,2.04,0.0619205911584072
76,Transporter-state,Renewal,0.0,0.6198688740983384,6.655245537888732,1.9269964337875483,0.2500013889097927,2.078637434552536,2.7779111648751354e-08,2.4,0.26281830443188103
77,Transporter-state,Renewal,0.0,1.3008566610609777,2.9345028219472624,1.0793054238388113,0.25355233709643255,3.112184119778247,9.51064505093835e-05,2.1,0.08834315491620193
78,Transporter-state,Renewal,0.0,1.6478002527150228,1.5790230222023638e-05,0.28273842285025447,0.7071888741471095,13.672942932549326,3.4441147450201504,4.08,0.012187056074087987
79,Transporter-state,Renewal,0.0,1.904170796368869,0.004138653873269504,0.26128868251360504,0.5633325582308586,14.036541640515413,2.053154292005868,2.98,0.016004724815688598
80,Transporter-state,Renewal,0.0,1.7324804515045156,0.0002997400276854023,0.286446239124162,0.8363557851334364,12.022488539950439,2.0276743896587406,9.52,0.016249919735589424
81,Transporter-state,Renewal,0.0,0.9634123877296611,1.4853381333212496,0.9198778869543464,0.3547291015380496,4.05162597556802,0.0805552583375988,2.32,0.03012260552505619
82,Transporter-state,Renewal,0.0,0.37646717607798835,20.33073496467125,7.073375599228068,0.25,1.9200850289844384,0.0,2.18,0.43922974942849524
83,Transporter-state,Renewal,0.0,2.161020038976037,0.0001525494982388409,0.2277021513825012,1.1447224195786838,46.34726737804474,26.98365358645311,2.02,0.007044060956553078
84,Transporter-state,Renewal,0.0,0.7184740273025362,7.9535607469940715,1.657358399434756,0.25000000783033016,2.074644172697282,1.7180836642261e-10,3.16,0.3554869107364632
85,Transporter-state,Renewal,0.0,0.8389479307507938,3.4271759189186923,1.3455897316106507,0.25137154468187106,2.283833881769235,2.7430893685336244e-05,2.06,0.15340222069904086
86,Transporter-state,Renewal,0.0,0.7112608983916338,2.58699765589364,1.7192925541128818,0.25279291759741823,2.2508412764999925,5.5858365743866047e-05,2.04,0.17601933637318035
87,Transporter-state,Renewal,0.0,1.3098078402815934,4.078742676938418e-08,0.36648268880746626,0.5000000000000001,3.3385460586161315,0.061758286322047884,5.46,0.06476473949785921
88,Transporter-state,Renewal,0.0,0.2708014951378386,24.168545241908987,7.758454281117647,0.25,1.882939403456502,0.0,2.1,0.48088512324982113
89,Transporter-state,Renewal,0.0,1.0130612727785322,0.7198631345486319,1.0674226174811912,0.31179848420583967,4.018586626666115,0.006250204052184211,2.12,0.04759768104728701
90,Transporter-state,Renewal,0.0,0.9643980354690038,1.923049441951548,3.0008944704488396,0.26190744706148655,2.2707989142294616,0.0002901039857208321,7.26,0.12497021805107511
91,Transporter-state,Renewal,0.0,0.5193158198257726,14.521962639644471,2.798306478440977,0.2500000000000031,1.9636474023736488,6.772360450213456e-17,2.7800000000000002,0.3938485268338362
92,Transporter-state,Renewal,0.0,1.2049768053718892,0.020177355182227075,0.454718066070648,0.47640882952690794,3.653758589876732,0.04410504906669769,2.3000000000000003,0.056058237773215946
93,Transporter-state,Renewal,0.0,0.42095475715313946,14.021898106193476,4.414884307592208,0.25000000000000927,1.929431953849225,1.8540724511240113e-16,2.2800000000000002,0.4170823358743998
94,Transporter-state,Renewal,0.0,0.6638581672016338,5.535382932893526,2.7851579461082823,0.2500095997784645,2.1023396730511434,1.9199557240057176e-07,2.02,0.25209926541145655
95,Transporter-state,Renewal,0.0,1.4953704959531442,0.033281183305916784,0.694986940434213,0.4736770293393251,5.458297440361529,0.09963478155777086,5.5600000000000005,0.04001583778101203
96,Transporter-state,Renewal,0.0,0.30540970718773375,19.15562110607209,9.96041063201012,0.25,1.8959658190095097,0.0,2.24,0.45651634116409956
97,Transporter-state,Renewal,0.0,1.4866871066304057,0.00035555592627645183,0.31099919741977666,0.7074348255314533,16.16238218857493,5.480155721352682,7.6000000000000005,0.012063306693266385
98,Transporter-state,Renewal,0.0,0.4857823030781644,14.278562898986138,3.687656621066483,0.2500000000001298,1.9526486285801237,2.5968116545982412e-15,2.7,0.3675703145320719
99,Transporter-state,Renewal,0.0,0.6777640810682598,5.823833445743219,1.6494259565683564,0.2500025611639105,2.2033578438151373,8.370703371674005e-08,2.34,0.19205526307476395
100,Transporter-state,Renewal,0.0,1.1291171703769989,0.6842717087771888,0.7430649730426794,0.29489375689387454,2.631091444638172,0.0020991195577744538,4.16,0.13896745510442365
101,Transporter-state,Renewal,0.0,1.0225082046403873,0.32442613023482636,0.5248987262397049,0.3332851061655206,4.389696882217658,0.07216890890513816,2.04,0.03007736245680792
102,Transporter-state,Renewal,0.0,0.3457134389569996,12.114917361794255,6.78486084702495,0.2500000000018536,1.9238063843549795,3.7071457015258605e-14,2.1,0.38202974266559997
103,Transporter-state,Renewal,0.0,1.5124181000646233,0.01209335457760119,0.5830015415681628,0.6825977809,7.784502573974623,0.7961392627647741,20.56,0.018682750122191782
104,Transporter-state,Renewal,0.0,1.0212221962600598,3.03363363551739,1.8160011118068697,0.25433995266106896,2.6180058227959164,9.007554434818376e-05,2.14,0.11464117706031673
105,Transporter-state,Renewal,0.0,0.26420096455230024,21.23084128368754,10.750693973768712,0.25,1.8848942162832485,0.0,2.12,0.44113182911213367
106,Transporter-state,Renewal,0.0,0.46683917852062684,10.683248039935336,2.155128994806764,0.250000000054311,1.9571294552629774,1.0862277743939331e-12,2.44,0.36340774314282953
107,Transporter-state,Renewal,0.0,1.0473596804303629,5.214285402908104,0.9242525564903545,0.2500030067839451,2.2617502747109257,6.212580749398456e-08,2.08,0.2754863310552812
108,Transporter-state,Renewal,0.0,1.1074268227001505,0.06930781916446449,0.4523145515289251,0.5201254654708108,4.981590461032952,0.3923280769049114,2.4,0.023659039421376926
109,Transporter-state,Renewal,0.0,0.5597978016102327,8.693437560617326,1.6076383015089826,0.25000000313077236,1.9941506599955443,6.261545726360396e-11,3.2800000000000002,0.3486512042071277
110,Transporter-state,Renewal,0.0,1.0083663766259219,1.7089019918471422,0.9775617525339645,0.25473795379019687,2.515539444720074,0.0001024646976809962,2.9,0.1707622694489349
111,Transporter-state,Renewal,0.0,1.6864090486460934,0.5448566724389252,0.5502828838067215,0.37456877480102524,4.52210276774864,0.0632096150046296,2.66,0.037096228942202436
112,Transporter-state,Renewal,0.0,0.9002049586532556,0.7747377794352133,0.7463102723574706,0.29592887522845085,2.3968130753573402,0.0022335152599918338,2.06,0.1545757272002608
113,Transporter-state,Renewal,0.0,0.4990884234030541,9.658338690326104,2.7428942790627575,0.2500000004517525,1.9827880283335155,9.035256987033336e-12,2.06,0.35516742353517206
114,Transporter-state,Renewal,0.0,0.7101117531395151,8.363943789920995,2.346120649624798,0.25000011113498544,2.091137069516133,2.2227099982785603e-09,2.48,0.2657111705364351
115,Transporter-state,Renewal,0.0,0.44116540548232097,11.309366997007913,4.387634233355723,0.25000000000317,1.9339670970019194,6.34003960442442e-14,2.06,0.4027339025642933
116,Transporter-state,Renewal,0.0,1.0772728996587495,2.1314704269242384,0.8016869587625269,0.2563439297589911,2.7901470898293104,0.00021010517778234926,2.72,0.07707432243484358
117,Transporter-state,Renewal,0.0,1.3183036125441778,0.13560570180243303,0.6759708610238092,0.4919536297579076,8.142606910194786,0.6155058333840168,2.04,0.020466931214261797
118,Transporter-state,Renewal,0.0,2.3637329834449825,0.00014121334038463829,0.20290285856552837,0.8754981241136169,29.824687993338117,13.133157044355812,34.9,0.009032735729613384
119,Transporter-state,Renewal,0.0,0.5624128883021781,9.482932740153956,3.340707365937189,0.25000001085745716,2.070465423284926,2.1719778753315213e-10,2.7800000000000002,0.2846131981784571
120,Transporter-state,Renewal,0.0,0.622763653912753,3.9536090427505144,2.7281432754320973,0.2500506186758378,2.179630658419246,2.0008471834498386e-06,2.08,0.16151839871057105
121,Transporter-state,Renewal,0.0,0.277380905659539,21.844771343712566,10.467940529823101,0.25,1.8851086217989983,0.0,2.08,0.4873948782267463
122,Transporter-state,Renewal,0.0,0.2469098990091007,22.108140814156513,16.522853666238426,0.25,1.8832755846540212,0.0,2.2600000000000002,0.4610886507010262
123,Transporter-state,Renewal,0.0,0.8793638137823843,0.20463999565998847,0.598347940751498,0.3681927089092585,2.883652151418475,0.008647091538772134,2.2,0.10034518045175334
124,Transporter-state,Renewal,0.0,1.0768208800463253,2.8085864571241927,0.6341178185763875,0.2505253595727716,2.492951222005095,2.319076938538611e-05,3.0,0.16645086784026686
125,Transporter-state,Renewal,0.0,2.240830200823083,0.03205208689973915,0.2930279961135916,0.5637112552523258,9.622595237585653,1.402366385586356,2.04,0.015924996940184344
126,Transporter-state,Renewal,0.0,1.2430927172736832,0.14714719390008213,0.7896811436538504,0.4357461096183437,5.342210388559068,0.13958819179016504,2.82,0.03484936493225099
127,Transporter-state,Renewal,0.0,0.43385293610107434,7.973878136968693,3.5037984904946957,0.2500000169376715,1.9733807464905544,3.3886518702175297e-10,2.2,0.33611665856812156
128,Transporter-state,Renewal,0.0,0.27455803576529686,25.916561057146964,8.033996616742899,0.25,1.8819199219288396,0.0,2.36,0.4893157565536871
129,Transporter-state,Renewal,0.0,1.3866802475935622,1.1368683772161603e-13,0.2087884235801449,0.5020551978484067,6.293430822407114,0.2566322452097993,2.02,0.028540250592392846
130,Transporter-state,Renewal,0.0,0.42223148837467733,16.501584629302442,4.34709271085914,0.25000000000000167,1.9437018011199934,3.3306690738754695e-17,2.04,0.3828653086084548
131,Transporter-state,Renewal,0.0,0.32308529503408795,15.15496459048579,6.021117894700023,0.2500000000000003,1.892690884306279,5.551115123125783e-18,2.34,0.4386163677368059
132,Transporter-state,Renewal,0.0,1.347634821712475,3.690671519507305e-07,0.2084437877700953,0.5237718862811076,9.410483742252321,1.0425934119661886,16.16,0.019009610967146595
133,Transporter-state,Renewal,0.0,1.0446666375824327,0.6332633883647532,0.8153396737160907,0.36370419934261516,4.055022956121816,0.039263274554333705,2.02,0.040619147648406795
134,Transporter-state,Renewal,0.0,0.7163170266134705,2.838888225540245,0.9011929481649931,0.25052528152387743,2.2638923647191436,1.1579308074992634e-05,3.42,0.16440851471032336
135,Transporter-state,Renewal,0.0,1.5976865760265748,2.650592398367735e-05,0.36552217332173215,0.5230517567823701,3.895120088652356,0.08431373919178574,2.04,0.06533620548984531
136,Transporter-state,Renewal,0.0,0.5453249843364024,5.950676312126518,2.8520453780602835,0.25000126147367535,2.0358707788127415,2.5229600376652784e-08,3.46,0.3102550166598992
137,Transporter-state,Renewal,0.0,1.6251437047321808,0.007475730145245052,0.3946827983370139,0.7262606053965364,9.606880791960304,0.4069508604707651,2.02,0.026388612335724315
138,Transporter-state,Renewal,0.0,0.3950034604409223,22.527121934914817,9.004608299032835,0.25,1.904433609048691,0.0,2.2,0.4600066462646334
139,Transporter-state,Renewal,0.0,1.104551079321741,0.542555285774597,0.6247073751677585,0.2995831004105832,2.366645570496734,0.002216801145280992,4.32,0.24781667846048505
140,Transporter-state,Renewal,0.0,0.46261328191498674,15.428779436194972,5.702455340323663,0.2500000000000006,1.9319328931447306,1.5543122344752193e-17,2.1,0.40582179620200076
141,Transporter-state,Renewal,0.0,0.6955595187493137,1.7951768399212824,2.091852233365462,0.2537998070915446,2.138876796021771,7.602733185014477e-05,2.04,0.28464982106581815
142,Transporter-state,Renewal,0.0,1.3926713845591674,0.001589390133545976,0.5425485292938428,0.5,3.3435914297709535,0.04142619771283798,3.86,0.06018960322042999
143,Transporter-state,Renewal,0.0,1.379657862510192,0.13049964018205173,0.3951083575660274,0.3881780699181004,3.0738257601819226,0.012139034730825159,4.08,0.0906969942863769
144,Transporter-state,Renewal,0.0,0.4255012761857369,16.837198987182063,7.606529767647169,0.25000000000000067,1.937681275199917,1.3322676295501878e-17,2.68,0.38796865840697436
145,Transporter-state,Renewal,0.0,1.048810046320293,0.5228861652437331,1.0195471349159553,0.33360666595134975,2.629189384190296,0.007836116946600809,3.88,0.09863416068207487
146,Transporter-state,Renewal,0.0,1.0160409546839628,0.060798469430139335,0.6716801265554674,0.4446547951453461,4.196487113819073,0.0532584758172658,2.02,0.049008210620394066
147,Transporter-state,Renewal,0.0,0.3062254978843606,22.15379319796557,16.059342418190788,0.25,1.888125379389453,0.0,2.22,0.47308653565489134
148,Transporter-state,Renewal,0.0,0.3488410321709031,23.880897884753978,5.500743723335069,0.25,1.8966073542928998,0.0,2.24,0.4891033981749746
149,Transporter-state,Renewal,0.0,0.5967001001892478,10.661489148028636,2.593116658393063,0.2500000000301733,2.0439312200043895,6.091815940578726e-13,2.06,0.3472047203967358
150,Transporter-state,Renewal,0.0,0.3478796015465786,14.222700384131997,4.678695101422092,0.2500000000000386,1.9179517685887693,7.716050021144838e-16,2.18,0.38772733940194426
151,Transporter-state,Renewal,0.0,0.5800968926960778,4.141049024759354,2.880403627161638,0.25032626740542546,2.1397742165383615,6.525348249374341e-06,2.2600000000000002,0.18199669286154563
152,Transporter-state,Renewal,0.0,0.2398739404740478,29.920147108652145,13.528595481173824,0.25,1.8721266887814343,0.0,2.2800000000000002,0.5107949640604474
153,Transporter-state,Renewal,0.0,0.31651158991488926,19.639928044890894,11.390893769928251,0.25,1.9019089639353461,0.0,2.2600000000000002,0.4472683624190942
154,Transporter-state,Renewal,0.0,0.4718789105062167,6.790802774847634,4.534603192619984,0.25000025396090647,1.9930083148115716,5.242804054228501e-09,2.1,0.3144242094258819
155,Transporter-state,Renewal,0.0,0.39884148697674426,14.023559803197315,3.8997679591935666,0.25000000000127337,1.9481109020351148,2.547850819212272e-14,2.52,0.33921534597967185
156,Transporter-state,Renewal,0.0,0.1936456562667132,27.608205273251542,18.399752430320753,0.25,1.8680290795239483,0.0,2.24,0.5012796016837358
157,Transporter-state,Renewal,0.0,2.1478964353948062,9.479164759795822e-06,0.20942504935534687,0.8964828567272727,24.080732801276525,9.339294029801502,2.2600000000000002,0.008797993707988061
158,Transporter-state,Renewal,0.0,1.2889377349802864,0.18609615708714955,0.5260746738677675,0.399427518933121,3.9018061117712572,0.04942124081190241,2.16,0.05307731345799915
159,Transporter-state,Renewal,0.0,0.36867834186254356,12.978892587904625,9.650440184696741,0.2500000000001158,1.9136547705765201,2.3159252293680765e-15,2.24,0.4060121350729874
160,Transporter-state,Renewal,0.0,1.0862508406856903,3.5648867563310205,0.6632194162428227,0.25036658724896216,2.4271841739329565,9.420666255357535e-06,2.34,0.19807149191442086
161,Transporter-state,Renewal,0.0,1.2868982498757058,2.6227177025115793,1.0665741829834705,0.25794155364213217,3.403116333545663,0.000302173524412398,2.16,0.06456934549477966
162,Transporter-state,Renewal,0.0,0.4430404306140937,12.760650761842442,4.398334944319785,0.25000000000335515,1.9557860541162493,6.710410005439371e-14,2.04,0.35179532852038087
163,Transporter-state,Renewal,0.0,0.9907399496839465,0.6521189857742229,0.495008974554496,0.30896964931982096,4.211813378081351,0.011887833105182244,2.02,0.03937016429446716
164,Transporter-state,Renewal,0.0,0.9936105818800989,1.5912673215799487,0.9141905712863039,0.27377802695750353,2.825282516601319,0.0009769730086293571,3.6,0.09577099284973734
165,Transporter-state,Renewal,0.0,1.0761332339948326,2.8166924645772724,1.5121334136458144,0.26157427263225436,3.0636364855125233,0.0003372029620664118,2.02,0.07959209902726727
166,Transporter-state,Renewal,0.0,0.3397926447951746,14.239865846195187,5.1021074120336225,0.2500000000000561,1.92392083415305,1.1235457009206583e-15,2.1,0.38132606670536495
167,Transporter-state,Renewal,0.0,0.429975096675896,19.56338383357138,7.1878822964324875,0.25,1.917411902424237,0.0,2.2,0.4318053719981818
168,Transporter-state,Renewal,0.0,1.3844343330341131,4.470007297641132e-07,0.21445495429556327,0.6105254636406658,8.163811515394755,0.718898260255835,10.44,0.022216464143628545
169,Transporter-state,Renewal,0.0,2.0156998777342934,0.2303431437337622,0.3502371529412588,0.8365037091171242,17.624394256997377,6.470810997120978,5.26,0.009510117519194283
170,Transporter-state,Renewal,0.0,0.23813596088097516,20.913256745051513,17.67869771773472,0.25,1.8752900915950825,0.0,2.18,0.47025069055324575
171,Transporter-state,Renewal,0.0,1.3832928283087873,0.0011863729915830845,0.38672794080354617,0.8766743350174393,15.861329134211935,4.141930107270787,3.46,0.014291245485926085
172,Transporter-state,Renewal,0.0,0.2400299450694289,23.811395126015952,14.896999919939173,0.25,1.878094550113882,0.0,2.4,0.47965808757493644
173,Transporter-state,Renewal,0.0,0.2314168083839492,26.337089330669755,19.690810142590852,0.25,1.874876735412056,0.0,2.2800000000000002,0.49123905894767617
174,Transporter-state,Renewal,0.0,1.178858082542383,0.12430074203552977,0.4822761967052233,0.42411017756493496,4.891117077689569,0.061351744174405975,10.34,0.04702661289203969
175,Transporter-state,Renewal,0.0,1.5655429985121296,0.03405043709472011,0.39250760337168816,0.6182335016169785,4.239956957402209,0.09438925048148643,3.22,0.04706335407462747
176,Transporter-state,Renewal,0.0,0.7335958412926988,13.892186437253827,1.85091001639584,0.25000000000001504,1.9986788190205358,4.1078251911130794e-16,2.3000000000000003,0.38456574268502286
177,Transporter-state,Renewal,0.0,0.34816858628748837,15.857035009848872,9.294723154446169,0.25000000000000006,1.9030575994696126,1.1102230246251566e-18,2.2800000000000002,0.44447266013024356
178,Transporter-state,Renewal,0.0,0.8179029686313599,0.955819927448033,1.2470665606951619,0.2853536378591168,2.651205504151331,0.0016627778225017389,6.66,0.09251548222654471
179,Transporter-state,Renewal,0.0,0.7517705705255547,0.7785422636376751,1.5448979558587093,0.2793972865398957,2.356426392871984,0.0008462123444893143,2.72,0.15369414970605932
180,Transporter-state,Renewal,0.0,0.9470294891630336,0.7101432619074615,0.5282257805893114,0.3361072161877818,2.8925788442129265,0.01205571793944718,2.9,0.06383310787200247
181,Transporter-state,Renewal,0.0,0.8936056341998064,1.7140958384535452,0.7115066369624198,0.25476938545553923,2.528478274348991,0.00010102429418209935,2.04,0.15178340482120978
182,Transporter-state,Renewal,0.0,0.537627523286733,13.40329703316445,2.2544816742269336,0.25000000000010625,1.97953886327476,2.132738430304926e-15,2.04,0.3938651119047658
183,Transporter-state,Renewal,0.0,1.6355672684237585,0.00015357673228777458,0.279430516031155,0.5,4.534192338359365,0.16383227021717858,2.02,0.0323203653443207
184,Transporter-state,Renewal,0.0,0.676628649004568,5.787029148860256,2.140425773842397,0.25000102919379097,2.132199389741687,2.456574488052254e-08,2.64,0.32825510159156324
185,Transporter-state,Renewal,0.0,0.8580986787298445,2.8565245249764075,1.1165083129393687,0.28113630639478354,3.7317713983632177,0.00454367626857912,2.96,0.04153199091967741
186,Transporter-state,Renewal,0.0,0.8098264841930914,4.7367852611567685,2.0413188990301165,0.2500084378226912,2.2810750628901393,1.830825631943256e-07,2.18,0.2015410796088032
187,Transporter-state,Renewal,0.0,0.4270286836488689,19.12353694786657,5.300422581848638,0.25,1.9268456933756106,0.0,2.2,0.42293446543156255
188,Transporter-state,Renewal,0.0,0.23676233856355644,19.428292742875726,13.046706954339612,0.25,1.8846575817798183,0.0,2.2,0.4233864778534724
189,Transporter-state,Renewal,0.0,0.607235235746311,14.562227930035078,3.402385204667653,0.2500000000004635,2.073563370797766,1.7547074904200597e-14,2.04,0.3332026283805045
190,Transporter-state,Renewal,0.0,0.558680656862277,3.621392417079207,1.3436164212805242,0.25056431886691394,2.2865070303887367,1.1436804615757578e-05,2.16,0.15537752378500735
191,Transporter-state,Renewal,0.0,0.28756805096575455,17.271735914014073,11.426549987259193,0.25,1.8878320570261002,0.0,2.16,0.44150559629039055
192,Transporter-state,Renewal,0.0,2.706444892560002,0.00013961500428649742,0.26326315062352473,0.8006270833596079,26.142775795147852,10.706825311440948,4.7,0.010388045593706319
193,Transporter-state,Renewal,0.0,1.0508948735693724,0.1649632934971237,1.255253556045338,0.412505525922634,3.011772037812263,0.027091043570943413,2.7800000000000002,0.0681485216923653
194,Transporter-state,Renewal,0.0,1.1954765146569948,3.1154195312410593e-06,0.3791302591386182,0.6695326272762546,8.974540757061845,1.9560453207844763,3.1,0.014578212587969208
195,Transporter-state,Renewal,0.0,0.7962534047171437,3.7675219875488324,1.195212871644192,0.2506942929231337,2.2289097575442036,1.4074020248046047e-05,2.42,0.1678817545097907
196,Transporter-state,Renewal,0.0,1.2494836808710053,3.849181325676909e-06,0.32483096330485445,0.5239369653365804,3.733208960357984,0.12016291540284996,2.6,0.0549406909805763
197,Transporter-state,Renewal,0.0,1.3241446300462056,4.455911903258283,0.7700077656713518,0.25305528827218604,2.945709543432233,6.206935419702298e-05,3.42,0.09012812224545586
198,Transporter-state,Renewal,0.0,1.7873956021906416,0.00335012870226592,0.2570701272812563,0.5000552553367472,8.093234782544195,0.3855129566083184,6.12,0.026356222553302833
199,Transporter-state,Renewal,0.0,0.4390589137247692,14.572024450035315,2.7514338617042475,0.25000000000001205,1.9357412125117432,2.4091839634365896e-16,2.14,0.3971515171258604
200,Transporter-state,Renewal,0.0,0.3428943875899445,18.876766439349097,9.711706340446211,0.25,1.9157200928805296,0.0,2.22,0.42291278959770495
201,Transporter-state,Renewal,0.0,0.49645773957272865,10.354195673032564,2.668555415098987,0.25000000059642186,1.982630034780368,1.1928448229170386e-11,2.4,0.32154831096390535
202,Transporter-state,Renewal,0.0,0.4225160106465817,13.938911018385454,3.8144229453801834,0.2500000000000105,1.9436862158851582,2.098321516541546e-16,2.2800000000000002,0.4175228793374741
203,Transporter-state,Renewal,0.0,0.702078713340696,9.08432792873198,1.2944694367280876,0.25000000055086735,2.0877807514256164,2.0759153285254685e-11,2.18,0.3204099576378405
204,Transporter-state,Renewal,0.0,0.3669769601972027,11.589335703767631,5.47168903554194,0.25000000000511324,1.9228595697680797,1.0226486324427242e-13,2.32,0.38070436109496353
205,Transporter-state,Renewal,0.0,0.5576763104096207,9.84447970587155,2.6481930073154287,0.2500000064775782,2.0201531900790055,1.2955537753711609e-10,2.2600000000000002,0.28595360391666724
206,Transporter-state,Renewal,0.0,0.20388175845624543,26.813571771382954,15.147683316691737,0.25,1.8694057474436736,0.0,2.18,0.500246141523973
207,Transporter-state,Renewal,0.0,2.0917390679561705,0.17253093583889267,0.683321470509169,0.42562551617958155,6.59079221308579,0.2644458963073151,4.94,0.024031281517786107
208,Transporter-state,Renewal,0.0,0.28352127936195526,22.408298738271924,7.210216886124831,0.25,1.8846240892908745,0.0,2.2600000000000002,0.47214981021444535
209,Transporter-state,Renewal,0.0,1.96090523779168,0.0006225023814181441,0.22773706480081335,0.6659735922293795,4.62448141316606,0.22730782480419437,4.38,0.06323369623032937
210,Transporter-state,Renewal,0.0,0.40758104711489374,15.427935424688258,5.393581438302443,0.25000000000000305,1.9129666103033884,6.106226635438361e-17,2.2600000000000002,0.39664189661044447
211,Transporter-state,Renewal,0.0,0.17695421557202662,26.63801613519422,19.399001819369413,0.25,1.867112781013941,0.0,2.14,0.48888622886028454
212,Transporter-state,Renewal,0.0,0.5006653402518684,7.461975010923993,2.0530953190651355,0.25000006124931495,1.995329077699382,1.2249863357016721e-09,2.66,0.323831929366279
213,Transporter-state,Renewal,0.0,0.27128360086550896,25.5277910446473,10.90094405869094,0.25,1.8822313772261408,0.0,2.44,0.48141833741299633
214,Transporter-state,Renewal,0.0,1.2147267006417728,1.1370240301923786,0.9867555364168354,0.27395075684292963,3.098458798486784,0.0013129404019690352,5.5200000000000005,0.05953322302658115
215,Transporter-state,Renewal,0.0,0.6541573452423721,7.496816557611254,2.3347241298188095,0.2500000198159021,2.049624008295746,3.9635538184867873e-10,2.32,0.3531836313356427
216,Transporter-state,Renewal,0.0,1.0140812723297628,2.063180681724134,0.9841050862734525,0.2626434971995336,2.9230060199630157,0.0004906360707166024,9.96,0.07116593174927532
217,Transporter-state,Renewal,0.0,0.6312351031047013,9.769023461299554,2.0420539904894266,0.25000000100236114,2.029636637276341,2.004732491123207e-11,2.22,0.33030895463556365
218,Transporter-state,Renewal,0.0,0.3523735506330499,10.720245362085791,4.489127220547899,0.25000000001754125,1.9207011762918205,3.5082492466642637e-13,2.48,0.38825867023578364
219,Transporter-state,Renewal,0.0,0.35913889253246517,23.01019841835432,8.916037757616943,0.25,1.8929690879654566,0.0,2.42,0.47676394809131506
220,Transporter-state,Renewal,0.0,0.3092242939410027,17.80425488641805,6.4985104124517035,0.25,1.8973648770361053,0.0,2.12,0.44789421250976547
221,Transporter-state,Renewal,0.0,0.47468838260620877,13.10540874072396,4.973506856939925,0.25000000000006717,1.959678571666908,2.2248869413488136e-15,2.18,0.3845875101228309
222,Transporter-state,Renewal,0.0,1.8424624042071425,6.19798015577544e-05,0.302915996946966,0.9835964759747153,15.254035147752555,4.335987073155301,8.82,0.01401603550394015
223,Transporter-state,Renewal,0.0,0.9249871391150235,3.2978364800667634,1.5516935090238029,0.2502098530220312,2.224598111333165,4.281963813567158e-06,2.04,0.2829036946688851
224,Transporter-state,Renewal,0.0,0.4244215117690056,21.10806037098689,7.663678580826655,0.25,1.918372039554361,0.0,2.3000000000000003,0.46827450814133253
225,Transporter-state,Renewal,0.0,1.469564300920315,0.0009991971115823617,0.25008507510853684,0.6659814780848523,4.442492529409663,0.23806126229153654,11.32,0.06292379775132872
226,Transporter-state,Renewal,0.0,0.9845070851749386,0.00048566824386853114,0.4283829757849466,0.5,4.745916403759227,0.12046380300577278,10.700000000000001,0.03049125344558734
227,Transporter-state,Renewal,0.0,0.23345887039168126,23.27583352682575,11.938937625642575,0.25,1.8760956486996372,0.0,2.34,0.48325289722845655
228,Transporter-state,Renewal,0.0,0.6378659910069645,0.47435736166698916,1.009817470371196,0.3142415883436521,2.2262565066413518,0.003330535505258606,2.2600000000000002,0.22189165866500304
229,Transporter-state,Renewal,0.0,0.35359326484998665,24.43453146003094,8.708542140305171,0.25,1.9058406246464272,0.0,2.06,0.46857441623975093
230,Transporter-state,Renewal,0.0,3.402417330409808,2.2758626982977148e-07,0.2006226946756453,0.8628296220515483,38.597715600013,15.435114684321691,29.82,0.0094008923689759
231,Transporter-state,Renewal,0.0,1.6172295081765484,0.005570822898079086,0.3641362111353427,0.5,3.3192034878428944,0.046638770170875275,5.76,0.13700000970886805
232,Transporter-state,Renewal,0.0,1.654536065203913,0.6476669618263031,0.4790450381724326,0.8913263485563327,30.744536748293207,14.422795013549672,35.46,0.0088564941203082
233,Transporter-state,Renewal,0.0,1.1082863448968887,0.05916510217190307,0.48533921413831316,0.44056803097007446,3.0861616929558515,0.044552161018001406,2.56,0.06008534636047058
234,Transporter-state,Renewal,0.0,1.0597327760808513,2.590681444208059,1.1592226162756056,0.27307863457533843,3.1527430846528306,0.0013659380615749727,2.08,0.059194914458247205
235,Transporter-state,Renewal,0.0,0.9438687660898264,5.440045831743987,1.2460110179556223,0.2500021734785775,2.288771089184081,4.983868931662805e-08,2.14,0.26237084426633794
236,Transporter-state,Renewal,0.0,0.4372277849318028,13.62636486358059,5.692714457786369,0.2500000000000852,1.938060315279168,1.7041923427996153e-15,2.24,0.39055478514461694
237,Transporter-state,Renewal,0.0,1.63354552763853,0.00026205605382756403,0.23989213779482088,0.5000000015978395,7.976838932647179,0.44265296882134697,9.3,0.02733583117438776
238,Transporter-state,Renewal,0.0,1.1187629138240838,0.08166782357034208,0.5326554152336286,0.6588994850725503,14.475953131819132,3.588037888704782,2.34,0.012697874804655562
239,Transporter-state,Renewal,0.0,1.6321995677799095,0.05101740836732915,0.45537927238847964,0.4382046805323827,6.772920285830287,0.3311655961157889,4.74,0.024810747129365374
240,Transporter-state,Renewal,0.0,0.6473145444987439,10.503093336692928,1.829077390694571,0.2500000000994038,2.132396772729657,2.406461696580209e-12,2.04,0.31681372510133154
241,Transporter-state,Renewal,0.0,0.3385887965358269,18.843560928812906,8.35833153852848,0.25,1.9084314883342905,0.0,2.08,0.424150509581777
242,Transporter-state,Renewal,0.0,1.1413298319935223,4.371555913720272,1.2555374117047389,0.2505475899252448,2.7988875140881935,1.1342954331013956e-05,2.02,0.13830864156263667
243,Transporter-state,Renewal,0.0,0.7039643144368408,6.02950835371189,3.0134930102423048,0.2500209392809316,2.2848126725995854,4.825730940527517e-07,2.16,0.18680136528799385
244,Transporter-state,Renewal,0.0,0.19768874065777953,26.93603007076797,15.374104218469608,0.25,1.8703567505219798,0.0,2.16,0.5032460339579461
245,Transporter-state,Renewal,0.0,1.4095886526419612,0.5885503216288157,0.5072751583773261,0.331870857997973,5.895277003709052,0.03592877181436059,2.02,0.03556080752610358
246,Transporter-state,Renewal,0.0,0.8114632864957803,1.0503185813803952,2.0683574241120786,0.2667196990132952,2.3831596684800673,0.00036463092217541406,2.92,0.18996525357488847
247,Transporter-state,Renewal,0.0,0.24142705758664973,21.806431485579765,18.815882529929933,0.25,1.8748240280720911,0.0,2.34,0.4755495164187593
248,Transporter-state,Renewal,0.0,1.1233612084704003,0.5079055408444901,1.3596484713964008,0.3132657201158181,2.4658633672287964,0.0034023730619802297,5.46,0.19500318588819487
249,Transporter-state,Renewal,0.0,0.5139009078403254,9.1160047208147,4.018456161588319,0.2500000005025995,1.9830215182252178,1.0051990351200857e-11,2.08,0.3795673283506137
250,Transporter-state,Renewal,0.0,0.43769669101075304,13.542392321070082,4.14955813761702,0.2500000000001077,1.952606509553468,2.153832667772804e-15,2.04,0.38945726603462594
251,Transporter-state,Renewal,0.0,0.5178720110375155,16.69713898664378,5.392086063756089,0.25000000000000017,1.972214903460715,3.3306690738754695e-18,2.04,0.40722263863862274
252,Transporter-state,Renewal,0.0,0.7857325094121876,0.7986540831614093,0.6255994549568464,0.3425965069304979,3.079996229763598,0.01933773813589863,2.1,0.04689040756946217
253,Transporter-state,Renewal,0.0,0.7104523692846773,7.43918289915905,1.8043972826780073,0.2500287010660737,2.2700373394180495,5.74307446481459e-07,6.2,0.1571193004962287
254,Transporter-state,Renewal,0.0,0.9688744084019888,0.27959930275642364,0.8699069023104586,0.3547904176899489,3.5114744663817086,0.012691331742265869,2.02,0.04950950186608605
255,Transporter-state,Renewal,0.0,0.3276458537311028,15.14571578885068,6.736008667968781,0.2500000000000013,1.903715917428855,2.55351295663786e-17,2.1,0.416050351089699
256,Transporter-state,Renewal,0.0,0.9153343680341962,0.44083476740678407,0.962545276224425,0.31085811754906045,2.8497723739590652,0.00534184825216752,2.2800000000000002,0.07367267921112997
257,Transporter-state,Renewal,0.0,0.5642759521885967,9.146645950600316,5.187576483318976,0.250000002725201,2.0136128422062387,5.482483911301017e-11,2.4,0.33144807431662016
258,Transporter-state,Renewal,0.0,0.6029771615836172,12.503795867289,1.3862583490930689,0.2500000000362165,2.0352540859539014,7.245470889927219e-13,2.4,0.3178799891619193
259,Transporter-state,Renewal,0.0,0.5559648504139874,8.43487918548675,3.923152752447081,0.2500000090033417,2.057361550946874,2.336787652268413e-10,2.08,0.31576115179494
260,Transporter-state,Renewal,0.0,0.36445990685846086,15.901162783215455,4.991134340093545,0.25000000000000006,1.9153628434185237,1.1102230246251566e-18,2.12,0.43828816572927887
261,Transporter-state,Renewal,0.0,0.35642409378441775,12.866423075456623,4.090289120001481,0.2500000000016841,1.9258058309048358,3.3681946121078e-14,2.36,0.36107099661449815
262,Transporter-state,Renewal,0.0,0.36618418803373537,17.28416854099987,7.05160751211437,0.25000000000000006,1.9158749766604621,1.1102230246251566e-18,2.12,0.41447728994689637
263,Transporter-state,Renewal,0.0,0.7345017619887035,9.50463309593772,2.2495187063016586,0.2500000016528478,2.1389357378044687,3.65707075733468e-11,2.1,0.32101359111802386
264,Transporter-state,Renewal,0.0,0.5301917244920545,16.03345910982148,2.920521765465722,0.2500000000000002,1.9470247447932314,4.440892098500626e-18,2.2600000000000002,0.4204050249867961
265,Transporter-state,Renewal,0.0,0.8751002331278407,10.898519100811228,1.7387205701364565,0.2500000057319561,2.3068445080438047,1.3999699510769404e-10,2.68,0.2533975513951433
266,Transporter-state,Renewal,0.0,0.6220020957016178,8.371459308624821,1.9239232966947883,0.2500003637272746,2.232550457528448,1.1725762385506044e-08,2.58,0.20851251232726165
267,Transporter-state,Renewal,0.0,1.6902173701383867,0.0009338858523051385,0.25643363898952615,0.5355398164005399,10.607465408772143,1.6288919754256508,3.8200000000000003,0.01602574662475309
268,Transporter-state,Renewal,0.0,0.6477058342388539,11.010181284478051,2.4018657452617798,0.2500000001751716,2.0233125266674534,3.5086367144998578e-12,2.2800000000000002,0.32713710794615436
269,Transporter-state,Renewal,0.0,0.9921295837843974,0.009047049829405296,0.39251581040910516,0.5,2.7196643856426825,0.024651011653178973,4.48,0.08856665265317365
270,Transporter-state,Renewal,0.0,0.3542665913833676,11.086231057131101,9.727635244351124,0.25000000019859464,1.9452886173045003,3.971892814647049e-12,2.14,0.3222757556551916
271,Transporter-state,Renewal,0.0,1.599474450513067,0.013026550583404628,0.36323126053574323,0.725995,5.484529567773071,0.19675982481032858,4.88,0.051741488732785834
272,Transporter-state,Renewal,0.0,1.835784575738829,0.0020060077646917307,0.28585206706572364,0.5,5.683825545017906,0.2146325513359706,2.24,0.030013389095987053
273,Transporter-state,Renewal,0.0,1.0054821090663015,0.19002953122989652,0.8149986138174454,0.4109296045703843,3.3282451937901008,0.02911787694494699,4.3,0.07152057337521811
274,Transporter-state,Renewal,0.0,0.9656109366433713,0.8105080229453279,1.132350049650047,0.3054749988709565,2.58341182877134,0.0038079608454512884,2.02,0.10398997186915593
275,Transporter-state,Renewal,0.0,1.102893456809868,4.2612614693968,0.8981653258588331,0.250410241512981,2.414623199247442,8.20592661498365e-06,2.2,0.16516099664006967
276,Transporter-state,Renewal,0.0,1.0176979679557785,2.234858214936935,0.8744021434792979,0.3522981958583128,5.318391365025715,0.13264713310376833,16.5,0.026415044053902603
277,Transporter-state,Renewal,0.0,0.2717516425479816,22.562091010285712,9.96979868855951,0.25,1.8806150227809242,0.0,2.3000000000000003,0.4738687600535807
278,Transporter-state,Renewal,0.0,0.5784343256084362,4.037753465621336,1.8814722303178923,0.25294207837152416,2.500032925060058,5.9152528644556006e-05,2.06,0.09856661414411616
279,Transporter-state,Renewal,0.0,0.2526421339204766,17.349135258044782,17.238466291389052,0.25,1.8803464840495416,0.0,2.2800000000000002,0.4303969571839641
280,Transporter-state,Renewal,0.0,0.2283600616020453,23.3786606103713,16.483162675567616,0.25,1.8759778677010754,0.0,2.08,0.47793437243693504
281,Transporter-state,Renewal,0.0,0.8498295568731838,2.597472935470364,1.2976915533571312,0.2507487074011326,2.220492713501522,1.4974303539931899e-05,2.38,0.2444234222127467
282,Transporter-state,Renewal,0.0,1.8469900334274842,0.047596470503506794,0.3817151414089166,0.5519110837432655,10.055151197677228,1.3872575925852548,11.24,0.016410186384284375
283,Transporter-state,Renewal,0.0,1.696663528617529,1.0712157063608174e-06,0.2789310990180886,0.7367793280637558,11.682521292202876,2.931679561549528,12.72,0.013037005822460923
284,Transporter-state,Renewal,0.0,0.282976469377299,18.854307331466316,11.537101713264265,0.25,1.8921057661236,0.0,2.1,0.4301041956238776
285,Transporter-state,Renewal,0.0,0.6128406549215817,10.013159197171532,2.4985018757721296,0.2500000011813747,2.068180956993265,2.3633826007340987e-11,2.52,0.31778145017950854
286,Transporter-state,Renewal,0.0,0.46653413719557196,16.634342003455572,4.4682257133164205,0.25,1.9462236931180477,0.0,2.16,0.4311572452578043
287,Transporter-state,Renewal,0.0,1.709544667354591,7.645152209079242e-07,0.3217043882959664,0.5000529199335589,4.979705821389811,0.12595067245198013,2.7800000000000002,0.036430266462476046
288,Transporter-state,Renewal,0.0,0.24418043782526935,20.759808620953322,19.467213122234373,0.25,1.8784610213410624,0.0,2.32,0.4558074082974838
289,Transporter-state,Renewal,0.0,0.3835690298910163,18.051607071882017,11.826554626666104,0.25,1.9138548520675185,0.0,2.32,0.42828563094000305
290,Transporter-state,Renewal,0.0,0.40497695920239546,21.36644944592274,7.199717629165588,0.25,1.9022571012870695,0.0,2.54,0.4529853554657074
291,Transporter-state,Renewal,0.0,0.9621731346717082,3.5492464794200487,0.6180840167657689,0.26769828617962044,3.2136093450254686,0.0010784670479294432,3.74,0.05157325672271973
292,Transporter-state,Renewal,0.0,0.27078895108940687,19.625170850866198,14.01770160259762,0.25,1.885086120307569,0.0,2.22,0.46148833352281493
293,Transporter-state,Renewal,0.0,1.2613777074505097,0.008929680436892795,0.6812166312492047,0.4899041443653342,6.7880768520636865,0.7671237458219564,4.12,0.018859410552726663
294,Transporter-state,Renewal,0.0,0.6237326310581152,11.940639425677688,3.0168605656130123,0.25000000000171213,2.0334595331407392,6.023515020103788e-14,2.2,0.36134160510232205
295,Transporter-state,Renewal,0.0,1.7023095221975237,0.0067613373089443485,0.28050731061210266,0.6314645885975838,11.537015893456479,2.7791535531298233,2.06,0.01287217773516025
296,Transporter-state,Renewal,0.0,0.6247599693334706,2.8961380736778892,1.7461711243925009,0.25098278256011375,2.1667398919373144,1.9655651328835956e-05,2.42,0.2219666707539668
297,Transporter-state,Renewal,0.0,0.7975046756913156,6.841017876206934,2.1779504027942185,0.2500012126093906,2.404886256219559,2.7426981273892536e-08,2.04,0.20961604644284904
298,Transporter-state,Renewal,0.0,0.43765292260151184,11.886682997732123,6.474040886877534,0.2500000000179689,1.9568078002031941,3.5937808284813857e-13,3.3000000000000003,0.3456341640048519
299,Transporter-state,Renewal,0.0,0.4351836613228069,17.0478716648272,5.670690953268632,0.25,1.9236915754433472,0.0,2.3000000000000003,0.43572259190163176
300,Transporter-state,Renewal,0.0,0.9086044742676312,4.585477701342938,1.5373894375884798,0.25001211907224424,2.2065600095877747,2.43479974051386e-07,2.14,0.24877933752851
301,Transporter-state,Renewal,0.0,0.20647712764427714,26.416784694714067,19.65488207022741,0.25,1.8699677859866828,0.0,2.2,0.5009632890950568
302,Transporter-state,Renewal,0.0,1.0966033645999267,0.6040225069235703,1.096863033494229,0.3016739779422313,2.5247043707506687,0.0024983236267018794,2.44,0.14409841182161387
303,Transporter-state,Renewal,0.0,0.688619766480404,6.626253144650377,1.2104025799877927,0.2500004655778669,2.192812134719561,1.858772219476279e-08,2.24,0.2084755658644707
304,Transporter-state,Renewal,0.0,1.5239244733107644,0.5287203970898418,0.6451300055448629,0.30500294591132726,3.712643196209999,0.004554766279882164,10.92,0.058719978957764485
305,Transporter-state,Renewal,0.0,0.6927051921146405,8.603394028374424,4.460143314051172,0.2500001490361965,2.0855331428292323,2.9807616885868523e-09,2.04,0.2509642661698147
306,Transporter-state,Renewal,0.0,0.9423386269292869,3.632396174018936,1.0227360357322137,0.2501822757851335,2.155149429971764,3.6459411671674326e-06,2.54,0.2572402223917133
307,Transporter-state,Renewal,0.0,1.910745119590087,0.0006733453974447912,0.30927560978925506,0.6973359026288399,13.607737344032964,3.6916693358135912,28.78,0.0117747462367781
308,Transporter-state,Renewal,0.0,3.21803314077977,0.0006091979814755177,0.21846408734877426,1.061535276672115,38.80479494160129,18.226647886449577,26.3,0.007460301235016731
309,Transporter-state,Renewal,0.0,0.5328578668606843,11.032877037726252,5.038364793411813,0.2500000000139704,1.977107695848978,2.794076081613639e-13,2.3000000000000003,0.380663353070534
310,Transporter-state,Renewal,0.0,1.7092897184909683,6.865298018965404e-08,0.22030240225529074,1.031887464421988,21.21147898148651,8.299333367021772,10.42,0.008615933812972543
311,Transporter-state,Renewal,0.0,0.8043349478516826,6.29645354846771,1.927815186808283,0.2500002850623565,2.1334469293281173,5.703099050791139e-09,2.2600000000000002,0.2902673990618553
312,Transporter-state,Renewal,0.0,0.9763301228127952,3.341189828544657,1.2077525816067818,0.2503342382044881,2.3170965210501584,7.586208335477184e-06,2.36,0.23335580671414036
313,Transporter-state,Renewal,0.0,0.5495166273656598,20.205637316281127,3.5285077601425052,0.25,1.9484182341202374,0.0,2.58,0.43612853253740014
314,Transporter-state,Renewal,0.0,0.19690822700038502,25.040103829298573,15.743227483269768,0.25,1.8727143901011136,0.0,2.12,0.4931307473512539
315,Transporter-state,Renewal,0.0,1.0173291514442921,1.0580709873097476,1.8028561949292594,0.2722884828878133,2.611101280227944,0.0006314684818517169,2.02,0.1060959876310622
316,Transporter-state,Renewal,0.0,1.5534609748805948,0.07468746973449925,0.4987715987979446,0.6175264913357872,11.407336601102898,3.1138401747685593,23.02,0.01460761095555696
317,Transporter-state,Renewal,0.0,0.5310680971702574,11.130059725483846,4.944781164433597,0.2500000000046178,1.9532071888791505,9.23561227494929e-14,2.48,0.40110830897634997
318,Transporter-state,Renewal,0.0,0.7817378007308575,3.8657335357734155,2.1190971382510635,0.2500549782750324,2.2427375240693004,1.6528064300580513e-06,2.08,0.1892367176786559
319,Transporter-state,Renewal,0.0,0.41210385463363103,19.283774349434452,8.514893141444764,0.25,1.9185197845029476,0.0,2.42,0.45193916202430895
320,Transporter-state,Renewal,0.0,1.8069258347792427,0.041523542225604615,0.29852531266637317,0.5349072744809207,6.417459832599099,0.2939945030616253,3.7800000000000002,0.02775662760213682
321,Transporter-state,Renewal,0.0,0.8618462137715037,0.08914201590459925,0.5218984231105557,0.44666101806771735,2.5584565727572985,0.028841054944195577,2.48,0.08499423569188991
322,Transporter-state,Renewal,0.0,0.6768000497520542,4.455788645195071,1.691549710098132,0.25082694845255415,2.350323830749798,1.653897315666564e-05,2.04,0.13077958847047677
323,Transporter-state,Renewal,0.0,0.269588552137083,21.68231907658833,8.509066058126317,0.25,1.8848088257045899,0.0,2.22,0.4488540146792277
324,Transporter-state,Renewal,0.0,0.3259702335752189,20.14495262976729,14.86724566272885,0.25,1.896517064254849,0.0,2.08,0.4465745882791722
325,Transporter-state,Renewal,0.0,0.5640047205963818,15.301704286845961,3.1813915958598087,0.2500000000000008,1.957463525941158,2.1094237467877975e-17,2.54,0.4202694108358642
326,Transporter-state,Renewal,0.0,1.5485235278839462,0.0005307691512825841,0.34587576057051933,0.5735166900527069,5.802718808836367,0.16130052937719166,4.5,0.027892906009781893
327,Transporter-state,Renewal,0.0,0.542742609744367,7.763213172841944,2.2701224189822566,0.2500000129002046,1.9807535658191766,2.741753146739967e-10,2.7600000000000002,0.3585613812858447
328,Transporter-state,Renewal,0.0,0.3181083271244584,20.716150993425003,7.395428912272254,0.25,1.906433430051123,0.0,2.7,0.4368837871282204
329,Transporter-state,Renewal,0.0,0.8721212484179951,2.118750874348734,1.2345394216434498,0.2521990947476835,2.542787455297258,9.006765370717317e-05,5.94,0.12811768774355337
330,Transporter-state,Renewal,0.0,0.32924160670537556,19.118331271181347,5.243038301535435,0.25,1.9046869081390796,0.0,2.2,0.4228585126848272
331,Transporter-state,Renewal,0.0,1.3138403749688685,1.7059969721255612,0.6243538628776536,0.26260101486872944,3.021227473838665,0.0002971687824365365,3.92,0.14619964197017143
332,Transporter-state,Renewal,0.0,0.8582451889681142,0.1373728831873393,0.8238884488894455,0.3917779044216065,2.3075997833233552,0.010811686876511723,4.62,0.20911115402256297
333,Transporter-state,Renewal,0.0,1.8686710592334752,0.04452581690520674,0.2704634143543874,0.6923068351849428,15.728204919850743,5.233435002885211,2.18,0.01157028780843361
334,Transporter-state,Renewal,0.0,0.897690902929288,0.10157206519858164,0.9228002022553873,0.429473245015597,3.0109027328029097,0.027109294354168985,3.04,0.07956831664797293
335,Transporter-state,Renewal,0.0,1.0207543290920662,0.2817926861737874,0.8313372310236768,0.4017393978589359,3.3513384833672477,0.03646829329572943,4.16,0.04843117854535661
336,Transporter-state,Renewal,0.0,0.313132318223282,17.91161368104929,7.347373046211844,0.25,1.8922922352547227,0.0,2.18,0.440201836664327
337,Transporter-state,Renewal,0.0,0.9808881774773985,1.064897141415372,1.0123230872033855,0.31716310138464526,3.1059998784051035,0.009327899490308787,11.64,0.054402660566826744
338,Transporter-state,Renewal,0.0,0.31407288534071975,14.208518008873853,10.088592744761513,0.2500000000000286,1.9009993195665793,5.717648576819557e-16,2.3000000000000003,0.3924783869644083
339,Transporter-state,Renewal,0.0,0.992578043853972,0.3815249933653604,1.0210751223850167,0.3567419645158065,2.7736794362458426,0.012098655418160315,2.2800000000000002,0.09067551275524699
340,Transporter-state,Renewal,0.0,0.32670626643968387,20.6836403240726,11.110577976350509,0.25,1.9054259160024316,0.0,2.54,0.45259027315883227
341,Transporter-state,Renewal,0.0,2.2859681112777026,0.010026569809753028,0.2990893844880753,0.48773551302843887,4.779558462428746,0.14330438690749914,13.280000000000001,0.04377138144980974
342,Transporter-state,Renewal,0.0,1.3870434023317566,0.017058575653663866,0.21614269392341223,0.4857369425470678,4.882055944498471,0.07711785855214948,9.06,0.03611718264140018
343,Transporter-state,Renewal,0.0,0.5412864042863268,15.987263931731604,3.6282603739184505,0.25000000000000205,1.9645056023088956,4.107825191113079e-17,2.56,0.38966405959881534
344,Transporter-state,Renewal,0.0,0.3997634538463625,20.04095538883996,6.35651965210274,0.25,1.9114960662569533,0.0,2.2600000000000002,0.4400915685485941
345,Transporter-state,Renewal,0.0,0.8433695978264127,1.646090878362429,1.1853327405882421,0.2634339495252708,3.0925676811138487,0.0006306529550648645,2.02,0.06893031667985938
346,Transporter-state,Renewal,0.0,0.40938478101468095,23.987482705155514,10.751027128846685,0.25,1.9076786246647566,0.0,2.1,0.47683836970135063
347,Transporter-state,Renewal,0.0,0.2555054786627265,20.677222532978135,15.33816527779142,0.25,1.8792238216236636,0.0,2.58,0.45742605764142186
348,Transporter-state,Renewal,0.0,0.6951903730760657,5.826691245797974,1.932569736144488,0.2500014495386061,2.1391373405733005,4.041210567629073e-08,2.18,0.31011459631635185
349,Transporter-state,Renewal,0.0,0.46563899232065226,5.578492404928511,4.059340116874097,0.2500016964293846,1.9540100293292217,3.392858772266471e-08,2.54,0.3268112475343926
350,Transporter-state,Renewal,0.0,0.605261607728225,8.415373083932081,1.9769813268858727,0.2500000121114951,2.029531859856667,2.422321232486979e-10,2.52,0.3233643264417757
351,Transporter-state,Renewal,0.0,1.0073492478337973,0.4396491258336255,0.8723397338535962,0.3212563539578691,2.464819091220163,0.00790564413052007,2.3000000000000003,0.13147545172372332
352,Transporter-state,Renewal,0.0,1.202761212201336,1.6788967229786067e-05,0.32051157560091365,0.5199332151624404,4.237420840320201,0.1305770683263533,3.36,0.04819215670918542
353,Transporter-state,Renewal,0.0,0.3655979001699229,19.391785568674123,14.390317763878233,0.25,1.9142457825647787,0.0,2.46,0.44316860210516906
354,Transporter-state,Renewal,0.0,0.37448047586107297,24.879969778892843,4.89512179115874,0.25,1.8970997078106717,0.0,2.2800000000000002,0.47333338724758733
355,Transporter-state,Renewal,0.0,1.8779886994285913,0.010276100959003998,0.41737596340055566,0.9037815105557202,19.70302346484071,7.5986767307782035,4.86,0.008863551156841454
356,Transporter-state,Renewal,0.0,0.5142266006461356,11.532572609776139,3.0163185250004134,0.25000000000795125,1.9590970081664942,1.5902501537823356e-13,2.44,0.37287229115997667
357,Transporter-state,Renewal,0.0,1.8567276442971294,9.044444425398979e-06,0.2318368341010082,0.7580337664533913,11.8865433571271,2.775898060686962,3.48,0.013211565866563135
358,Transporter-state,Renewal,0.0,0.17297059299190606,23.660405653704288,18.629458290376217,0.25,1.8655877441913646,0.0,2.2,0.48352552345806665
359,Transporter-state,Renewal,0.0,0.24075258327688198,27.676310166790756,17.82655852236482,0.25,1.8740054025487318,0.0,2.2800000000000002,0.506858254454229
360,Transporter-state,Renewal,0.0,1.0166691032675295,1.31305794827324,0.8910596443606029,0.2844850513155363,2.985006237741549,0.0018918485838224665,2.02,0.09031174806740849
361,Transporter-state,Renewal,0.0,0.7981961164290922,6.734974246998547,1.6431043051321463,0.25000081094743465,2.1061317239617496,2.05925158613951e-08,2.16,0.267398091979711
362,Transporter-state,Renewal,0.0,0.43200573541571047,12.927461004545876,5.100968755312326,0.2500000000006109,1.9591331722464114,1.2220224832049099e-14,2.46,0.3766650837253993
363,Transporter-state,Renewal,0.0,0.34066549418319264,19.868069712563738,16.492550171938678,0.25,1.908253435651465,0.0,2.36,0.45104514779156923
364,Transporter-state,Renewal,0.0,1.0264020796225677,3.624690407055027,0.9775470318404487,0.2553334313732919,2.8177345990338636,0.00011231272128962134,4.5600000000000005,0.08409937163163417
365,Transporter-state,Renewal,0.0,0.3672790748739369,11.872318292017326,5.8150949186223855,0.2500000000067019,1.9513856743126186,1.6070034192239291e-13,2.18,0.3653067572833679
366,Transporter-state,Renewal,0.0,0.6021877257251311,8.163762818353689,2.299084659195328,0.2500000050299631,2.012806425928253,1.0067599531815574e-10,2.8000000000000003,0.3648086730564113
367,Transporter-state,Renewal,0.0,0.49844554554789167,8.967317659893084,3.703565581282893,0.25000000072509987,1.9547722943334713,1.4501997380733656e-11,2.08,0.377778738526353
368,Transporter-state,Renewal,0.0,0.3228759836491505,17.055087628157878,8.505346810121871,0.25,1.9002535999753416,0.0,2.34,0.4245881857964545
369,Transporter-state,Renewal,0.0,0.37798913011651264,19.0119497712559,8.725658590469498,0.25,1.9293181926168887,0.0,2.12,0.40522991024958677
370,Transporter-state,Renewal,0.0,0.2691115176114715,21.522241678879425,11.932244136464714,0.25,1.8843191692891252,0.0,2.32,0.47530440095102655
371,Transporter-state,Renewal,0.0,0.3786698126956983,15.663282714329057,4.628140372764319,0.2500000000000005,1.9173491556216087,9.992007221626408e-18,2.12,0.41581530059512206
372,Transporter-state,Renewal,0.0,0.4220989119963135,13.506246103628996,6.222992455410755,0.25000000000003136,1.9302523471638047,6.439293542825909e-16,2.12,0.4125169828193538
373,Transporter-state,Renewal,0.0,1.9230050201450664,0.004274667467484505,0.5868414103796785,0.6275631465189532,10.514050505971154,1.9799469733623858,2.06,0.01444095678536439
374,Transporter-state,Renewal,0.0,0.599495538791564,8.422611414270648,1.1596893074794654,0.2500000044397642,2.0447115850351505,8.87957762873981e-11,2.2600000000000002,0.3533419122999343
375,Transporter-state,Renewal,0.0,0.31353703766663726,18.731730800865193,14.08990473214887,0.25,1.9036589557048298,0.0,2.6,0.4536505495570208
376,Transporter-state,Renewal,0.0,0.21405912826905266,27.00731389015658,16.879109479244967,0.25,1.8725630539481606,0.0,2.1,0.4952647635940703
377,Transporter-state,Renewal,0.0,2.314920839599752,0.00010227860454392612,0.23538222171085926,0.9745842209595625,25.371258891233097,9.832743649066161,4.12,0.008867521670201328
378,Transporter-state,Renewal,0.0,0.3341005295230224,18.333695338537154,6.4730326759139825,0.25,1.9019762940027085,0.0,2.68,0.4389391212902961
379,Transporter-state,Renewal,0.0,0.296038735591529,17.55964242960711,10.684007310976927,0.25,1.8884515021961876,0.0,2.08,0.45792674620992735
380,Transporter-state,Renewal,0.0,0.5160556715364756,11.558888821161077,5.352874319661809,0.25000000007586737,1.9934634847267894,1.5173473588703247e-12,2.22,0.3274559979753824
381,Transporter-state,Renewal,0.0,0.4415593713373787,18.466118168724734,4.356897694457763,0.25,1.9280978104431088,0.0,2.46,0.45181029460642186
382,Transporter-state,Renewal,0.0,0.462284283361421,18.506860661734137,6.5684857358679185,0.25,1.9515659241257484,0.0,2.04,0.4278830372025352
383,Transporter-state,Renewal,0.0,3.4020377023467874,1.0051002163891098e-07,0.22765877525541597,1.2200124384652535,43.763860827526265,23.29622209153164,24.900000000000002,0.006448749217307426
384,Transporter-state,Renewal,0.0,1.300289758087018,0.09453008865040147,0.6859361775618524,0.4249994751272272,4.469362308427602,0.023295911008885957,2.52,0.05341303839697886
385,Transporter-state,Renewal,0.0,0.4193353453044981,13.535490558087474,7.976031703293357,0.250000000003323,1.9576602226171826,6.646017070011112e-14,2.2,0.3342661952492896
386,Transporter-state,Renewal,0.0,1.794126237066555,2.592705499182557e-06,0.21851692901392922,0.5857250100566802,10.660950796092655,1.67684339351252,9.24,0.015325241253380306
387,Transporter-state,Renewal,0.0,0.7347050732762915,3.3083153597857518,2.6734747911367713,0.2502723593423085,2.166442799973046,5.447196120104137e-06,2.04,0.27086409042916615
388,Transporter-state,Renewal,0.0,0.3934444792427965,18.819709253125893,4.330540298051118,0.25,1.926776741682927,0.0,2.22,0.44233207383305984
389,Transporter-state,Renewal,0.0,0.4119799176669154,21.001535993379548,5.485629272211386,0.25,1.9275806404099227,0.0,2.12,0.4405940006173249
390,Transporter-state,Renewal,0.0,0.2762915397601363,22.813722477972817,7.838175860562139,0.25,1.8983196724789926,0.0,2.14,0.4508699784865092
391,Transporter-state,Renewal,0.0,0.22767647832173019,24.279582324242483,15.690796715170539,0.25,1.875533184719022,0.0,2.46,0.48620765492963713
392,Transporter-state,Renewal,0.0,1.4423737351518424,0.005440280557422739,0.28621148558133713,0.5783545985585145,12.88232927678776,2.4283934250642263,2.16,0.014115102382410205
393,Transporter-state,Renewal,0.0,0.9221070498877758,1.7697212646403386,1.4846605663496224,0.25506214345612066,2.270195567343166,0.00010140939717910858,2.6,0.2293779044618357
394,Transporter-state,Renewal,0.0,1.0773072936247419,1.2297031935620453,1.245930132218722,0.26729526550605703,3.3896978642065387,0.000935283820002304,2.04,0.05575199891806848
395,Transporter-state,Renewal,0.0,0.48652574269966686,2.9838043628689093,3.990184501986329,0.25070676032823425,2.0118955790138333,1.4135206564690474e-05,2.1,0.23826208438354113
396,Transporter-state,Renewal,0.0,1.3305072796891888,0.12877641514245397,0.44073699650781895,0.4940003682216393,8.428307302852726,1.1125632327850483,2.06,0.01721470352630483
397,Transporter-state,Renewal,0.0,0.3418044530743613,16.03798956937564,9.472998438220426,0.25000000000000006,1.9018398052172754,1.1102230246251566e-18,2.08,0.4459483823619481
398,Transporter-state,Renewal,0.0,0.2978620050183059,21.476250947336325,10.948395984969876,0.25,1.8930708974710837,0.0,2.16,0.4666900126126181
399,Transporter-state,Renewal,0.0,1.3141101861842643,0.4786415978746419,0.6011616474304226,0.336999148406233,5.001669050640606,0.08547269133812077,2.08,0.028532224024616526
400,Transporter-state,Renewal,0.0,1.1976882872142396,1.8318936519733313,0.7246796070008442,0.2628294556881356,2.9990760017199305,0.0005053444559112585,2.48,0.10082792863648238
401,Transporter-state,Renewal,0.0,0.33521422635874065,22.095730324323426,7.8390107663375845,0.25,1.8965491532340966,0.0,2.34,0.45738240948736864
402,Transporter-state,Renewal,0.0,0.29834978422594716,20.330151043322672,10.601976037543448,0.25,1.8887582866978008,0.0,2.22,0.45550324989966373
403,Transporter-state,Renewal,0.0,0.7215545548262646,2.9371998534265913,1.6633398167930604,0.25039697162992763,2.2115701054422274,1.0578977384939627e-05,2.08,0.17455578650290382
404,Transporter-state,Renewal,0.0,0.6436711306140143,3.17310140936587,2.357454523296197,0.2502503439173749,2.1158262890959616,5.006896864533372e-06,2.08,0.29592896546740144
405,Transporter-state,Renewal,0.0,1.477727421304585,0.0006915929616013727,0.338322227979928,0.5,3.502490601835256,0.04869182764268357,8.64,0.07625195349113956
406,Transporter-state,Renewal,0.0,0.18848432723130007,23.98499094244346,17.82484365753803,0.25,1.8682586654279374,0.0,2.2800000000000002,0.4840462477629489
407,Transporter-state,Renewal,0.0,0.2623790058496548,25.05223942635135,7.601252676236419,0.25,1.8769213076726552,0.0,2.2800000000000002,0.4943694294542478
408,Transporter-state,Renewal,0.0,1.6336206962100506,0.0005507814703378244,0.475151774025119,0.690328765335395,16.438772565926055,4.702507451419148,15.040000000000001,0.011606545380128841
409,Transporter-state,Renewal,0.0,1.3767473461181403,0.21076576375253353,0.3341514217879828,0.36366446315990614,3.3149570873870604,0.010829348487871562,9.06,0.08585145682088269
410,Transporter-state,Renewal,0.0,0.23928498953506167,24.169575924847095,15.685152466056378,0.25,1.8795156520380885,0.0,2.12,0.49441826613577755
411,Transporter-state,Renewal,0.0,0.5349957171948273,17.2378030748377,4.3955627468182,0.25000000000000056,1.9628458387721106,1.1102230246251566e-17,2.16,0.3834470767010014
412,Transporter-state,Renewal,0.0,1.172906105631977,9.978422724543634e-06,0.41514812534697776,0.5,3.6030378531425566,0.058431629055653383,2.02,0.06417862099764349
413,Transporter-state,Renewal,0.0,1.3429386185270622,0.0007899615606987709,0.39885175807189144,0.5,5.081056282914112,0.03910826343157384,12.26,0.04019963599163645
414,Transporter-state,Renewal,0.0,1.2428933036775975,1.4524127891490934e-06,0.28566426221706936,0.5,3.308395468685817,0.039282737166575314,3.66,0.05244159408905946
415,Transporter-state,Renewal,0.0,1.3421803574481836,0.0525725227394247,0.4630120427302146,0.4690276989536255,7.325042859990574,0.5593264117477823,2.02,0.020292746961014907
416,Transporter-state,Renewal,0.0,0.8032810765306133,1.0942086685098502,1.0511654363304825,0.2658678521512816,2.441970523917402,0.0003348681196162351,2.2,0.1448513248626424
417,Transporter-state,Renewal,0.0,0.5310029354588928,5.071695572299916,3.7227216854230587,0.25001262401868385,2.0225198289831807,2.524804570791517e-07,2.2800000000000002,0.2723275724250115
418,Transporter-state,Renewal,0.0,1.432873526073791,0.005534634036052921,0.2705096713787549,0.5000000000081406,4.614784694160374,0.04682863793419332,9.86,0.0685668380830059
419,Transporter-state,Renewal,0.0,0.5212037567963257,15.030872003992727,4.914713255540319,0.25000000000009814,1.9537100646502916,1.9628743075372767e-15,2.16,0.3566705501999915
420,Transporter-state,Renewal,0.0,1.5867708305703672,0.1085733259374706,0.6814611399806622,0.5796158751715623,12.041352113921223,2.316076916827239,3.46,0.014078766235335993
421,Transporter-state,Renewal,0.0,0.5100300949372808,8.97151853173682,3.17581703486177,0.25000000193034994,2.0088346933953374,4.9420868508676106e-11,2.1,0.338869364885067
422,Transporter-state,Renewal,0.0,0.2703450020915944,22.62988360660279,19.476825477898963,0.25,1.8847309831683927,0.0,2.1,0.4631957871996297
423,Transporter-state,Renewal,0.0,1.9048543841214252,0.01267651749765264,0.35589210960967077,0.5000969609455304,8.411871610968204,0.5153094795364582,2.02,0.022020508401598526
424,Transporter-state,Renewal,0.0,0.4299049266654637,8.763287045102174,3.055224591829755,0.25000001010767514,1.9578400372005018,2.0215350282626333e-10,2.16,0.3130108051432321
425,Transporter-state,Renewal,0.0,1.9364736013139083,0.0017289601520928954,0.36903335785617625,1.3842548473501717,42.66350749104746,23.66692321996356,2.02,0.0056636640074340105
426,Transporter-state,Renewal,0.0,0.35635725268391905,17.905685690113444,9.789018169300892,0.25,1.9086633659760903,0.0,2.6,0.43803917449003427
427,Transporter-state,Renewal,0.0,1.4558129651381069,0.031109747321124814,0.501788048801187,0.5374226998839111,7.384562731372272,0.6686228427853227,12.02,0.020921529750620338
428,Transporter-state,Renewal,0.0,0.28315382907605835,25.496070538401483,10.359934910525835,0.25,1.8848287968899389,0.0,2.1,0.4960471623692219
429,Transporter-state,Renewal,0.0,1.1261587992905677,4.511403262242993,1.1403596379185124,0.2502816095320687,2.9534847417508354,6.249342751634135e-06,2.58,0.10773976385789608
430,Transporter-state,Renewal,0.0,0.226555645038502,25.63809391650389,19.198056677992362,0.25,1.8739785075587791,0.0,2.24,0.4975297523985472
431,Transporter-state,Renewal,0.0,1.0002660171191136,1.7444747109547052,1.6368936336762065,0.27370260641621785,2.7965554628440934,0.0010378484848878843,4.0,0.08573235321920414
432,Transporter-state,Renewal,0.0,0.6130527745955292,12.417479888652906,3.3658887875421604,0.250000000001625,2.0329030042010947,3.267164316866911e-14,2.2,0.35789106724264563
433,Transporter-state,Renewal,0.0,0.6767924825491441,6.5425977597072915,2.130047654330541,0.2500004173823117,2.0363493979267657,8.347668800645634e-09,2.08,0.3123471176171383
434,Transporter-state,Renewal,0.0,1.13966517790948,0.4513634949452694,0.8563672484010042,0.36377922946474694,4.157315874717748,0.02056450614180309,6.36,0.04716725632550234
435,Transporter-state,Renewal,0.0,1.0098539522482433,0.46680369982288994,0.5961137997933869,0.3829364692801852,3.2113905304180332,0.034182061293812044,2.02,0.04896777567867716
436,Transporter-state,Renewal,0.0,0.2631404009519971,26.11665486332197,11.533518348101198,0.25,1.8830756416838115,0.0,2.38,0.48381612122484485
437,Transporter-state,Renewal,0.0,1.4650362674701223,8.849497135088313e-08,0.2423779885521599,1.040809059416003,31.11585951525552,16.527182695883237,2.48,0.007533397325512947
438,Transporter-state,Renewal,0.0,0.4831527324024408,21.762229140584736,9.611257704888216,0.25,1.9312241905386227,0.0,2.08,0.45559755001219737
439,Transporter-state,Renewal,0.0,0.6837709628475477,3.1945110121420157,0.876236876943386,0.2503137164130895,2.2326598704000156,8.735835803362901e-06,2.06,0.16215195522626158
440,Transporter-state,Renewal,0.0,0.42417912833302696,21.552368892436107,6.498531706566607,0.25,1.9246098286307918,0.0,2.3000000000000003,0.44832310755596905
441,Transporter-state,Renewal,0.0,1.133533268219785,1.6048557847111624,1.1370172830201881,0.3897825716737708,5.039419250474226,0.23982773359477244,2.12,0.024132605796783668
442,Transporter-state,Renewal,0.0,0.1858899268903659,25.95706132923874,19.141868964200754,0.25,1.8668095277623864,0.0,2.18,0.5032851293080542
443,Transporter-state,Renewal,0.0,0.23073128097749226,21.164891655511724,15.079001598484655,0.25,1.8771263799239166,0.0,2.2600000000000002,0.4621033995927286
444,Transporter-state,Renewal,0.0,1.1366968477129162,0.0483289984852604,0.462435360779994,0.4725729537523484,4.120073583943562,0.051913425298014654,2.02,0.06406465209703982
445,Transporter-state,Renewal,0.0,0.4354305185420819,14.674156154653815,5.748214104479696,0.25000000000000244,1.9667355130267117,9.436895709313832e-17,2.2,0.38400118799644223
446,Transporter-state,Renewal,0.0,1.204552141542938,8.412820136840196,1.0890044525175075,0.25000015197600195,2.315556692047897,3.7621204651561164e-09,3.8000000000000003,0.25050281394247265
447,Transporter-state,Renewal,0.0,0.8774202620538631,10.225429748047759,2.3966511500418393,0.25000000024289903,2.2156610056300443,7.216386377351115e-12,3.12,0.3019702226872807
448,Transporter-state,Renewal,0.0,1.177227855824709,0.00011256833204242866,0.42903472771731666,0.8398138006089753,6.435250976952956,0.9450990985624906,2.04,0.01929886740095743
449,Transporter-state,Renewal,0.0,0.7262878033623988,9.973550523015092,1.3450572627093822,0.2500000078144989,2.1841872837876997,1.6399574587211417e-10,2.62,0.2485952723030741
450,Transporter-state,Renewal,0.0,0.6212959232100999,0.29529572131190207,1.2945596186656143,0.3463209645428743,2.1232256679728443,0.006687843858426097,2.12,0.1952065366873318
451,Transporter-state,Renewal,0.0,0.33295383718644883,14.005531533279878,5.008665463062872,0.2500000000002262,1.93126020864709,4.524158825347513e-15,2.12,0.3650002799839005
452,Transporter-state,Renewal,0.0,0.46778457168314713,17.429689604647933,3.811877405132526,0.25,1.9743413128153267,0.0,2.44,0.39182544564117283
453,Transporter-state,Renewal,0.0,0.4462070898666489,12.771012207606077,2.5149975504453694,0.25000000000021727,1.9318153909428246,4.345412918382863e-15,2.2600000000000002,0.40096995714277783
454,Transporter-state,Renewal,0.0,0.41119007176935235,10.209052125344044,5.8334069695206825,0.2500000000663267,1.938839858826591,1.3265344378510236e-12,2.16,0.3793081293143664
455,Transporter-state,Renewal,0.0,1.3436546580223379,9.666868140811857e-05,0.39787388946918145,0.500000005634055,3.7642520055091273,0.07337657785212963,3.2600000000000002,0.0664657192439897
456,Transporter-state,Renewal,0.0,0.5715829349371403,10.49161504101761,3.5740258248857644,0.2500000008014058,2.0526307030054887,1.6063084196105137e-11,2.2,0.31090279224450945
457,Transporter-state,Renewal,0.0,1.088835070021212,0.05700160651690567,0.5590029717885938,0.4901396273660463,3.924655526398686,0.07151026913549106,2.12,0.047823209022774926
458,Transporter-state,Renewal,0.0,1.0565755043495721,5.01204509088393,1.6424920175380386,0.2500535967221668,2.4163934532846936,1.8521913545221924e-06,2.42,0.1581741837814924
459,Transporter-state,Renewal,0.0,1.5892283916797882,0.07579560373994809,0.6742230281805636,0.44121022173185,5.050635830424387,0.13291413308639172,2.08,0.031109205053034272
460,Transporter-state,Renewal,0.0,0.38851214413639035,10.699408281892374,5.818543214950998,0.25000000041142856,1.9430010082028117,8.228571157786746e-12,2.12,0.31873249613736687
461,Transporter-state,Renewal,0.0,1.1303340993102977,0.061729617161518036,0.5440808598183557,0.4466908657220563,3.542687766404407,0.036283295084316436,4.62,0.04428726937706817
462,Transporter-state,Renewal,0.0,0.4320588822001958,15.59140522325174,2.6752058434413115,0.2500000000000002,1.9360719557739736,4.440892098500626e-18,2.52,0.4324021166131867
463,Transporter-state,Renewal,0.0,0.29415366873570703,25.473311196654493,9.282340653417602,0.25,1.8811376972426526,0.0,2.2,0.49813618467596726
464,Transporter-state,Renewal,0.0,1.28531915711221,0.15352315475979594,0.4764768277671608,0.3817298129649799,4.586341527140453,0.04589616887241948,2.02,0.03329146309962794
465,Transporter-state,Renewal,0.0,1.2812782585714837,1.2700858608945964,0.543938886467141,0.3172416874077839,4.040069041237945,0.01233096288497757,2.68,0.04677981388695185
466,Transporter-state,Renewal,0.0,0.7014800568453515,3.453671609322896,0.788306813397902,0.2501671754751839,2.232880659099968,3.3848919337031714e-06,2.32,0.23749369446063884
467,Transporter-state,Renewal,0.0,1.1481323013695792,0.17002977577067213,0.4632120823311979,0.38031197643719716,2.950050840276554,0.012253890893476551,7.3,0.11583888401145559
468,Transporter-state,Renewal,0.0,1.1925881807644232,9.004392927636218e-05,0.32262278547369255,1.0,10.330853575991608,3.155540297498205,7.2,0.012798538598626119
469,Transporter-state,Renewal,0.0,1.0504131691057066,0.06930010669287867,0.5646782128037919,0.43839366992213413,3.205888637852235,0.030462752398207338,2.6,0.06805497069905397
470,Transporter-state,Renewal,0.0,0.347164439083949,19.57920863891536,11.463170295150826,0.25,1.9043568416942798,0.0,2.2,0.43148498303568206
471,Transporter-state,Renewal,0.0,1.04122608450597,2.8836069769230903,0.7672536355589163,0.2521713809291389,2.421178983153368,4.6811944591105275e-05,3.8000000000000003,0.16522176040042946
472,Transporter-state,Renewal,0.0,0.25394026445351087,21.44881736044644,12.791961732597636,0.25,1.882208568142389,0.0,2.24,0.4609165451991244
473,Transporter-state,Renewal,0.0,0.40602261661881944,12.094743543343725,3.8431481235759724,0.2500000000045354,1.9346281359221291,9.070855178094916e-14,2.18,0.3651901925322564
474,Transporter-state,Renewal,0.0,0.35832158447283713,14.071706352270326,7.108690088080577,0.25000000000001094,1.909426510538464,2.1871393585115584e-16,2.32,0.4123999643799545
475,Transporter-state,Renewal,0.0,0.5104064078785232,12.884320404306436,4.76930963521844,0.25000000000109507,1.950775893790036,2.1902479829805088e-14,2.2600000000000002,0.36805099760327065
476,Transporter-state,Renewal,0.0,1.8822644350251665,0.013669151222188702,0.3227739133840702,0.5047785473959785,5.266457453045875,0.1122766763933356,8.34,0.03770134204387221
477,Transporter-state,Renewal,0.0,0.2809444492625103,24.17050032259317,12.216116686259584,0.25,1.8808228206558137,0.0,2.16,0.48645595301144817
478,Transporter-state,Renewal,0.0,0.4414960510830901,11.911876296045307,6.262656724595379,0.2500000000040175,1.9479126953070616,8.035128118422108e-14,2.22,0.37416378130459704
479,Transporter-state,Renewal,0.0,1.6148856051099139,0.08474186581190679,0.3144102837795344,0.42385134409557507,2.890381157992171,0.027414563144713976,3.08,0.11583801716687037
480,Transporter-state,Renewal,0.0,1.744321099911776,0.9555249307691156,0.6836536105429396,0.2825796220508076,3.0998176499001846,0.0026659712256518766,4.2,0.07738497989749438
481,Transporter-state,Renewal,0.0,0.7328788383679505,6.1026047794969145,2.848906766207925,0.2500019996637482,2.1132648127433797,3.999327502723915e-08,2.68,0.27999119778928705
482,Transporter-state,Renewal,0.0,1.141046087219937,0.12417864670121048,0.6448625745629132,0.45175931517272094,5.743761594153977,0.1191796300981328,2.3000000000000003,0.03072313924444703
483,Transporter-state,Renewal,0.0,0.38028696140918256,15.255531956487403,5.9212789264613015,0.25000000000000033,1.922348373024317,6.661338147750939e-18,2.2,0.434824109275716
484,Transporter-state,Renewal,0.0,0.642529171074019,9.956359590365423,2.0552022104862475,0.25000000542928125,2.103280050170157,1.1296327540044615e-10,2.2600000000000002,0.2706467286078088
485,Transporter-state,Renewal,0.0,0.7410216629024752,7.10700286889562,1.4795923995193472,0.25000005532363123,2.0566434062878844,1.106784821569562e-09,2.04,0.35098683724597135
486,Transporter-state,Renewal,0.0,1.7149044585663789,7.245922085985512e-05,0.214626373159993,0.75,9.37608893068742,2.0250206124140875,2.48,0.014361854810929775
487,Transporter-state,Renewal,0.0,2.337641878685114,6.728778316755779e-07,0.26232913613962583,0.75,8.341973186816924,0.523251605718035,17.46,0.024243245663816526
488,Transporter-state,Renewal,0.0,1.319880416619973,3.8962864952933955,0.9245338458205221,0.2500502552382427,2.4409727006532846,1.0076762505184523e-06,2.16,0.2268920605439142
489,Transporter-state,Renewal,0.0,0.6923364004563872,12.43985617033377,2.9636578221260224,0.2500000000587266,2.0815572225292818,1.1842571367992605e-12,2.34,0.3080443303340281
490,Transporter-state,Renewal,0.0,0.6834539387018957,0.055494773115242424,0.748781740577034,0.4650010672825993,2.8040979140467193,0.04514286842439198,2.12,0.055135042428004266
491,Transporter-state,Renewal,0.0,0.4735526899065633,10.769366825546427,3.7320270121271597,0.2500000000158358,1.9890191771022678,5.417855053480025e-13,2.06,0.341269226180246
492,Transporter-state,Renewal,0.0,0.638412400997331,9.05784828190906,2.407303920937613,0.25000025481407084,2.107370552873822,5.110348400005904e-09,2.58,0.22764881162083395
493,Transporter-state,Renewal,0.0,0.3517019593059716,20.578002225728028,6.826016604031743,0.25,1.8974348859373025,0.0,2.2800000000000002,0.4697052164428681
494,Transporter-state,Renewal,0.0,1.2707190394001018,0.15689432789974944,0.5066209713704147,0.4544323592267014,4.463457459796084,0.16269059853251458,16.36,0.029252789137529933
495,Transporter-state,Renewal,0.0,0.46974786773688226,14.98656963881615,5.46264464871968,0.25000000000000133,1.948840927771138,2.6645352591003756e-17,2.16,0.42046524984831135
496,Transporter-state,Renewal,0.0,1.7321168988629971,0.00018128669634620564,0.22428781786346733,0.8658222339555443,19.222620281012084,7.843704487351309,2.02,0.009123325593990872
497,Transporter-state,Renewal,0.0,0.8941185523329342,1.6071098119634826,1.5032624738215554,0.2560179271799258,2.5223111159660534,0.00016149782570816675,2.44,0.10602706138312867
498,Transporter-state,Renewal,0.0,0.6793898037868732,1.627915498907896,1.9193211012826488,0.2586976904188208,2.143448144529226,0.0001739538109572625,2.32,0.20400571184760763
499,Transporter-state,Renewal,0.0,0.3053729252402633,19.540201105626522,4.534872482602514,0.25,1.8999882432895248,0.0,2.12,0.4462806106535131
500,Transporter-state,Renewal,0.0,0.3321661637653022,16.244750515210512,10.35628760946561,0.25000000000000033,1.9007074286944745,6.661338147750939e-18,2.86,0.4084945727901317
501,Transporter-state,Renewal,0.0,0.6652314696505216,5.036113929710609,2.250223512290846,0.2500142253494195,2.192767083548555,2.872745425486212e-07,2.34,0.2415162370358086
502,Transporter-state,Renewal,0.0,0.29322762545742553,18.63664189254075,6.029702271746051,0.25,1.894755950898274,0.0,2.2,0.42880841371440614
503,Transporter-state,Renewal,0.0,1.0144214704212704,0.17829669276071058,0.6476695294752812,0.3744523927062659,3.204132999275502,0.01256518720154879,2.02,0.10523916502919795
504,Transporter-state,Renewal,0.0,0.9702602483150431,0.011289738078403388,0.3665715048252027,0.4760554787403655,2.5965837208079323,0.01987763857231646,3.18,0.17469957780181522
505,Transporter-state,Renewal,0.0,0.2586452617453991,21.73197127924675,10.753664957143496,0.25,1.8832464593535874,0.0,2.2600000000000002,0.46416765062212884
506,Transporter-state,Renewal,0.0,1.1889559163201373,0.2253846005514788,0.6668454432805891,0.5357243591385694,15.632780779198036,2.8084162158454418,2.24,0.015390370362632688
507,Transporter-state,Renewal,0.0,0.6412930295074596,3.0270757510115516,1.560041450307592,0.2515835268136832,2.216525097865037,3.361767419173045e-05,2.08,0.17244456816397313
508,Transporter-state,Renewal,0.0,0.43588232192917553,18.20783927752234,4.578647812927807,0.25,1.9401187211542035,0.0,2.52,0.447580812346977
509,Transporter-state,Renewal,0.0,0.48666978895123786,7.842633693809034,1.9922186505102584,0.2500000191536103,1.9675822750023473,3.8307535032977566e-10,2.46,0.34021151392526316
510,Transporter-state,Renewal,0.0,0.592081935389938,1.6081743981930003,2.336921596159475,0.26240246560267433,2.15298874074069,0.0002725503099236393,3.4,0.1644312288739892
511,Transporter-state,Renewal,0.0,0.6281275846509311,2.425343791943419,1.7073001204014817,0.2512120189816265,2.0915010030036307,2.4240490552608352e-05,2.12,0.280912135706211
512,Transporter-state,Renewal,0.0,0.22969749308697937,28.110163197855115,16.79822156805946,0.25,1.8709297681791952,0.0,2.2600000000000002,0.5044332018388017
513,Transporter-state,Renewal,0.0,0.9716881467253955,0.04052725344138253,0.8236017555693701,0.4776147398417024,4.678358974768022,0.1409296108512335,2.1,0.031193425423704624
514,Transporter-state,Renewal,0.0,0.26948173209054616,22.47391441597125,11.239075448929686,0.25,1.8839910297290305,0.0,2.42,0.46652745770131354
515,Transporter-state,Renewal,0.0,0.30197422691447273,15.11435799116191,12.991135686918255,0.25000000000000094,1.9131928008997483,2.1094237467877975e-17,2.18,0.3881490622773761
516,Transporter-state,Renewal,0.0,0.6431710646799622,4.459418736217955,1.3824895489021425,0.2504583908131815,2.6886370729978863,1.4106772936023359e-05,2.7800000000000002,0.09943282373759288
517,Transporter-state,Renewal,0.0,0.5699631640487791,7.288790220106364,4.013807677498849,0.25000003743594135,2.037859753916325,7.487705111497434e-10,2.42,0.3477688939002863
518,Transporter-state,Renewal,0.0,0.6992486129939687,4.1563801916171315,1.6225712723514258,0.2500331678678859,2.2567253300819314,6.636444929697395e-07,2.74,0.24590655087828217
519,Transporter-state,Renewal,0.0,1.2689608204394707,0.008106755655489906,0.3797175262981629,0.6958606074222843,6.038389350047708,0.5111469545673624,7.3,0.023253865719308542
520,Transporter-state,Renewal,0.0,1.2442970639758766,0.014910099493022244,0.43014214449565286,0.4822428651676989,3.0063008135469422,0.029662936730597764,8.8,0.0898643439552369
521,Transporter-state,Renewal,0.0,0.37819789764727085,19.544068178545814,8.641672435138878,0.25,1.9068847179862527,0.0,2.34,0.4414334022623546
522,Transporter-state,Renewal,0.0,0.46480563755093895,14.342309405934714,3.873560082516289,0.25000000000011025,1.9510927705117775,2.204902926905561e-15,2.08,0.3682365020538442
523,Transporter-state,Renewal,0.0,0.24476542123484393,21.771019393886604,8.47667351321758,0.25,1.8826175896886677,0.0,2.34,0.4519258399138726
524,Transporter-state,Renewal,0.0,0.8239631438069244,3.7586102832970028,0.7065922924175123,0.2659041887455705,3.7472777286198564,0.0013628601619680746,2.98,0.05023428982267175
525,Transporter-state,Renewal,0.0,0.5206990129401917,12.538877271782553,4.441180952307635,0.25000000000251804,2.0142730320747395,5.4498627832799684e-14,2.34,0.35717990122516163
526,Transporter-state,Renewal,0.0,1.380100827047565,0.9432859880187721,0.5047381640888242,0.27127824434744985,3.4714261563051347,0.0009260592348291286,3.14,0.11388711753506409
527,Transporter-state,Renewal,0.0,0.27606266193469636,19.724359346304198,10.725047482751723,0.25,1.8893798348977588,0.0,2.2600000000000002,0.4568362698711469
528,Transporter-state,Renewal,0.0,1.3908751783993358,0.002043869458077552,0.34407016656614986,0.6825995637338589,4.715073705096119,0.19593301963176318,11.24,0.06245829490780508
529,Transporter-state,Renewal,0.0,0.4408453476298952,13.699947195316554,5.622546252911939,0.25000000000116535,1.9560481170771085,2.3306911955955912e-14,2.14,0.34692523553941335
530,Transporter-state,Renewal,0.0,0.33217227878615585,19.879855450327227,14.267716304032456,0.25,1.8996710374776673,0.0,2.2800000000000002,0.4321491512363126
531,Transporter-state,Renewal,0.0,0.27583554921028214,19.490923348241267,8.466494879392975,0.25,1.8883466117750263,0.0,2.2800000000000002,0.43122468865914776
532,Transporter-state,Renewal,0.0,0.32132763554584337,19.299950028657364,8.909464655139356,0.25,1.9076597589663205,0.0,2.2,0.4176982841066066
533,Transporter-state,Renewal,0.0,2.475184115061454,1.8872694909077836e-05,0.20721460462987418,0.9259144006930703,31.65056016487223,14.376454152626476,3.36,0.008505357520649515
534,Transporter-state,Renewal,0.0,0.6464658657954836,3.457267486716887,1.3797653852169387,0.25026953701757326,2.1737625763917454,5.395161677664852e-06,2.16,0.25102036551905393
535,Transporter-state,Renewal,0.0,0.24228471659200412,22.549943043387202,18.160433816835162,0.25,1.8757904951218376,0.0,2.4,0.46913089436187827
536,Transporter-state,Renewal,0.0,0.885819087952395,0.014249815819198375,0.858401120025219,0.48082078592488,2.6665509792223236,0.026565972343571536,2.16,0.11085637304512619
537,Transporter-state,Renewal,0.0,0.32796630214241934,24.53179624110578,11.450920869961333,0.25,1.8971044999568507,0.0,2.04,0.46722234507969396
538,Transporter-state,Renewal,0.0,0.26518969300239625,19.90776705076189,8.527647870417985,0.25,1.8849906586324188,0.0,2.14,0.4634730488474641
539,Transporter-state,Renewal,0.0,0.34438991234675975,18.522443802158705,7.304779369002386,0.25,1.9034162954092464,0.0,2.22,0.4407051548008891
540,Transporter-state,Renewal,0.0,0.31586713806737704,20.738138689426393,8.911554674627443,0.25,1.9059896802437408,0.0,2.16,0.43217152664536584
541,Transporter-state,Renewal,0.0,0.5278554168464734,13.969734994209432,3.3582089644999935,0.25000000000090755,1.9899903377058241,1.8217649611074194e-14,2.2600000000000002,0.34494080888957623
542,Transporter-state,Renewal,0.0,0.22979514169947235,23.612804355896117,7.819879127130581,0.25,1.8769759740342362,0.0,2.2800000000000002,0.47886249488835975
543,Transporter-state,Renewal,0.0,0.9106576129007152,0.8680602497634311,1.2371787907941156,0.2919743713761722,2.8560696715612446,0.002134666267294254,4.5600000000000005,0.08789732554115748
544,Transporter-state,Renewal,0.0,0.4941244043875118,15.82092527340464,3.407852180464066,0.25000000000000033,1.9733263840878754,1.2212453270876722e-17,2.06,0.4157690390777349
545,Transporter-state,Renewal,0.0,0.23878376604375057,22.389773587466948,14.22307216249634,0.25,1.8754063809999664,0.0,2.46,0.4833719120606491
546,Transporter-state,Renewal,0.0,0.7852308017885596,1.025282490888003,1.989796232749773,0.26896660818052803,2.2442610366945446,0.00045815476422797377,2.66,0.2242769223215132
547,Transporter-state,Renewal,0.0,1.5770736829271461,0.0001996753155992792,0.562488146473569,0.5328106541907682,7.233160125266172,0.8382537083758566,5.0600000000000005,0.018885213715001514
548,Transporter-state,Renewal,0.0,1.1870986470677234,0.016189564860951577,0.4612798474623113,0.48121602611833403,3.6179755855787366,0.0327841850043265,2.06,0.0700542347756894
549,Transporter-state,Renewal,0.0,0.42182062513787333,18.487266744048156,4.872666585004623,0.25,1.9398312207700115,0.0,2.14,0.4066149939729834
550,Transporter-state,Renewal,0.0,0.5907534722073468,4.540365824599476,1.3871453635346858,0.25008057056400607,2.0724583963636105,1.611411280156849e-06,2.06,0.22323402391583258
551,Transporter-state,Renewal,0.0,0.6837857054997442,7.04423724879473,1.979295049065333,0.2500047134043842,2.1379499211602004,9.426926759092957e-08,2.1,0.20974594560683713
552,Transporter-state,Renewal,0.0,0.4856357482332842,11.550991017154246,3.4965310309270996,0.25000000000411726,1.9739670247819827,1.250577419398269e-13,3.02,0.3827230066519747
553,Transporter-state,Renewal,0.0,1.4897561166285391,6.12197950999871e-05,0.29256166963252067,0.7991413261089074,16.09389772592681,5.998444135215362,32.38,0.009928049044426346
554,Transporter-state,Renewal,0.0,0.29885564636358647,23.222450494602768,14.294074042077222,0.25,1.8925696684384372,0.0,2.12,0.4877727945285203
555,Transporter-state,Renewal,0.0,0.2123351219341143,25.6466804377755,15.23891328514971,0.25,1.8731051435448023,0.0,2.24,0.4823995470534662
556,Transporter-state,Renewal,0.0,2.7914587126251513,2.2878059553477215e-06,0.2452034615157366,1.2743281960756607,58.186477986198135,37.899478449856694,47.84,0.006160627198751323
557,Transporter-state,Renewal,0.0,0.41341025045049956,14.468189086042912,9.644720059791725,0.2500000000000046,1.9315071793115204,9.325873406851316e-17,2.08,0.4153315505241074
558,Transporter-state,Renewal,0.0,0.1429903745162882,32.469714475677904,19.282153169063296,0.25,1.8602375553437014,0.0,2.2,0.5280402860376825
559,Transporter-state,Renewal,0.0,0.310817270580824,18.461327182617865,11.878762560383928,0.25,1.8929735874460905,0.0,2.14,0.46462784708913807
560,Transporter-state,Renewal,0.0,0.3456691331146438,18.176368206468965,13.679144199091057,0.25,1.9025774032557403,0.0,2.4,0.44579879712547066
561,Transporter-state,Renewal,0.0,1.1968036438503877,0.008131752865267572,0.27102905069571265,0.5,6.6638238613781695,0.24537793830266627,2.02,0.027043357364690768
562,Transporter-state,Renewal,0.0,1.0329619494755438,6.939856227896826,1.359386104782834,0.2500065213019076,2.239586687517742,1.3122257630060475e-07,2.92,0.2038996016466572
563,Transporter-state,Renewal,0.0,0.24229426601839185,24.10745482732142,11.448148010272112,0.25,1.8795317654936767,0.0,2.18,0.48315344634163804
564,Transporter-state,Renewal,0.0,1.0831387424427146,0.012824969498154815,0.22408100400172282,0.5036161173583492,5.321213259852394,0.30996295826288234,3.42,0.02532571166347386
565,Transporter-state,Renewal,0.0,0.9530759284184331,0.5578065332855431,0.7256836223023734,0.30151034057338266,2.461688325232995,0.002258678333590158,3.74,0.18101312829708505
566,Transporter-state,Renewal,0.0,0.6458762785589642,5.52396242347038,2.0976431003961364,0.2500018435821702,2.030645082207611,3.6874026869693214e-08,3.44,0.32825225596311436
567,Transporter-state,Renewal,0.0,1.4229223177788128,0.07219179901949246,0.5854676256761447,0.43468681802390463,3.4704669726512223,0.024675379256531994,2.12,0.05811563328936775
568,Transporter-state,Renewal,0.0,0.9962767762444373,1.3426383555417942,1.543952326469585,0.2711402538444967,2.5210798192354167,0.000655868795560377,2.3000000000000003,0.1419437640587703
569,Transporter-state,Renewal,0.0,1.1404240534037893,0.15715806596404036,0.5642985889667658,0.4787002746064907,7.39979161874602,0.8920176132988598,2.04,0.017996467320992693
570,Transporter-state,Renewal,0.0,0.8183056096765878,0.5476900900629289,1.9719273972258045,0.2987353754088095,2.127247323951286,0.0019043980222448998,2.14,0.2680813999413092
571,Transporter-state,Renewal,0.0,1.1088394473201366,0.027805360995103,0.45348991613152595,0.456398894993458,2.6333800306242874,0.027504627135029124,6.62,0.1427659040552447
572,Transporter-state,Renewal,0.0,0.2963139805896592,25.7496012628377,18.098889432704922,0.25,1.8861370480018345,0.0,2.3000000000000003,0.4953921518195592
573,Transporter-state,Renewal,0.0,0.4473063945780079,11.656116973432972,5.018743005538537,0.25000000000399103,1.9403079436252786,7.983724792381963e-14,2.04,0.3829404510657882
574,Transporter-state,Renewal,0.0,2.0193902191572954,0.008075021614274647,0.20930890047825104,0.794783689252391,22.147439501974404,8.280985251037825,2.48,0.009984042033552964
575,Transporter-state,Renewal,0.0,0.3830208163519776,20.28192006727926,4.8298088522002525,0.25,1.9071046771244518,0.0,2.46,0.4544684012426612
576,Transporter-state,Renewal,0.0,1.6190270155297621,0.027201049726414794,0.455454879586671,0.49301732552169086,4.515655427981529,0.1755507001999924,3.54,0.03039867636558169
577,Transporter-state,Renewal,0.0,0.24684230391148126,29.073362052225548,15.660386252108546,0.25,1.874849823692531,0.0,2.3000000000000003,0.500705692860907
578,Transporter-state,Renewal,0.0,0.33620997407033715,20.870666995677084,10.72963867390601,0.25,1.8914434945729197,0.0,2.3000000000000003,0.4583331870681161
579,Transporter-state,Renewal,0.0,1.3015737805565741,0.2497191447947671,0.28662930584571006,0.3508842082737903,3.334365412041111,0.008039168405167656,2.14,0.08235866248471091
580,Transporter-state,Renewal,0.0,1.0299156012741097,0.5103662237482922,0.6788382584097155,0.350419728398473,2.871572312658313,0.014034449076001263,10.58,0.0674457261001713
581,Transporter-state,Renewal,0.0,0.38272195359913314,20.838627941116556,7.999818994527948,0.25,1.9080033544515247,0.0,2.22,0.4736156808873927
582,Transporter-state,Renewal,0.0,0.37815964515600714,10.623021945302128,6.313064748072782,0.25000000012854184,1.9242565261587552,2.570836876714111e-12,2.12,0.34626776634184897
583,Transporter-state,Renewal,0.0,0.5034605518350312,12.363377476185377,4.452867232180013,0.2500000000003226,1.9608636630504184,6.4526162191214095e-15,2.54,0.4085979484081501
584,Transporter-state,Renewal,0.0,1.5687908341337093,0.08314375143254438,0.25622303582903816,0.4765859419066222,6.0437129984753115,0.41619608096417754,5.88,0.023442760352506586
585,Transporter-state,Renewal,0.0,0.25784959752109227,21.33033895848274,17.041239497198067,0.25,1.87809755268641,0.0,2.2800000000000002,0.4695102612735642
586,Transporter-state,Renewal,0.0,0.5524837587471694,7.266900585887342,2.1396656793140605,0.25000025105055496,2.029565049935913,5.021019583439923e-09,2.32,0.28716009175948365
587,Transporter-state,Renewal,0.0,0.24225512663433904,21.022146015462,11.915035883144094,0.25,1.87829419913412,0.0,2.1,0.4543582780750136
588,Transporter-state,Renewal,0.0,1.1510066636255714,0.009453407444880213,0.7326543004013731,0.4841263255463194,2.6838323706624068,0.03513841638870854,2.08,0.08439859841206576
589,Transporter-state,Renewal,0.0,0.3417892968364841,17.886649886251064,9.546381325907356,0.25,1.9015252503473414,0.0,2.4,0.4310663119503585
590,Transporter-state,Renewal,0.0,0.6816701831705194,3.675776168924699,2.2952667653072667,0.25014042191959174,2.0729903982228173,2.80843848409984e-06,2.32,0.27295282223382256
591,Transporter-state,Renewal,0.0,1.1622775410396133,0.06652580533818764,0.510739055600978,0.438853288372512,3.1094553862375776,0.020760628566213694,2.04,0.07648647948766574
592,Transporter-state,Renewal,0.0,1.229880162156163,0.152400926664086,0.5475232565611624,0.4314293254705409,2.941187000442708,0.03795578523211724,2.88,0.06771154707694005
593,Transporter-state,Renewal,0.0,0.5415968672953143,16.093319977925262,7.76302002190967,0.25000000000001527,1.988081595223207,3.097522238704187e-16,2.32,0.3624209667117718
594,Transporter-state,Renewal,0.0,0.6893484764383518,6.066732865752556,0.9654739657144265,0.25000161761144996,2.118447321371937,3.3119529774250364e-08,3.1,0.2897417271100782
595,Transporter-state,Renewal,0.0,0.24150964835108385,24.751633639082797,16.64015648939141,0.25,1.876951565690492,0.0,2.18,0.48232675071289854
596,Transporter-state,Renewal,0.0,0.40226652738962665,17.921027170378466,3.220501719695037,0.25,1.919405068788326,0.0,2.1,0.4560743002664912
597,Transporter-state,Renewal,0.0,0.5043003075107938,12.859099076295792,3.314941661539408,0.25000000000020617,1.9741787770015753,4.1233683134578315e-15,2.4,0.39920473715334825
598,Transporter-state,Renewal,0.0,0.5046610929701655,14.12968324718858,5.442796331845232,0.2500000000005743,1.9684827864525654,1.148636741277187e-14,2.14,0.3488827345462321
599,Transporter-state,Renewal,0.0,0.4912912001685206,14.166289093259365,2.669994512557866,0.2500000000048184,2.0169246778867165,9.7541974497517e-14,2.9,0.31782244562279083
