uptake_factor,metric,spearman_rho,p_value,n_trains
0.5,peak_ngu,0.9156065433515093,8.461953499168245e-239,600
0.5,auc_ngu_ms,0.8840158444884568,1.1809381662930587e-199,600
1.0,peak_ngu,0.9088625801738337,2.8556441129625824e-229,600
1.0,auc_ngu_ms,0.8875779654943485,1.8414169658966558e-203,600
