model,pulse_size_over_km,burst_interval_over_single_pulse_t90,burst_tonic_auc_ratio
Linear,0.02,0.08,1.0000000000000007
Linear,0.024045288692348264,0.08,0.9999999999999971
Linear,0.02890879541491855,0.08,0.9999999999999984
Linear,0.03475601657498751,0.08,0.9999999999999917
Linear,0.0417859226170808,0.08,0.9999999999999959
Linear,0.050237728630191596,0.08,0.9999999999999978
Linear,0.06039903440804033,0.08,1.0000000000000024
Linear,0.07261561095402029,0.08,0.9999999999999903
Linear,0.08730316644803322,0.08,0.9999999999999932
Linear,0.10496149204995453,0.08,1.0000000000000033
Linear,0.1261914688960387,0.08,1.0000000000000007
Linear,0.15171551500583677,0.08,0.9999999999999974
Linear,0.18240216787118196,0.08,1.000000000000009
Linear,0.21929563922863704,0.08,1.000000000000004
Linear,0.2636513477112815,0.08,1.0000000000000024
Linear,0.3169786384922227,0.08,0.9999999999999921
Linear,0.38109214359264953,0.08,0.999999999999998
Linear,0.45817353055355475,0.08,0.9999999999999984
Linear,0.5508457406676333,0.08,1.0000000000000038
Linear,0.6622622429651823,0.08,0.9999999999999991
Linear,0.7962143411069947,0.08,1.0000000000000049
Linear,0.9572601846452766,0.08,1.0000000000000002
Linear,1.150879874674314,0.08,0.9999999999999853
Linear,1.3836619418378735,0.08,0.9999999999999991
Linear,1.663527542205342,0.08,0.9999999999999999
Linear,2.0,0.08,0.9999999999999997
Michaelis-Menten,0.02,0.08,1.0013571064067324
Michaelis-Menten,0.024045288692348264,0.08,1.0015195853847196
Michaelis-Menten,0.02890879541491855,0.08,1.001665495504365
Michaelis-Menten,0.03475601657498751,0.08,1.0017700384353776
Michaelis-Menten,0.0417859226170808,0.08,1.0017945280558571
Michaelis-Menten,0.050237728630191596,0.08,1.001680425693379
Michaelis-Menten,0.06039903440804033,0.08,1.0013416818111904
Michaelis-Menten,0.07261561095402029,0.08,1.000655864769356
Michaelis-Menten,0.08730316644803322,0.08,0.9994561383014777
Michaelis-Menten,0.10496149204995453,0.08,0.997529711151847
Michaelis-Menten,0.1261914688960387,0.08,0.9946353370416985
Michaelis-Menten,0.15171551500583677,0.08,0.9905630364416925
Michaelis-Menten,0.18240216787118196,0.08,0.9852659944054666
Michaelis-Menten,0.21929563922863704,0.08,0.97906838460882
Michaelis-Menten,0.2636513477112815,0.08,0.9728453604291999
Michaelis-Menten,0.3169786384922227,0.08,0.9679199195210872
Michaelis-Menten,0.38109214359264953,0.08,0.9655089097988508
Michaelis-Menten,0.45817353055355475,0.08,0.966055769713261
Michaelis-Menten,0.5508457406676333,0.08,0.9690642102188656
Michaelis-Menten,0.6622622429651823,0.08,0.9735174285306993
Michaelis-Menten,0.7962143411069947,0.08,0.9784119459305877
Michaelis-Menten,0.9572601846452766,0.08,0.9830464268798501
Michaelis-Menten,1.150879874674314,0.08,0.9870557624822152
Michaelis-Menten,1.3836619418378735,0.08,0.9903243613657885
Michaelis-Menten,1.663527542205342,0.08,0.9928823619164531
Michaelis-Menten,2.0,0.08,0.9948269539963782
Transporter-state,0.02,0.08,0.9963024169874035
Transporter-state,0.024045288692348264,0.08,0.9944796051195645
Transporter-state,0.02890879541491855,0.08,0.991171316065914
Transporter-state,0.03475601657498751,0.08,0.9861171181147173
Transporter-state,0.0417859226170808,0.08,0.9842173932856718
Transporter-state,0.050237728630191596,0.08,0.9865045211283864
Transporter-state,0.06039903440804033,0.08,0.9893237534507083
Transporter-state,0.07261561095402029,0.08,0.9918152517192542
Transporter-state,0.08730316644803322,0.08,0.9941314958593812
Transporter-state,0.10496149204995453,0.08,0.9956902081241136
Transporter-state,0.1261914688960387,0.08,0.9967426198171953
Transporter-state,0.15171551500583677,0.08,0.9975042353147521
Transporter-state,0.18240216787118196,0.08,0.9980857305800663
Transporter-state,0.21929563922863704,0.08,0.9985446677691253
Transporter-state,0.2636513477112815,0.08,0.9989095039721203
Transporter-state,0.3169786384922227,0.08,0.9991952975932367
Transporter-state,0.38109214359264953,0.08,0.9994135683377856
Transporter-state,0.45817353055355475,0.08,0.9995759984057854
Transporter-state,0.5508457406676333,0.08,0.9996943089839394
Transporter-state,0.6622622429651823,0.08,0.9997791278010003
Transporter-state,0.7962143411069947,0.08,0.9998392578065868
Transporter-state,0.9572601846452766,0.08,0.9998815399214481
Transporter-state,1.150879874674314,0.08,0.9999110731897061
Transporter-state,1.3836619418378735,0.08,0.9999315617273492
Transporter-state,1.663527542205342,0.08,0.9999456578470729
Transporter-state,2.0,0.08,0.9999552475289799
Linear,0.02,0.09618115476939304,1.0000000000000018
Linear,0.024045288692348264,0.09618115476939304,0.9999999999999973
Linear,0.02890879541491855,0.09618115476939304,1.0000000000000036
Linear,0.03475601657498751,0.09618115476939304,1.0000000000000044
Linear,0.0417859226170808,0.09618115476939304,1.0000000000000027
Linear,0.050237728630191596,0.09618115476939304,0.9999999999999997
Linear,0.06039903440804033,0.09618115476939304,1.0000000000000027
Linear,0.07261561095402029,0.09618115476939304,0.9999999999999981
Linear,0.08730316644803322,0.09618115476939304,1.0000000000000007
Linear,0.10496149204995453,0.09618115476939304,0.999999999999998
Linear,0.1261914688960387,0.09618115476939304,1.0000000000000022
Linear,0.15171551500583677,0.09618115476939304,0.9999999999999951
Linear,0.18240216787118196,0.09618115476939304,0.9999999999999968
Linear,0.21929563922863704,0.09618115476939304,1.0000000000000033
Linear,0.2636513477112815,0.09618115476939304,0.9999999999999992
Linear,0.3169786384922227,0.09618115476939304,1.0000000000000058
Linear,0.38109214359264953,0.09618115476939304,1.0000000000000009
Linear,0.45817353055355475,0.09618115476939304,1.0000000000000009
Linear,0.5508457406676333,0.09618115476939304,0.9999999999999979
Linear,0.6622622429651823,0.09618115476939304,1.0000000000000013
Linear,0.7962143411069947,0.09618115476939304,0.9999999999999991
Linear,0.9572601846452766,0.09618115476939304,0.9999999999999987
Linear,1.150879874674314,0.09618115476939304,0.9999999999999967
Linear,1.3836619418378735,0.09618115476939304,1.0000000000000064
Linear,1.663527542205342,0.09618115476939304,1.0000000000000013
Linear,2.0,0.09618115476939304,0.9999999999999999
Michaelis-Menten,0.02,0.09618115476939304,1.0026098647287949
Michaelis-Menten,0.024045288692348264,0.09618115476939304,1.003039475947009
Michaelis-Menten,0.02890879541491855,0.09618115476939304,1.0035116859739293
Michaelis-Menten,0.03475601657498751,0.09618115476939304,1.0040151348199067
Michaelis-Menten,0.0417859226170808,0.09618115476939304,1.004527245038444
Michaelis-Menten,0.050237728630191596,0.09618115476939304,1.0050081465298046
Michaelis-Menten,0.06039903440804033,0.09618115476939304,1.0053920134211705
Michaelis-Menten,0.07261561095402029,0.09618115476939304,1.0055751848878702
Michaelis-Menten,0.08730316644803322,0.09618115476939304,1.0054009380667277
Michaelis-Menten,0.10496149204995453,0.09618115476939304,1.004642491323971
Michaelis-Menten,0.1261914688960387,0.09618115476939304,1.0029903897773382
Michaelis-Menten,0.15171551500583677,0.09618115476939304,1.0000609604621578
Michaelis-Menten,0.18240216787118196,0.09618115476939304,0.9954626699485175
Michaelis-Menten,0.21929563922863704,0.09618115476939304,0.988981921461678
Michaelis-Menten,0.2636513477112815,0.09618115476939304,0.9809326225969888
Michaelis-Menten,0.3169786384922227,0.09618115476939304,0.9725324625295494
Michaelis-Menten,0.38109214359264953,0.09618115476939304,0.9658092201311002
Michaelis-Menten,0.45817353055355475,0.09618115476939304,0.9626191335398906
Michaelis-Menten,0.5508457406676333,0.09618115476939304,0.9634676982391914
Michaelis-Menten,0.6622622429651823,0.09618115476939304,0.9673901976230687
Michaelis-Menten,0.7962143411069947,0.09618115476939304,0.9728319526334603
Michaelis-Menten,0.9572601846452766,0.09618115476939304,0.9784823704699883
Michaelis-Menten,1.150879874674314,0.09618115476939304,0.9835680515876073
Michaelis-Menten,1.3836619418378735,0.09618115476939304,0.9877762691395396
Michaelis-Menten,1.663527542205342,0.09618115476939304,0.9910770739228694
Michaelis-Menten,2.0,0.09618115476939304,0.9935755177835468
Transporter-state,0.02,0.09618115476939304,0.99593126664977
Transporter-state,0.024045288692348264,0.09618115476939304,0.9937888653836582
Transporter-state,0.02890879541491855,0.09618115476939304,0.9897878441338614
Transporter-state,0.03475601657498751,0.09618115476939304,0.9833408276109087
Transporter-state,0.0417859226170808,0.09618115476939304,0.980403384112557
Transporter-state,0.050237728630191596,0.09618115476939304,0.9830998320636976
Transporter-state,0.06039903440804033,0.09618115476939304,0.9866767307605383
Transporter-state,0.07261561095402029,0.09618115476939304,0.9898313255428136
Transporter-state,0.08730316644803322,0.09618115476939304,0.9927576770491225
Transporter-state,0.10496149204995453,0.09618115476939304,0.9947271316962017
Transporter-state,0.1261914688960387,0.09618115476939304,0.9960446030450831
Transporter-state,0.15171551500583677,0.09618115476939304,0.996995955225629
Transporter-state,0.18240216787118196,0.09618115476939304,0.997725882415227
Transporter-state,0.21929563922863704,0.09618115476939304,0.9983032615984101
Transporter-state,0.2636513477112815,0.09618115476939304,0.9987584400213906
Transporter-state,0.3169786384922227,0.09618115476939304,0.999108570290091
Transporter-state,0.38109214359264953,0.09618115476939304,0.99936998033457
Transporter-state,0.45817353055355475,0.09618115476939304,0.999560204499959
Transporter-state,0.5508457406676333,0.09618115476939304,0.9996960451121478
Transporter-state,0.6622622429651823,0.09618115476939304,0.9997918117140125
Transporter-state,0.7962143411069947,0.09618115476939304,0.9998587348807851
Transporter-state,0.9572601846452766,0.09618115476939304,0.9999051867024991
Transporter-state,1.150879874674314,0.09618115476939304,0.9999372193472646
Transporter-state,1.3836619418378735,0.09618115476939304,0.9999591349706568
Transporter-state,1.663527542205342,0.09618115476939304,0.9999739677004352
Transporter-state,2.0,0.09618115476939304,0.999983851513459
Linear,0.02,0.1156351816596742,0.9999999999999986
Linear,0.024045288692348264,0.1156351816596742,0.9999999999999989
Linear,0.02890879541491855,0.1156351816596742,0.9999999999999986
Linear,0.03475601657498751,0.1156351816596742,0.9999999999999991
Linear,0.0417859226170808,0.1156351816596742,0.9999999999999941
Linear,0.050237728630191596,0.1156351816596742,0.999999999999997
Linear,0.06039903440804033,0.1156351816596742,1.0000000000000033
Linear,0.07261561095402029,0.1156351816596742,1.0000000000000049
Linear,0.08730316644803322,0.1156351816596742,0.9999999999999998
Linear,0.10496149204995453,0.1156351816596742,0.9999999999999963
Linear,0.1261914688960387,0.1156351816596742,0.9999999999999973
Linear,0.15171551500583677,0.1156351816596742,0.9999999999999933
Linear,0.18240216787118196,0.1156351816596742,1.0000000000000038
Linear,0.21929563922863704,0.1156351816596742,0.9999999999999957
Linear,0.2636513477112815,0.1156351816596742,1.0000000000000016
Linear,0.3169786384922227,0.1156351816596742,0.9999999999999981
Linear,0.38109214359264953,0.1156351816596742,1.0000000000000013
Linear,0.45817353055355475,0.1156351816596742,1.0000000000000033
Linear,0.5508457406676333,0.1156351816596742,0.9999999999999996
Linear,0.6622622429651823,0.1156351816596742,0.9999999999999991
Linear,0.7962143411069947,0.1156351816596742,0.9999999999999994
Linear,0.9572601846452766,0.1156351816596742,1.0000000000000033
Linear,1.150879874674314,0.1156351816596742,0.9999999999999962
Linear,1.3836619418378735,0.1156351816596742,0.9999999999999957
Linear,1.663527542205342,0.1156351816596742,0.9999999999999942
Linear,2.0,0.1156351816596742,0.9999999999999966
Michaelis-Menten,0.02,0.1156351816596742,1.0037968512354098
Michaelis-Menten,0.024045288692348264,0.1156351816596742,1.00448487193225
Michaelis-Menten,0.02890879541491855,0.1156351816596742,1.005275392463241
Michaelis-Menten,0.03475601657498751,0.1156351816596742,1.006172119289606
Michaelis-Menten,0.0417859226170808,0.1156351816596742,1.0071715039430178
Michaelis-Menten,0.050237728630191596,0.1156351816596742,1.0082575061004977
Michaelis-Menten,0.06039903440804033,0.1156351816596742,1.0093935933098623
Michaelis-Menten,0.07261561095402029,0.1156351816596742,1.010510791674342
Michaelis-Menten,0.08730316644803322,0.1156351816596742,1.0114903660969412
Michaelis-Menten,0.10496149204995453,0.1156351816596742,1.0121398713942629
Michaelis-Menten,0.1261914688960387,0.1156351816596742,1.0121627868777052
Michaelis-Menten,0.15171551500583677,0.1156351816596742,1.0111270161780377
Michaelis-Menten,0.18240216787118196,0.1156351816596742,1.0084514518086585
Michaelis-Menten,0.21929563922863704,0.1156351816596742,1.0034623155623428
Michaelis-Menten,0.2636513477112815,0.1156351816596742,0.9956285504298281
Michaelis-Menten,0.3169786384922227,0.1156351816596742,0.9851153149576616
Michaelis-Menten,0.38109214359264953,0.1156351816596742,0.9735443944499405
Michaelis-Menten,0.45817353055355475,0.1156351816596742,0.9640567779492877
Michaelis-Menten,0.5508457406676333,0.1156351816596742,0.959601306450356
Michaelis-Menten,0.6622622429651823,0.1156351816596742,0.9607594633271833
Michaelis-Menten,0.7962143411069947,0.1156351816596742,0.9657814082620787
Michaelis-Menten,0.9572601846452766,0.1156351816596742,0.972337241815185
Michaelis-Menten,1.150879874674314,0.1156351816596742,0.9787624464877204
Michaelis-Menten,1.3836619418378735,0.1156351816596742,0.9842543428788119
Michaelis-Menten,1.663527542205342,0.1156351816596742,0.9885994648878711
Michaelis-Menten,2.0,0.1156351816596742,0.9918791214347946
Transporter-state,0.02,0.1156351816596742,0.9954970306718333
Transporter-state,0.024045288692348264,0.1156351816596742,0.9930049409925087
Transporter-state,0.02890879541491855,0.1156351816596742,0.9882369748778213
Transporter-state,0.03475601657498751,0.1156351816596742,0.9801123978460282
Transporter-state,0.0417859226170808,0.1156351816596742,0.9756063407017906
Transporter-state,0.050237728630191596,0.1156351816596742,0.9786768169021165
Transporter-state,0.06039903440804033,0.1156351816596742,0.9832155521324588
Transporter-state,0.07261561095402029,0.1156351816596742,0.9872388813747741
Transporter-state,0.08730316644803322,0.1156351816596742,0.9909728232734066
Transporter-state,0.10496149204995453,0.1156351816596742,0.9934950545149864
Transporter-state,0.1261914688960387,0.1156351816596742,0.9951643848514651
Transporter-state,0.15171551500583677,0.1156351816596742,0.9963672091276101
Transporter-state,0.18240216787118196,0.1156351816596742,0.997293965904526
Transporter-state,0.21929563922863704,0.1156351816596742,0.9980252819819506
Transporter-state,0.2636513477112815,0.1156351816596742,0.9985933816243207
Transporter-state,0.3169786384922227,0.1156351816596742,0.999020526407511
Transporter-state,0.38109214359264953,0.1156351816596742,0.9993317499402898
Transporter-state,0.45817353055355475,0.1156351816596742,0.9995532650841431
Transporter-state,0.5508457406676333,0.1156351816596742,0.999708509716534
Transporter-state,0.6622622429651823,0.1156351816596742,0.9998162364539884
Transporter-state,0.7962143411069947,0.1156351816596742,0.9998904731508688
Transporter-state,0.9572601846452766,0.1156351816596742,0.9999413158742654
Transporter-state,1.150879874674314,0.1156351816596742,0.9999758834738623
Transporter-state,1.3836619418378735,0.1156351816596742,0.9999991490234348
Transporter-state,1.663527542205342,0.1156351816596742,1.000014575785853
Transporter-state,2.0,0.1156351816596742,1.0000245789746216
Linear,0.02,0.13902406629995,0.9999999999999953
Linear,0.024045288692348264,0.13902406629995,1.0000000000000042
Linear,0.02890879541491855,0.13902406629995,1.0000000000000038
Linear,0.03475601657498751,0.13902406629995,0.9999999999999959
Linear,0.0417859226170808,0.13902406629995,1.000000000000004
Linear,0.050237728630191596,0.13902406629995,1.0000000000000029
Linear,0.06039903440804033,0.13902406629995,1.0000000000000013
Linear,0.07261561095402029,0.13902406629995,0.9999999999999992
Linear,0.08730316644803322,0.13902406629995,0.9999999999999968
Linear,0.10496149204995453,0.13902406629995,1.0000000000000024
Linear,0.1261914688960387,0.13902406629995,0.9999999999999984
Linear,0.15171551500583677,0.13902406629995,1.0000000000000042
Linear,0.18240216787118196,0.13902406629995,1.0000000000000007
Linear,0.21929563922863704,0.13902406629995,0.9999999999999987
Linear,0.2636513477112815,0.13902406629995,1.0000000000000007
Linear,0.3169786384922227,0.13902406629995,0.9999999999999976
Linear,0.38109214359264953,0.13902406629995,0.999999999999997
Linear,0.45817353055355475,0.13902406629995,1.0000000000000009
Linear,0.5508457406676333,0.13902406629995,0.9999999999999948
Linear,0.6622622429651823,0.13902406629995,0.9999999999999989
Linear,0.7962143411069947,0.13902406629995,0.999999999999999
Linear,0.9572601846452766,0.13902406629995,0.9999999999999998
Linear,1.150879874674314,0.13902406629995,0.9999999999999993
Linear,1.3836619418378735,0.13902406629995,0.9999999999999987
Linear,1.663527542205342,0.13902406629995,0.9999999999999984
Linear,2.0,0.13902406629995,1.0000000000000002
Michaelis-Menten,0.02,0.13902406629995,1.0048395286414655
Michaelis-Menten,0.024045288692348264,0.13902406629995,1.0057593877455833
Michaelis-Menten,0.02890879541491855,0.13902406629995,1.0068377825400832
Michaelis-Menten,0.03475601657498751,0.13902406629995,1.008093648111243
Michaelis-Menten,0.0417859226170808,0.13902406629995,1.0095433020712627
Michaelis-Menten,0.050237728630191596,0.13902406629995,1.0111966568232298
Michaelis-Menten,0.06039903440804033,0.13902406629995,1.013050996511021
Michaelis-Menten,0.07261561095402029,0.13902406629995,1.0150810054912764
Michaelis-Menten,0.08730316644803322,0.13902406629995,1.0172231527050841
Michaelis-Menten,0.10496149204995453,0.13902406629995,1.0193518660055751
Michaelis-Menten,0.1261914688960387,0.13902406629995,1.021244471504703
Michaelis-Menten,0.15171551500583677,0.13902406629995,1.0225325939733143
Michaelis-Menten,0.18240216787118196,0.13902406629995,1.022642357803639
Michaelis-Menten,0.21929563922863704,0.13902406629995,1.0207415202491865
Michaelis-Menten,0.2636513477112815,0.13902406629995,1.0157558044646064
Michaelis-Menten,0.3169786384922227,0.13902406629995,1.0066183387900987
Michaelis-Menten,0.38109214359264953,0.13902406629995,0.99305428324915
Michaelis-Menten,0.45817353055355475,0.13902406629995,0.9769880948165729
Michaelis-Menten,0.5508457406676333,0.13902406629995,0.9631695067052339
Michaelis-Menten,0.6622622429651823,0.13902406629995,0.956422871590862
Michaelis-Menten,0.7962143411069947,0.13902406629995,0.9575628323624485
Michaelis-Menten,0.9572601846452766,0.13902406629995,0.9636698237715565
Michaelis-Menten,1.150879874674314,0.13902406629995,0.9713541908180994
Michaelis-Menten,1.3836619418378735,0.13902406629995,0.9785410381638705
Michaelis-Menten,1.663527542205342,0.13902406629995,0.9844243556098953
Michaelis-Menten,2.0,0.13902406629995,0.9889113173378408
Transporter-state,0.02,0.13902406629995,0.9950919068277101
Transporter-state,0.024045288692348264,0.13902406629995,0.9922994645470973
Transporter-state,0.02890879541491855,0.13902406629995,0.9868594281534342
Transporter-state,0.03475601657498751,0.13902406629995,0.9770446392347383
Transporter-state,0.0417859226170808,0.13902406629995,0.9703555073802814
Transporter-state,0.050237728630191596,0.13902406629995,0.9735022652236702
Transporter-state,0.06039903440804033,0.13902406629995,0.979043568756655
Transporter-state,0.07261561095402029,0.13902406629995,0.9840272693322202
Transporter-state,0.08730316644803322,0.13902406629995,0.9886543296929435
Transporter-state,0.10496149204995453,0.13902406629995,0.9918119131159574
Transporter-state,0.1261914688960387,0.13902406629995,0.9938919340949032
Transporter-state,0.15171551500583677,0.13902406629995,0.9954061821856024
Transporter-state,0.18240216787118196,0.13902406629995,0.996590162948277
Transporter-state,0.21929563922863704,0.13902406629995,0.9975247582757918
Transporter-state,0.2636513477112815,0.13902406629995,0.9982393281938059
Transporter-state,0.3169786384922227,0.13902406629995,0.9987643410385039
Transporter-state,0.38109214359264953,0.13902406629995,0.9991383392341989
Transporter-state,0.45817353055355475,0.13902406629995,0.9993995757766588
Transporter-state,0.5508457406676333,0.13902406629995,0.9995799804274711
Transporter-state,0.6622622429651823,0.13902406629995,0.9997037314432309
Transporter-state,0.7962143411069947,0.13902406629995,0.9997882045025033
Transporter-state,0.9572601846452766,0.13902406629995,0.9998455604354343
Transporter-state,1.150879874674314,0.13902406629995,0.9998842132633146
Transporter-state,1.3836619418378735,0.13902406629995,0.9999099643547749
Transporter-state,1.663527542205342,0.13902406629995,0.9999268186328681
Transporter-state,2.0,0.13902406629995,0.9999375640087994
Linear,0.02,0.16714369046832317,1.000000000000002
Linear,0.024045288692348264,0.16714369046832317,0.9999999999999984
Linear,0.02890879541491855,0.16714369046832317,1.000000000000002
Linear,0.03475601657498751,0.16714369046832317,1.0000000000000013
Linear,0.0417859226170808,0.16714369046832317,1.000000000000003
Linear,0.050237728630191596,0.16714369046832317,0.9999999999999994
Linear,0.06039903440804033,0.16714369046832317,0.9999999999999984
Linear,0.07261561095402029,0.16714369046832317,0.9999999999999961
Linear,0.08730316644803322,0.16714369046832317,0.9999999999999959
Linear,0.10496149204995453,0.16714369046832317,1.0
Linear,0.1261914688960387,0.16714369046832317,0.9999999999999993
Linear,0.15171551500583677,0.16714369046832317,1.0000000000000042
Linear,0.18240216787118196,0.16714369046832317,0.9999999999999993
Linear,0.21929563922863704,0.16714369046832317,0.9999999999999992
Linear,0.2636513477112815,0.16714369046832317,0.9999999999999983
Linear,0.3169786384922227,0.16714369046832317,1.0000000000000053
Linear,0.38109214359264953,0.16714369046832317,1.0
Linear,0.45817353055355475,0.16714369046832317,0.999999999999996
Linear,0.5508457406676333,0.16714369046832317,1.000000000000004
Linear,0.6622622429651823,0.16714369046832317,0.9999999999999997
Linear,0.7962143411069947,0.16714369046832317,1.0000000000000009
Linear,0.9572601846452766,0.16714369046832317,0.9999999999999982
Linear,1.150879874674314,0.16714369046832317,0.9999999999999979
Linear,1.3836619418378735,0.16714369046832317,0.999999999999999
Linear,1.663527542205342,0.16714369046832317,1.0000000000000024
Linear,2.0,0.16714369046832317,0.9999999999999977
Michaelis-Menten,0.02,0.16714369046832317,1.0056510589799723
Michaelis-Menten,0.024045288692348264,0.16714369046832317,1.0067562371791534
Michaelis-Menten,0.02890879541491855,0.16714369046832317,1.0080669340842932
Michaelis-Menten,0.03475601657498751,0.16714369046832317,1.0096158399893684
Michaelis-Menten,0.0417859226170808,0.16714369046832317,1.0114376871274364
Michaelis-Menten,0.050237728630191596,0.16714369046832317,1.0135671920352276
Michaelis-Menten,0.06039903440804033,0.16714369046832317,1.0160351869925892
Michaelis-Menten,0.07261561095402029,0.16714369046832317,1.0188617736401195
Michaelis-Menten,0.08730316644803322,0.16714369046832317,1.0220446601538815
Michaelis-Menten,0.10496149204995453,0.16714369046832317,1.0255398576546033
Michaelis-Menten,0.1261914688960387,0.16714369046832317,1.0292305826989074
Michaelis-Menten,0.15171551500583677,0.16714369046832317,1.0328787425606658
Michaelis-Menten,0.18240216787118196,0.16714369046832317,1.0360527069685084
Michaelis-Menten,0.21929563922863704,0.16714369046832317,1.03802823749467
Michaelis-Menten,0.2636513477112815,0.16714369046832317,1.0376752999872416
Michaelis-Menten,0.3169786384922227,0.16714369046832317,1.0333963861650945
Michaelis-Menten,0.38109214359264953,0.16714369046832317,1.0233307640841882
Michaelis-Menten,0.45817353055355475,0.16714369046832317,1.0063494369311066
Michaelis-Menten,0.5508457406676333,0.16714369046832317,0.9844189631277567
Michaelis-Menten,0.6622622429651823,0.16714369046832317,0.964558462491122
Michaelis-Menten,0.7962143411069947,0.16714369046832317,0.9546856955443171
Michaelis-Menten,0.9572601846452766,0.16714369046832317,0.9558844229713681
Michaelis-Menten,1.150879874674314,0.16714369046832317,0.9632795816720946
Michaelis-Menten,1.3836619418378735,0.16714369046832317,0.9720600434181419
Michaelis-Menten,1.663527542205342,0.16714369046832317,0.9797974633836599
Michaelis-Menten,2.0,0.16714369046832317,0.985809182143438
Transporter-state,0.02,0.16714369046832317,0.9945862283249362
Transporter-state,0.024045288692348264,0.16714369046832317,0.9914641831989731
Transporter-state,0.02890879541491855,0.16714369046832317,0.9853053563920822
Transporter-state,0.03475601657498751,0.16714369046832317,0.9735807628332521
Transporter-state,0.0417859226170808,0.16714369046832317,0.9638470918833617
Transporter-state,0.050237728630191596,0.16714369046832317,0.9669019723662187
Transporter-state,0.06039903440804033,0.16714369046832317,0.97383174687874
Transporter-state,0.07261561095402029,0.16714369046832317,0.980146968604819
Transporter-state,0.08730316644803322,0.16714369046832317,0.985979397014065
Transporter-state,0.10496149204995453,0.16714369046832317,0.989992021600942
Transporter-state,0.1261914688960387,0.16714369046832317,0.9926015411657172
Transporter-state,0.15171551500583677,0.16714369046832317,0.994513745300982
Transporter-state,0.18240216787118196,0.16714369046832317,0.9960221056801188
Transporter-state,0.21929563922863704,0.16714369046832317,0.9972023441839571
Transporter-state,0.2636513477112815,0.16714369046832317,0.9980840605027446
Transporter-state,0.3169786384922227,0.16714369046832317,0.9987147459513185
Transporter-state,0.38109214359264953,0.16714369046832317,0.9991532532886233
Transporter-state,0.45817353055355475,0.16714369046832317,0.9994533796598057
Transporter-state,0.5508457406676333,0.16714369046832317,0.9996570960727682
Transporter-state,0.6622622429651823,0.16714369046832317,0.9997946726167514
Transporter-state,0.7962143411069947,0.16714369046832317,0.9998871329845301
Transporter-state,0.9572601846452766,0.16714369046832317,0.9999488481909111
Transporter-state,1.150879874674314,0.16714369046832317,0.9999895946257906
Transporter-state,1.3836619418378735,0.16714369046832317,1.0000160267645244
Transporter-state,1.663527542205342,0.16714369046832317,1.000032706729968
Transporter-state,2.0,0.16714369046832317,1.0000539019148316
Linear,0.02,0.2009509145207664,0.9999999999999994
Linear,0.024045288692348264,0.2009509145207664,1.0
Linear,0.02890879541491855,0.2009509145207664,1.0000000000000002
Linear,0.03475601657498751,0.2009509145207664,1.0000000000000056
Linear,0.0417859226170808,0.2009509145207664,0.9999999999999977
Linear,0.050237728630191596,0.2009509145207664,1.000000000000002
Linear,0.06039903440804033,0.2009509145207664,1.0
Linear,0.07261561095402029,0.2009509145207664,1.0000000000000013
Linear,0.08730316644803322,0.2009509145207664,1.0000000000000024
Linear,0.10496149204995453,0.2009509145207664,1.0000000000000053
Linear,0.1261914688960387,0.2009509145207664,0.9999999999999998
Linear,0.15171551500583677,0.2009509145207664,0.9999999999999971
Linear,0.18240216787118196,0.2009509145207664,1.000000000000003
Linear,0.21929563922863704,0.2009509145207664,0.9999999999999969
Linear,0.2636513477112815,0.2009509145207664,1.000000000000001
Linear,0.3169786384922227,0.2009509145207664,0.9999999999999991
Linear,0.38109214359264953,0.2009509145207664,0.9999999999999964
Linear,0.45817353055355475,0.2009509145207664,0.9999999999999991
Linear,0.5508457406676333,0.2009509145207664,1.000000000000003
Linear,0.6622622429651823,0.2009509145207664,0.9999999999999993
Linear,0.7962143411069947,0.2009509145207664,0.9999999999999966
Linear,0.9572601846452766,0.2009509145207664,0.9999999999999996
Linear,1.150879874674314,0.2009509145207664,0.9999999999999971
Linear,1.3836619418378735,0.2009509145207664,1.000000000000002
Linear,1.663527542205342,0.2009509145207664,1.0000000000000024
Linear,2.0,0.2009509145207664,1.0000000000000013
Michaelis-Menten,0.02,0.2009509145207664,1.0061588469983713
Michaelis-Menten,0.024045288692348264,0.2009509145207664,1.0073858199025645
Michaelis-Menten,0.02890879541491855,0.2009509145207664,1.008851683545707
Michaelis-Menten,0.03475601657498751,0.2009509145207664,1.0105999265731458
Michaelis-Menten,0.0417859226170808,0.2009509145207664,1.012680162865593
Michaelis-Menten,0.050237728630191596,0.2009509145207664,1.0151477937664743
Michaelis-Menten,0.06039903440804033,0.2009509145207664,1.018062614151328
Michaelis-Menten,0.07261561095402029,0.2009509145207664,1.0214855042125368
Michaelis-Menten,0.08730316644803322,0.2009509145207664,1.0254717533221316
Michaelis-Menten,0.10496149204995453,0.2009509145207664,1.0300585898513959
Michaelis-Menten,0.1261914688960387,0.2009509145207664,1.0352429524935847
Michaelis-Menten,0.15171551500583677,0.2009509145207664,1.0409432386538586
Michaelis-Menten,0.18240216787118196,0.2009509145207664,1.046935686742032
Michaelis-Menten,0.21929563922863704,0.2009509145207664,1.0527529376133657
Michaelis-Menten,0.2636513477112815,0.2009509145207664,1.057532334055801
Michaelis-Menten,0.3169786384922227,0.2009509145207664,1.0598147990763216
Michaelis-Menten,0.38109214359264953,0.2009509145207664,1.0573519808079246
Michaelis-Menten,0.45817353055355475,0.2009509145207664,1.0471673870000993
Michaelis-Menten,0.5508457406676333,0.2009509145207664,1.0266341083154555
Michaelis-Menten,0.6622622429651823,0.2009509145207664,0.9970150328377838
Michaelis-Menten,0.7962143411069947,0.2009509145207664,0.968132635149553
Michaelis-Menten,0.9572601846452766,0.2009509145207664,0.9531305058764508
Michaelis-Menten,1.150879874674314,0.2009509145207664,0.9539008448961944
Michaelis-Menten,1.3836619418378735,0.2009509145207664,0.962589454939389
Michaelis-Menten,1.663527542205342,0.2009509145207664,0.9724482236275428
Michaelis-Menten,2.0,0.2009509145207664,0.9806817134837195
Transporter-state,0.02,0.2009509145207664,0.9940651372726197
Transporter-state,0.024045288692348264,0.2009509145207664,0.9906813066884094
Transporter-state,0.02890879541491855,0.2009509145207664,0.9839796745761292
Transporter-state,0.03475601657498751,0.2009509145207664,0.9705794627308544
Transporter-state,0.0417859226170808,0.2009509145207664,0.9568613446142332
Transporter-state,0.050237728630191596,0.2009509145207664,0.9589626956752639
Transporter-state,0.06039903440804033,0.2009509145207664,0.967338215889914
Transporter-state,0.07261561095402029,0.2009509145207664,0.9752343229216553
Transporter-state,0.08730316644803322,0.2009509145207664,0.9824818461775225
Transporter-state,0.10496149204995453,0.2009509145207664,0.9875439571734124
Transporter-state,0.1261914688960387,0.2009509145207664,0.9908049521856656
Transporter-state,0.15171551500583677,0.2009509145207664,0.9932331540979653
Transporter-state,0.18240216787118196,0.2009509145207664,0.9951731195000098
Transporter-state,0.21929563922863704,0.2009509145207664,0.9966739187880431
Transporter-state,0.2636513477112815,0.2009509145207664,0.997767132209858
Transporter-state,0.3169786384922227,0.2009509145207664,0.9985289691124253
Transporter-state,0.38109214359264953,0.2009509145207664,0.9990472417915348
Transporter-state,0.45817353055355475,0.2009509145207664,0.9993958526472355
Transporter-state,0.5508457406676333,0.2009509145207664,0.9996291105068034
Transporter-state,0.6622622429651823,0.2009509145207664,0.9997846147627537
Transporter-state,0.7962143411069947,0.2009509145207664,0.9998877723783393
Transporter-state,0.9572601846452766,0.2009509145207664,0.9999556270603576
Transporter-state,1.150879874674314,0.2009509145207664,0.9999996105481432
Transporter-state,1.3836619418378735,0.2009509145207664,1.0000274337576736
Transporter-state,1.663527542205342,0.2009509145207664,1.0000587655424968
Transporter-state,2.0,0.2009509145207664,1.0001637186339136
Linear,0.02,0.24159613763216126,1.0000000000000033
Linear,0.024045288692348264,0.24159613763216126,0.9999999999999956
Linear,0.02890879541491855,0.24159613763216126,0.9999999999999979
Linear,0.03475601657498751,0.24159613763216126,1.0000000000000053
Linear,0.0417859226170808,0.24159613763216126,0.9999999999999986
Linear,0.050237728630191596,0.24159613763216126,1.0000000000000016
Linear,0.06039903440804033,0.24159613763216126,0.9999999999999996
Linear,0.07261561095402029,0.24159613763216126,1.0000000000000042
Linear,0.08730316644803322,0.24159613763216126,0.9999999999999977
Linear,0.10496149204995453,0.24159613763216126,0.9999999999999993
Linear,0.1261914688960387,0.24159613763216126,1.0000000000000027
Linear,0.15171551500583677,0.24159613763216126,1.0000000000000013
Linear,0.18240216787118196,0.24159613763216126,0.9999999999999989
Linear,0.21929563922863704,0.24159613763216126,1.0000000000000009
Linear,0.2636513477112815,0.24159613763216126,0.9999999999999978
Linear,0.3169786384922227,0.24159613763216126,0.9999999999999962
Linear,0.38109214359264953,0.24159613763216126,0.9999999999999976
Linear,0.45817353055355475,0.24159613763216126,1.0000000000000029
Linear,0.5508457406676333,0.24159613763216126,0.9999999999999996
Linear,0.6622622429651823,0.24159613763216126,0.9999999999999977
Linear,0.7962143411069947,0.24159613763216126,0.999999999999999
Linear,0.9572601846452766,0.24159613763216126,0.999999999999999
Linear,1.150879874674314,0.24159613763216126,1.000000000000003
Linear,1.3836619418378735,0.24159613763216126,0.9999999999999988
Linear,1.663527542205342,0.24159613763216126,0.9999999999999999
Linear,2.0,0.24159613763216126,0.9999999999999977
Michaelis-Menten,0.02,0.24159613763216126,1.0063210061250207
Michaelis-Menten,0.024045288692348264,0.24159613763216126,1.0075958337736923
Michaelis-Menten,0.02890879541491855,0.24159613763216126,1.0091262435063628
Michaelis-Menten,0.03475601657498751,0.24159613763216126,1.0109624426342643
Michaelis-Menten,0.0417859226170808,0.24159613763216126,1.0131637654102523
Michaelis-Menten,0.050237728630191596,0.24159613763216126,1.0157997776285752
Michaelis-Menten,0.06039903440804033,0.24159613763216126,1.0189510522030212
Michaelis-Menten,0.07261561095402029,0.24159613763216126,1.0227091282394782
Michaelis-Menten,0.08730316644803322,0.24159613763216126,1.027174744423749
Michaelis-Menten,0.10496149204995453,0.24159613763216126,1.0324526880402143
Michaelis-Menten,0.1261914688960387,0.24159613763216126,1.0386402916831765
Michaelis-Menten,0.15171551500583677,0.24159613763216126,1.0458043821507472
Michaelis-Menten,0.18240216787118196,0.24159613763216126,1.0539378555490804
Michaelis-Menten,0.21929563922863704,0.24159613763216126,1.0628815654008499
Michaelis-Menten,0.2636513477112815,0.24159613763216126,1.0721900859832074
Michaelis-Menten,0.3169786384922227,0.24159613763216126,1.080914019165394
Michaelis-Menten,0.38109214359264953,0.24159613763216126,1.0872779359275875
Michaelis-Menten,0.45817353055355475,0.24159613763216126,1.088287319308678
Michaelis-Menten,0.5508457406676333,0.24159613763216126,1.079512100664366
Michaelis-Menten,0.6622622429651823,0.24159613763216126,1.0560079677350869
Michaelis-Menten,0.7962143411069947,0.24159613763216126,1.0169867120701994
Michaelis-Menten,0.9572601846452766,0.24159613763216126,0.975054108992174
Michaelis-Menten,1.150879874674314,0.24159613763216126,0.9518277826844911
Michaelis-Menten,1.3836619418378735,0.24159613763216126,0.9513614419998382
Michaelis-Menten,1.663527542205342,0.24159613763216126,0.9613257879844774
Michaelis-Menten,2.0,0.24159613763216126,0.9722757832697443
Transporter-state,0.02,0.24159613763216126,0.9935343353498145
Transporter-state,0.024045288692348264,0.24159613763216126,0.9899817713044143
Transporter-state,0.02890879541491855,0.24159613763216126,0.9829959482460945
Transporter-state,0.03475601657498751,0.24159613763216126,0.9684832773685604
Transporter-state,0.0417859226170808,0.24159613763216126,0.95007995169308
Transporter-state,0.050237728630191596,0.24159613763216126,0.9496511133261943
Transporter-state,0.06039903440804033,0.24159613763216126,0.959272472696312
Transporter-state,0.07261561095402029,0.24159613763216126,0.9689878304499073
Transporter-state,0.08730316644803322,0.24159613763216126,0.9778745898578698
Transporter-state,0.10496149204995453,0.24159613763216126,0.9842208999837352
Transporter-state,0.1261914688960387,0.24159613763216126,0.9882840007834409
Transporter-state,0.15171551500583677,0.24159613763216126,0.9913895254860973
Transporter-state,0.18240216787118196,0.24159613763216126,0.9939097851877845
Transporter-state,0.21929563922863704,0.24159613763216126,0.9958316756900026
Transporter-state,0.2636513477112815,0.24159613763216126,0.9971953821619384
Transporter-state,0.3169786384922227,0.24159613763216126,0.998123198406004
Transporter-state,0.38109214359264953,0.24159613763216126,0.9987428803755225
Transporter-state,0.45817353055355475,0.24159613763216126,0.9991540137593871
Transporter-state,0.5508457406676333,0.24159613763216126,0.9994261530945111
Transporter-state,0.6622622429651823,0.24159613763216126,0.9996058899501745
Transporter-state,0.7962143411069947,0.24159613763216126,0.9997240393635768
Transporter-state,0.9572601846452766,0.24159613763216126,0.9998009566377201
Transporter-state,1.150879874674314,0.24159613763216126,0.9998501389449839
Transporter-state,1.3836619418378735,0.24159613763216126,0.9998982714310679
Transporter-state,1.663527542205342,0.24159613763216126,1.0000524141866631
Transporter-state,2.0,0.24159613763216126,1.0000635457082443
Linear,0.02,0.29046244381608105,0.9999999999999974
Linear,0.024045288692348264,0.29046244381608105,0.9999999999999976
Linear,0.02890879541491855,0.29046244381608105,0.9999999999999991
Linear,0.03475601657498751,0.29046244381608105,1.0000000000000002
Linear,0.0417859226170808,0.29046244381608105,0.9999999999999936
Linear,0.050237728630191596,0.29046244381608105,1.0000000000000013
Linear,0.06039903440804033,0.29046244381608105,1.0000000000000009
Linear,0.07261561095402029,0.29046244381608105,1.0000000000000027
Linear,0.08730316644803322,0.29046244381608105,0.9999999999999952
Linear,0.10496149204995453,0.29046244381608105,0.9999999999999963
Linear,0.1261914688960387,0.29046244381608105,1.0000000000000013
Linear,0.15171551500583677,0.29046244381608105,0.9999999999999967
Linear,0.18240216787118196,0.29046244381608105,0.999999999999999
Linear,0.21929563922863704,0.29046244381608105,0.9999999999999983
Linear,0.2636513477112815,0.29046244381608105,0.9999999999999984
Linear,0.3169786384922227,0.29046244381608105,1.0000000000000004
Linear,0.38109214359264953,0.29046244381608105,1.0000000000000018
Linear,0.45817353055355475,0.29046244381608105,0.9999999999999987
Linear,0.5508457406676333,0.29046244381608105,1.0000000000000007
Linear,0.6622622429651823,0.29046244381608105,1.0000000000000027
Linear,0.7962143411069947,0.29046244381608105,0.9999999999999983
Linear,0.9572601846452766,0.29046244381608105,0.9999999999999992
Linear,1.150879874674314,0.29046244381608105,0.9999999999999996
Linear,1.3836619418378735,0.29046244381608105,1.0000000000000022
Linear,1.663527542205342,0.29046244381608105,1.0000000000000004
Linear,2.0,0.29046244381608105,0.9999999999999996
Michaelis-Menten,0.02,0.29046244381608105,1.0061400547042125
Michaelis-Menten,0.024045288692348264,0.29046244381608105,1.0073883001958688
Michaelis-Menten,0.02890879541491855,0.29046244381608105,1.008891499475006
Michaelis-Menten,0.03475601657498751,0.29046244381608105,1.0107020598080594
Michaelis-Menten,0.0417859226170808,0.29046244381608105,1.0128831537097984
Michaelis-Menten,0.050237728630191596,0.29046244381608105,1.0155108016094418
Michaelis-Menten,0.06039903440804033,0.29046244381608105,1.0186761942441869
Michaelis-Menten,0.07261561095402029,0.29046244381608105,1.022488104103042
Michaelis-Menten,0.08730316644803322,0.29046244381608105,1.0270750137031968
Michaelis-Menten,0.10496149204995453,0.29046244381608105,1.0325861486763046
Michaelis-Menten,0.1261914688960387,0.29046244381608105,1.0391897517560185
Michaelis-Menten,0.15171551500583677,0.29046244381608105,1.0470653211512073
Michaelis-Menten,0.18240216787118196,0.29046244381608105,1.056383566730581
Michaelis-Menten,0.21929563922863704,0.29046244381608105,1.0672625756434653
Michaelis-Menten,0.2636513477112815,0.29046244381608105,1.0796799083679876
Michaelis-Menten,0.3169786384922227,0.29046244381608105,1.0933071912237
Michaelis-Menten,0.38109214359264953,0.29046244381608105,1.107217975605715
Michaelis-Menten,0.45817353055355475,0.29046244381608105,1.1194121814778604
Michaelis-Menten,0.5508457406676333,0.29046244381608105,1.1261406843638173
Michaelis-Menten,0.6622622429651823,0.29046244381608105,1.1212337754359418
Michaelis-Menten,0.7962143411069947,0.29046244381608105,1.096507454526968
Michaelis-Menten,0.9572601846452766,0.29046244381608105,1.0471455005976398
Michaelis-Menten,1.150879874674314,0.29046244381608105,0.9875314721970081
Michaelis-Menten,1.3836619418378735,0.29046244381608105,0.9523452868376552
Michaelis-Menten,1.663527542205342,0.29046244381608105,0.9500606323441011
Michaelis-Menten,2.0,0.29046244381608105,0.9613571828844915
Transporter-state,0.02,0.29046244381608105,0.9929227335096391
Transporter-state,0.024045288692348264,0.29046244381608105,0.9892356894339287
Transporter-state,0.02890879541491855,0.29046244381608105,0.9821109364892081
Transporter-state,0.03475601657498751,0.29046244381608105,0.9669888735487321
Transporter-state,0.0417859226170808,0.29046244381608105,0.9435341287637803
Transporter-state,0.050237728630191596,0.29046244381608105,0.9383244867674312
Transporter-state,0.06039903440804033,0.29046244381608105,0.9490782434124749
Transporter-state,0.07261561095402029,0.29046244381608105,0.9611571925317726
Transporter-state,0.08730316644803322,0.29046244381608105,0.9721743105495
Transporter-state,0.10496149204995453,0.29046244381608105,0.980239726345952
Transporter-state,0.1261914688960387,0.29046244381608105,0.9853334914803301
Transporter-state,0.15171551500583677,0.29046244381608105,0.989318824631529
Transporter-state,0.18240216787118196,0.29046244381608105,0.9925864636531754
Transporter-state,0.21929563922863704,0.29046244381608105,0.9950283612882909
Transporter-state,0.2636513477112815,0.29046244381608105,0.9967133057089431
Transporter-state,0.3169786384922227,0.29046244381608105,0.9978330221135322
Transporter-state,0.38109214359264953,0.29046244381608105,0.9985674639082146
Transporter-state,0.45817353055355475,0.29046244381608105,0.9990477221646304
Transporter-state,0.5508457406676333,0.29046244381608105,0.9993615629892743
Transporter-state,0.6622622429651823,0.29046244381608105,0.9995662250799794
Transporter-state,0.7962143411069947,0.29046244381608105,0.9996988751505047
Transporter-state,0.9572601846452766,0.29046244381608105,0.9997836873615967
Transporter-state,1.150879874674314,0.29046244381608105,0.9998574026171432
Transporter-state,1.3836619418378735,0.29046244381608105,1.0000903128339
Transporter-state,1.663527542205342,0.29046244381608105,1.000104420356647
Transporter-state,2.0,0.29046244381608105,1.0002396441649852
Linear,0.02,0.3492126657921327,1.0000000000000009
Linear,0.024045288692348264,0.3492126657921327,0.9999999999999988
Linear,0.02890879541491855,0.3492126657921327,0.9999999999999966
Linear,0.03475601657498751,0.3492126657921327,0.9999999999999956
Linear,0.0417859226170808,0.3492126657921327,0.9999999999999993
Linear,0.050237728630191596,0.3492126657921327,1.0000000000000018
Linear,0.06039903440804033,0.3492126657921327,1.0000000000000004
Linear,0.07261561095402029,0.3492126657921327,0.9999999999999988
Linear,0.08730316644803322,0.3492126657921327,1.000000000000002
Linear,0.10496149204995453,0.3492126657921327,1.0000000000000029
Linear,0.1261914688960387,0.3492126657921327,0.9999999999999979
Linear,0.15171551500583677,0.3492126657921327,1.000000000000002
Linear,0.18240216787118196,0.3492126657921327,1.0000000000000002
Linear,0.21929563922863704,0.3492126657921327,1.0
Linear,0.2636513477112815,0.3492126657921327,1.000000000000002
Linear,0.3169786384922227,0.3492126657921327,1.0
Linear,0.38109214359264953,0.3492126657921327,1.000000000000002
Linear,0.45817353055355475,0.3492126657921327,0.9999999999999991
Linear,0.5508457406676333,0.3492126657921327,1.0000000000000002
Linear,0.6622622429651823,0.3492126657921327,0.9999999999999997
Linear,0.7962143411069947,0.3492126657921327,1.0000000000000009
Linear,0.9572601846452766,0.3492126657921327,1.0000000000000016
Linear,1.150879874674314,0.3492126657921327,1.0000000000000004
Linear,1.3836619418378735,0.3492126657921327,0.9999999999999998
Linear,1.663527542205342,0.3492126657921327,0.9999999999999969
Linear,2.0,0.3492126657921327,1.0000000000000016
Michaelis-Menten,0.02,0.3492126657921327,1.0056628552573996
Michaelis-Menten,0.024045288692348264,0.3492126657921327,1.0068197267030075
Michaelis-Menten,0.02890879541491855,0.3492126657921327,1.0082155737241052
Michaelis-Menten,0.03475601657498751,0.3492126657921327,1.0099008466835582
Michaelis-Menten,0.0417859226170808,0.3492126657921327,1.0119370552773885
Michaelis-Menten,0.050237728630191596,0.3492126657921327,1.0143993120803987
Michaelis-Menten,0.06039903440804033,0.3492126657921327,1.0173794610128681
Michaelis-Menten,0.07261561095402029,0.3492126657921327,1.0209898790398821
Michaelis-Menten,0.08730316644803322,0.3492126657921327,1.0253679848283226
Michaelis-Menten,0.10496149204995453,0.3492126657921327,1.0306813318610821
Michaelis-Menten,0.1261914688960387,0.3492126657921327,1.0371327870570872
Michaelis-Menten,0.15171551500583677,0.3492126657921327,1.0449644586455136
Michaelis-Menten,0.18240216787118196,0.3492126657921327,1.0544572648643487
Michaelis-Menten,0.21929563922863704,0.3492126657921327,1.0659194342739928
Michaelis-Menten,0.2636513477112815,0.3492126657921327,1.0796502315706134
Michaelis-Menten,0.3169786384922227,0.3492126657921327,1.0958523977589716
Michaelis-Menten,0.38109214359264953,0.3492126657921327,1.114445404860583
Michaelis-Menten,0.45817353055355475,0.3492126657921327,1.1347010979408938
Michaelis-Menten,0.5508457406676333,0.3492126657921327,1.154592993647302
Michaelis-Menten,0.6622622429651823,0.3492126657921327,1.1697602179905442
Michaelis-Menten,0.7962143411069947,0.3492126657921327,1.1721767384820243
Michaelis-Menten,0.9572601846452766,0.3492126657921327,1.1495467067691814
Michaelis-Menten,1.150879874674314,0.3492126657921327,1.090392694254548
Michaelis-Menten,1.3836619418378735,0.3492126657921327,1.0078066080324972
Michaelis-Menten,1.663527542205342,0.3492126657921327,0.9552126389595057
Michaelis-Menten,2.0,0.3492126657921327,0.9500809395676416
Transporter-state,0.02,0.3492126657921327,0.9923060000516601
Transporter-state,0.024045288692348264,0.3492126657921327,0.9885524839003562
Transporter-state,0.02890879541491855,0.3492126657921327,0.9814981562583555
Transporter-state,0.03475601657498751,0.3492126657921327,0.966523299970356
Transporter-state,0.0417859226170808,0.3492126657921327,0.9388858723139649
Transporter-state,0.050237728630191596,0.3492126657921327,0.9255283539748363
Transporter-state,0.06039903440804033,0.3492126657921327,0.9366181695011353
Transporter-state,0.07261561095402029,0.3492126657921327,0.9515284951535162
Transporter-state,0.08730316644803322,0.3492126657921327,0.9651455152843631
Transporter-state,0.10496149204995453,0.3492126657921327,0.9754062948370484
Transporter-state,0.1261914688960387,0.3492126657921327,0.9817720609329019
Transporter-state,0.15171551500583677,0.3492126657921327,0.9868761004594454
Transporter-state,0.18240216787118196,0.3492126657921327,0.9911044368271978
Transporter-state,0.21929563922863704,0.3492126657921327,0.9941948314262105
Transporter-state,0.2636513477112815,0.3492126657921327,0.9962695503664044
Transporter-state,0.3169786384922227,0.3492126657921327,0.9976179909313024
Transporter-state,0.38109214359264953,0.3492126657921327,0.9984871188531013
Transporter-state,0.45817353055355475,0.3492126657921327,0.9990469811494305
Transporter-state,0.5508457406676333,0.3492126657921327,0.999407597853334
Transporter-state,0.6622622429651823,0.3492126657921327,0.9996391828049866
Transporter-state,0.7962143411069947,0.3492126657921327,0.9997865312299514
Transporter-state,0.9572601846452766,0.3492126657921327,0.9999016001515267
Transporter-state,1.150879874674314,0.3492126657921327,1.0002460125384176
Transporter-state,1.3836619418378735,0.3492126657921327,1.0002783791132912
Transporter-state,1.663527542205342,0.3492126657921327,1.0004663176170419
Transporter-state,2.0,0.3492126657921327,1.0004808082464085
Linear,0.02,0.419845968199818,0.9999999999999969
Linear,0.024045288692348264,0.419845968199818,0.9999999999999973
Linear,0.02890879541491855,0.419845968199818,1.0000000000000013
Linear,0.03475601657498751,0.419845968199818,0.9999999999999993
Linear,0.0417859226170808,0.419845968199818,1.0000000000000022
Linear,0.050237728630191596,0.419845968199818,0.9999999999999957
Linear,0.06039903440804033,0.419845968199818,1.0000000000000002
Linear,0.07261561095402029,0.419845968199818,1.000000000000004
Linear,0.08730316644803322,0.419845968199818,0.999999999999998
Linear,0.10496149204995453,0.419845968199818,0.9999999999999974
Linear,0.1261914688960387,0.419845968199818,1.0000000000000002
Linear,0.15171551500583677,0.419845968199818,1.0000000000000009
Linear,0.18240216787118196,0.419845968199818,0.9999999999999996
Linear,0.21929563922863704,0.419845968199818,0.9999999999999981
Linear,0.2636513477112815,0.419845968199818,0.9999999999999986
Linear,0.3169786384922227,0.419845968199818,0.9999999999999984
Linear,0.38109214359264953,0.419845968199818,1.000000000000001
Linear,0.45817353055355475,0.419845968199818,1.0000000000000009
Linear,0.5508457406676333,0.419845968199818,0.9999999999999993
Linear,0.6622622429651823,0.419845968199818,0.9999999999999998
Linear,0.7962143411069947,0.419845968199818,1.0000000000000002
Linear,0.9572601846452766,0.419845968199818,1.0000000000000013
Linear,1.150879874674314,0.419845968199818,0.9999999999999993
Linear,1.3836619418378735,0.419845968199818,1.0000000000000007
Linear,1.663527542205342,0.419845968199818,1.0000000000000016
Linear,2.0,0.419845968199818,1.0000000000000009
Michaelis-Menten,0.02,0.419845968199818,1.0049665366668712
Michaelis-Menten,0.024045288692348264,0.419845968199818,1.005983904287466
Michaelis-Menten,0.02890879541491855,0.419845968199818,1.007212750176626
Michaelis-Menten,0.03475601657498751,0.419845968199818,1.0086983788252528
Michaelis-Menten,0.0417859226170808,0.419845968199818,1.0104963731847014
Michaelis-Menten,0.050237728630191596,0.419845968199818,1.0126751558400073
Michaelis-Menten,0.06039903440804033,0.419845968199818,1.015319265939789
Michaelis-Menten,0.07261561095402029,0.419845968199818,1.018533564714278
Michaelis-Menten,0.08730316644803322,0.419845968199818,1.0224486323112447
Michaelis-Menten,0.10496149204995453,0.419845968199818,1.0272276541051422
Michaelis-Menten,0.1261914688960387,0.419845968199818,1.033075069161103
Michaelis-Menten,0.15171551500583677,0.419845968199818,1.0402470540282143
Michaelis-Menten,0.18240216787118196,0.419845968199818,1.0490632805205802
Michaelis-Menten,0.21929563922863704,0.419845968199818,1.0599177402442312
Michaelis-Menten,0.2636513477112815,0.419845968199818,1.0732825582474406
Michaelis-Menten,0.3169786384922227,0.419845968199818,1.0896902397405426
Michaelis-Menten,0.38109214359264953,0.419845968199818,1.109662530341004
Michaelis-Menten,0.45817353055355475,0.419845968199818,1.1335221506682849
Michaelis-Menten,0.5508457406676333,0.419845968199818,1.1609726762881023
Michaelis-Menten,0.6622622429651823,0.419845968199818,1.1902688356710271
Michaelis-Menten,0.7962143411069947,0.419845968199818,1.216763754480524
Michaelis-Menten,0.9572601846452766,0.419845968199818,1.2307392147859875
Michaelis-Menten,1.150879874674314,0.419845968199818,1.2152485442613714
Michaelis-Menten,1.3836619418378735,0.419845968199818,1.1492384107203513
Michaelis-Menten,1.663527542205342,0.419845968199818,1.0381500332541134
Michaelis-Menten,2.0,0.419845968199818,0.9595418109851044
Transporter-state,0.02,0.419845968199818,0.9916818508370926
Transporter-state,0.024045288692348264,0.419845968199818,0.9879330516453919
Transporter-state,0.02890879541491855,0.419845968199818,0.981162591908439
Transporter-state,0.03475601657498751,0.419845968199818,0.9671676515752304
Transporter-state,0.0417859226170808,0.419845968199818,0.9379367994578031
Transporter-state,0.050237728630191596,0.419845968199818,0.9124818539211552
Transporter-state,0.06039903440804033,0.419845968199818,0.9207805322742647
Transporter-state,0.07261561095402029,0.419845968199818,0.938643720638925
Transporter-state,0.08730316644803322,0.419845968199818,0.9556424836720431
Transporter-state,0.10496149204995453,0.419845968199818,0.9688961738335865
Transporter-state,0.1261914688960387,0.419845968199818,0.9769610682353665
Transporter-state,0.15171551500583677,0.419845968199818,0.9835465806123062
Transporter-state,0.18240216787118196,0.419845968199818,0.9890571177693211
Transporter-state,0.21929563922863704,0.419845968199818,0.9929950468656573
Transporter-state,0.2636513477112815,0.419845968199818,0.9955727360014094
Transporter-state,0.3169786384922227,0.419845968199818,0.9972155686058075
Transporter-state,0.38109214359264953,0.419845968199818,0.9982583149680709
Transporter-state,0.45817353055355475,0.419845968199818,0.998921091194727
Transporter-state,0.5508457406676333,0.419845968199818,0.9993425136859047
Transporter-state,0.6622622429651823,0.419845968199818,0.999609457620787
Transporter-state,0.7962143411069947,0.419845968199818,0.9997987305195148
Transporter-state,0.9572601846452766,0.419845968199818,1.0002801790724734
Transporter-state,1.150879874674314,0.419845968199818,1.0003750962972167
Transporter-state,1.3836619418378735,0.419845968199818,1.0006403358768143
Transporter-state,1.663527542205342,0.419845968199818,1.0006791603531673
Transporter-state,2.0,0.419845968199818,1.0007687132972223
Linear,0.02,0.5047658755841546,0.9999999999999998
Linear,0.024045288692348264,0.5047658755841546,0.9999999999999996
Linear,0.02890879541491855,0.5047658755841546,1.0000000000000022
Linear,0.03475601657498751,0.5047658755841546,1.0000000000000016
Linear,0.0417859226170808,0.5047658755841546,1.0000000000000029
Linear,0.050237728630191596,0.5047658755841546,0.9999999999999997
Linear,0.06039903440804033,0.5047658755841546,1.0000000000000024
Linear,0.07261561095402029,0.5047658755841546,1.0000000000000004
Linear,0.08730316644803322,0.5047658755841546,1.0000000000000018
Linear,0.10496149204995453,0.5047658755841546,0.9999999999999988
Linear,0.1261914688960387,0.5047658755841546,0.9999999999999992
Linear,0.15171551500583677,0.5047658755841546,0.9999999999999998
Linear,0.18240216787118196,0.5047658755841546,1.0000000000000024
Linear,0.21929563922863704,0.5047658755841546,1.0000000000000022
Linear,0.2636513477112815,0.5047658755841546,1.0000000000000022
Linear,0.3169786384922227,0.5047658755841546,1.0000000000000024
Linear,0.38109214359264953,0.5047658755841546,1.0000000000000016
Linear,0.45817353055355475,0.5047658755841546,1.000000000000002
Linear,0.5508457406676333,0.5047658755841546,0.9999999999999959
Linear,0.6622622429651823,0.5047658755841546,0.9999999999999998
Linear,0.7962143411069947,0.5047658755841546,0.999999999999996
Linear,0.9572601846452766,0.5047658755841546,1.0000000000000002
Linear,1.150879874674314,0.5047658755841546,0.999999999999999
Linear,1.3836619418378735,0.5047658755841546,1.0000000000000009
Linear,1.663527542205342,0.5047658755841546,0.9999999999999971
Linear,2.0,0.5047658755841546,0.9999999999999997
Michaelis-Menten,0.02,0.5047658755841546,1.004139191148049
Michaelis-Menten,0.024045288692348264,0.5047658755841546,1.0049881425969598
Michaelis-Menten,0.02890879541491855,0.5047658755841546,1.0060140837296014
Michaelis-Menten,0.03475601657498751,0.5047658755841546,1.0072551969966566
Michaelis-Menten,0.0417859226170808,0.5047658755841546,1.0087584720010028
Michaelis-Menten,0.050237728630191596,0.5047658755841546,1.010581983975604
Michaelis-Menten,0.06039903440804033,0.5047658755841546,1.0127978622414768
Michaelis-Menten,0.07261561095402029,0.5047658755841546,1.0154961926656634
Michaelis-Menten,0.08730316644803322,0.5047658755841546,1.018790191780925
Michaelis-Menten,0.10496149204995453,0.5047658755841546,1.022823115796632
Michaelis-Menten,0.1261914688960387,0.5047658755841546,1.0277775258508357
Michaelis-Menten,0.15171551500583677,0.5047658755841546,1.0338877022180362
Michaelis-Menten,0.18240216787118196,0.5047658755841546,1.0414561078071152
Michaelis-Menten,0.21929563922863704,0.5047658755841546,1.0508746168309444
Michaelis-Menten,0.2636513477112815,0.5047658755841546,1.0626501467780818
Michaelis-Menten,0.3169786384922227,0.5047658755841546,1.0774308953275116
Michaelis-Menten,0.38109214359264953,0.5047658755841546,1.0960202853440708
Michaelis-Menten,0.45817353055355475,0.5047658755841546,1.1193443023229914
Michaelis-Menten,0.5508457406676333,0.5047658755841546,1.148293172001733
Michaelis-Menten,0.6622622429651823,0.5047658755841546,1.1832788995459067
Michaelis-Menten,0.7962143411069947,0.5047658755841546,1.2232410421300106
Michaelis-Menten,0.9572601846452766,0.5047658755841546,1.2637425343777826
Michaelis-Menten,1.150879874674314,0.5047658755841546,1.2938373796528637
Michaelis-Menten,1.3836619418378735,0.5047658755841546,1.2919641705484832
Michaelis-Menten,1.663527542205342,0.5047658755841546,1.2253131332989664
Michaelis-Menten,2.0,0.5047658755841546,1.082459992395067
Transporter-state,0.02,0.5047658755841546,0.9910875199685985
Transporter-state,0.024045288692348264,0.5047658755841546,0.987403588139668
Transporter-state,0.02890879541491855,0.5047658755841546,0.9810642314607481
Transporter-state,0.03475601657498751,0.5047658755841546,0.9686191957916894
Transporter-state,0.0417859226170808,0.5047658755841546,0.9413076420528123
Transporter-state,0.050237728630191596,0.5047658755841546,0.9030473738727411
Transporter-state,0.06039903440804033,0.5047658755841546,0.9015175962877396
Transporter-state,0.07261561095402029,0.5047658755841546,0.9213387348361722
Transporter-state,0.08730316644803322,0.5047658755841546,0.9426709872032369
Transporter-state,0.10496149204995453,0.5047658755841546,0.9599763707082665
Transporter-state,0.1261914688960387,0.5047658755841546,0.9704069260077103
Transporter-state,0.15171551500583677,0.5047658755841546,0.9789520841743445
Transporter-state,0.18240216787118196,0.5047658755841546,0.9861872123482153
Transporter-state,0.21929563922863704,0.5047658755841546,0.9912532930769877
Transporter-state,0.2636513477112815,0.5047658755841546,0.9944956727495787
Transporter-state,0.3169786384922227,0.5047658755841546,0.9965270422963115
Transporter-state,0.38109214359264953,0.5047658755841546,0.9977992029987705
Transporter-state,0.45817353055355475,0.5047658755841546,0.9985983832208635
Transporter-state,0.5508457406676333,0.5047658755841546,0.9991010664702111
Transporter-state,0.6622622429651823,0.5047658755841546,0.9994317324608613
Transporter-state,0.7962143411069947,0.5047658755841546,1.0001106942575184
Transporter-state,0.9572601846452766,0.5047658755841546,1.0003239488247946
Transporter-state,1.150879874674314,0.5047658755841546,1.0007040056625638
Transporter-state,1.3836619418378735,0.5047658755841546,1.0008416093838335
Transporter-state,1.663527542205342,0.5047658755841546,1.0009589985689493
Transporter-state,2.0,0.5047658755841546,1.001341378034039
Linear,0.02,0.606862060023347,0.9999999999999974
Linear,0.024045288692348264,0.606862060023347,1.0000000000000027
Linear,0.02890879541491855,0.606862060023347,1.0000000000000033
Linear,0.03475601657498751,0.606862060023347,1.000000000000004
Linear,0.0417859226170808,0.606862060023347,1.0
Linear,0.050237728630191596,0.606862060023347,0.9999999999999972
Linear,0.06039903440804033,0.606862060023347,1.0000000000000067
Linear,0.07261561095402029,0.606862060023347,0.9999999999999963
Linear,0.08730316644803322,0.606862060023347,1.0000000000000002
Linear,0.10496149204995453,0.606862060023347,0.9999999999999983
Linear,0.1261914688960387,0.606862060023347,0.9999999999999994
Linear,0.15171551500583677,0.606862060023347,1.0000000000000027
Linear,0.18240216787118196,0.606862060023347,1.0000000000000002
Linear,0.21929563922863704,0.606862060023347,0.9999999999999994
Linear,0.2636513477112815,0.606862060023347,0.9999999999999999
Linear,0.3169786384922227,0.606862060023347,0.9999999999999994
Linear,0.38109214359264953,0.606862060023347,1.0000000000000009
Linear,0.45817353055355475,0.606862060023347,0.999999999999999
Linear,0.5508457406676333,0.606862060023347,0.9999999999999948
Linear,0.6622622429651823,0.606862060023347,1.0000000000000002
Linear,0.7962143411069947,0.606862060023347,1.0000000000000016
Linear,0.9572601846452766,0.606862060023347,1.0000000000000016
Linear,1.150879874674314,0.606862060023347,0.9999999999999998
Linear,1.3836619418378735,0.606862060023347,1.0000000000000007
Linear,1.663527542205342,0.606862060023347,0.9999999999999996
Linear,2.0,0.606862060023347,1.0000000000000007
Michaelis-Menten,0.02,0.606862060023347,1.0032651187016732
Michaelis-Menten,0.024045288692348264,0.606862060023347,1.0039350474987825
Michaelis-Menten,0.02890879541491855,0.606862060023347,1.0047447748704588
Michaelis-Menten,0.03475601657498751,0.606862060023347,1.005724533627264
Michaelis-Menten,0.0417859226170808,0.606862060023347,1.0069115742241863
Michaelis-Menten,0.050237728630191596,0.606862060023347,1.0083520084763908
Michaelis-Menten,0.06039903440804033,0.606862060023347,1.0101032307531608
Michaelis-Menten,0.07261561095402029,0.606862060023347,1.012237135036742
Michaelis-Menten,0.08730316644803322,0.606862060023347,1.0148444420894205
Michaelis-Menten,0.10496149204995453,0.606862060023347,1.018040592279542
Michaelis-Menten,0.1261914688960387,0.606862060023347,1.0219738670037792
Michaelis-Menten,0.15171551500583677,0.606862060023347,1.026836701264495
Michaelis-Menten,0.18240216787118196,0.606862060023347,1.032881566772764
Michaelis-Menten,0.21929563922863704,0.606862060023347,1.0404433357465597
Michaelis-Menten,0.2636513477112815,0.606862060023347,1.0499705634952878
Michaelis-Menten,0.3169786384922227,0.606862060023347,1.0620681779408283
Michaelis-Menten,0.38109214359264953,0.606862060023347,1.0775521565642603
Michaelis-Menten,0.45817353055355475,0.606862060023347,1.097508869392025
Michaelis-Menten,0.5508457406676333,0.606862060023347,1.123328162144875
Michaelis-Menten,0.6622622429651823,0.606862060023347,1.1566206356857318
Michaelis-Menten,0.7962143411069947,0.606862060023347,1.1988102139809134
Michaelis-Menten,0.9572601846452766,0.606862060023347,1.250012213548584
Michaelis-Menten,1.150879874674314,0.606862060023347,1.3066480026729106
Michaelis-Menten,1.3836619418378735,0.606862060023347,1.3572470678362476
Michaelis-Menten,1.663527542205342,0.606862060023347,1.3761799508514252
Michaelis-Menten,2.0,0.606862060023347,1.3180322967589553
Transporter-state,0.02,0.606862060023347,0.9905990769564889
Transporter-state,0.024045288692348264,0.606862060023347,0.9870099675943812
Transporter-state,0.02890879541491855,0.606862060023347,0.9811198203948829
Transporter-state,0.03475601657498751,0.606862060023347,0.9702586567431829
Transporter-state,0.0417859226170808,0.606862060023347,0.9469710013419455
Transporter-state,0.050237728630191596,0.606862060023347,0.9017729153099199
Transporter-state,0.06039903440804033,0.606862060023347,0.8803398771962337
Transporter-state,0.07261561095402029,0.606862060023347,0.8996093883516567
Transporter-state,0.08730316644803322,0.606862060023347,0.9263144653781183
Transporter-state,0.10496149204995453,0.606862060023347,0.9489517368767812
Transporter-state,0.1261914688960387,0.606862060023347,0.962768682528268
Transporter-state,0.15171551500583677,0.606862060023347,0.9737795576694314
Transporter-state,0.18240216787118196,0.606862060023347,0.9832254976105412
Transporter-state,0.21929563922863704,0.606862060023347,0.9897230591137155
Transporter-state,0.2636513477112815,0.606862060023347,0.9937890337669041
Transporter-state,0.3169786384922227,0.606862060023347,0.9962880806183798
Transporter-state,0.38109214359264953,0.606862060023347,0.997826497741939
Transporter-state,0.45817353055355475,0.606862060023347,0.9987766844986848
Transporter-state,0.5508457406676333,0.606862060023347,0.9993711848527297
Transporter-state,0.6622622429651823,0.606862060023347,1.000316255857451
Transporter-state,0.7962143411069947,0.606862060023347,1.0008022445939448
Transporter-state,0.9572601846452766,0.606862060023347,1.0013190034291315
Transporter-state,1.150879874674314,0.606862060023347,1.0015177856630193
Transporter-state,1.3836619418378735,0.606862060023347,1.0016365517470396
Transporter-state,1.663527542205342,0.606862060023347,1.0021123969744605
Transporter-state,2.0,0.606862060023347,1.0029996882430945
Linear,0.02,0.7296086714847276,1.000000000000002
Linear,0.024045288692348264,0.7296086714847276,1.0000000000000022
Linear,0.02890879541491855,0.7296086714847276,0.9999999999999983
Linear,0.03475601657498751,0.7296086714847276,1.0000000000000022
Linear,0.0417859226170808,0.7296086714847276,0.9999999999999994
Linear,0.050237728630191596,0.7296086714847276,1.0000000000000016
Linear,0.06039903440804033,0.7296086714847276,0.9999999999999993
Linear,0.07261561095402029,0.7296086714847276,1.000000000000003
Linear,0.08730316644803322,0.7296086714847276,0.9999999999999993
Linear,0.10496149204995453,0.7296086714847276,1.0000000000000016
Linear,0.1261914688960387,0.7296086714847276,1.0000000000000007
Linear,0.15171551500583677,0.7296086714847276,1.0000000000000022
Linear,0.18240216787118196,0.7296086714847276,1.0000000000000018
Linear,0.21929563922863704,0.7296086714847276,1.0
Linear,0.2636513477112815,0.7296086714847276,0.9999999999999997
Linear,0.3169786384922227,0.7296086714847276,1.0000000000000027
Linear,0.38109214359264953,0.7296086714847276,1.000000000000002
Linear,0.45817353055355475,0.7296086714847276,0.9999999999999993
Linear,0.5508457406676333,0.7296086714847276,1.0000000000000042
Linear,0.6622622429651823,0.7296086714847276,0.9999999999999997
Linear,0.7962143411069947,0.7296086714847276,1.0000000000000029
Linear,0.9572601846452766,0.7296086714847276,1.0000000000000024
Linear,1.150879874674314,0.7296086714847276,0.9999999999999964
Linear,1.3836619418378735,0.7296086714847276,1.0000000000000013
Linear,1.663527542205342,0.7296086714847276,1.0000000000000033
Linear,2.0,0.7296086714847276,0.9999999999999986
Michaelis-Menten,0.02,0.7296086714847276,1.00241814347002
Michaelis-Menten,0.024045288692348264,0.7296086714847276,1.002914257140773
Michaelis-Menten,0.02890879541491855,0.7296086714847276,1.0035138901286156
Michaelis-Menten,0.03475601657498751,0.7296086714847276,1.004239431665709
Michaelis-Menten,0.0417859226170808,0.7296086714847276,1.005118473402874
Michaelis-Menten,0.050237728630191596,0.7296086714847276,1.0061851820607752
Michaelis-Menten,0.06039903440804033,0.7296086714847276,1.0074821072212252
Michaelis-Menten,0.07261561095402029,0.7296086714847276,1.0090625931946697
Michaelis-Menten,0.08730316644803322,0.7296086714847276,1.0109940418757397
Michaelis-Menten,0.10496149204995453,0.7296086714847276,1.0133623922250106
Michaelis-Menten,0.1261914688960387,0.7296086714847276,1.0162783644708218
Michaelis-Menten,0.15171551500583677,0.7296086714847276,1.0198862993940663
Michaelis-Menten,0.18240216787118196,0.7296086714847276,1.0243768606571377
Michaelis-Menten,0.21929563922863704,0.7296086714847276,1.0300055421798786
Michaelis-Menten,0.2636513477112815,0.7296086714847276,1.0371199367544177
Michaelis-Menten,0.3169786384922227,0.7296086714847276,1.046200157232273
Michaelis-Menten,0.38109214359264953,0.7296086714847276,1.0579185184437574
Michaelis-Menten,0.45817353055355475,0.7296086714847276,1.073225548362463
Michaelis-Menten,0.5508457406676333,0.7296086714847276,1.0934656102483604
Michaelis-Menten,0.6622622429651823,0.7296086714847276,1.1205045947841505
Michaelis-Menten,0.7962143411069947,0.7296086714847276,1.1567833874822988
Michaelis-Menten,0.9572601846452766,0.7296086714847276,1.2050393625007363
Michaelis-Menten,1.150879874674314,0.7296086714847276,1.2671366466862477
Michaelis-Menten,1.3836619418378735,0.7296086714847276,1.3411715761456209
Michaelis-Menten,1.663527542205342,0.7296086714847276,1.4160710637216676
Michaelis-Menten,2.0,0.7296086714847276,1.4630452760985708
Transporter-state,0.02,0.7296086714847276,0.9903708819170972
Transporter-state,0.024045288692348264,0.7296086714847276,0.9869910982123293
Transporter-state,0.02890879541491855,0.7296086714847276,0.9817127099796016
Transporter-state,0.03475601657498751,0.7296086714847276,0.9726468442873333
Transporter-state,0.0417859226170808,0.7296086714847276,0.9546562128989957
Transporter-state,0.050237728630191596,0.7296086714847276,0.9145832096367046
Transporter-state,0.06039903440804033,0.7296086714847276,0.8670400856804988
Transporter-state,0.07261561095402029,0.7296086714847276,0.8737765501059859
Transporter-state,0.08730316644803322,0.7296086714847276,0.9038516121870174
Transporter-state,0.10496149204995453,0.7296086714847276,0.932676899802883
Transporter-state,0.1261914688960387,0.7296086714847276,0.9513086061420213
Transporter-state,0.15171551500583677,0.7296086714847276,0.9654616166450499
Transporter-state,0.18240216787118196,0.7296086714847276,0.9779722622986895
Transporter-state,0.21929563922863704,0.7296086714847276,0.9865312193081033
Transporter-state,0.2636513477112815,0.7296086714847276,0.9917969375053742
Transporter-state,0.3169786384922227,0.7296086714847276,0.9949857866829144
Transporter-state,0.38109214359264953,0.7296086714847276,0.9969247828061086
Transporter-state,0.45817353055355475,0.7296086714847276,0.998109935096319
Transporter-state,0.5508457406676333,0.7296086714847276,0.9994721560124628
Transporter-state,0.6622622429651823,0.7296086714847276,1.000481001578248
Transporter-state,0.7962143411069947,0.7296086714847276,1.0011993918004258
Transporter-state,0.9572601846452766,0.7296086714847276,1.001762030105374
Transporter-state,1.150879874674314,0.7296086714847276,1.0019024101572926
Transporter-state,1.3836619418378735,0.7296086714847276,1.0025487916834699
Transporter-state,1.663527542205342,0.7296086714847276,1.0037327822173625
Transporter-state,2.0,0.7296086714847276,1.004615869666265
Linear,0.02,0.8771825569145479,1.000000000000002
Linear,0.024045288692348264,0.8771825569145479,0.9999999999999991
Linear,0.02890879541491855,0.8771825569145479,0.9999999999999989
Linear,0.03475601657498751,0.8771825569145479,1.0000000000000029
Linear,0.0417859226170808,0.8771825569145479,1.0000000000000024
Linear,0.050237728630191596,0.8771825569145479,0.9999999999999988
Linear,0.06039903440804033,0.8771825569145479,0.9999999999999989
Linear,0.07261561095402029,0.8771825569145479,0.999999999999999
Linear,0.08730316644803322,0.8771825569145479,1.0000000000000018
Linear,0.10496149204995453,0.8771825569145479,0.9999999999999993
Linear,0.1261914688960387,0.8771825569145479,0.9999999999999994
Linear,0.15171551500583677,0.8771825569145479,1.0000000000000009
Linear,0.18240216787118196,0.8771825569145479,0.9999999999999989
Linear,0.21929563922863704,0.8771825569145479,1.0
Linear,0.2636513477112815,0.8771825569145479,0.9999999999999999
Linear,0.3169786384922227,0.8771825569145479,1.000000000000002
Linear,0.38109214359264953,0.8771825569145479,1.0000000000000016
Linear,0.45817353055355475,0.8771825569145479,0.9999999999999988
Linear,0.5508457406676333,0.8771825569145479,0.9999999999999979
Linear,0.6622622429651823,0.8771825569145479,1.0000000000000004
Linear,0.7962143411069947,0.8771825569145479,1.0000000000000038
Linear,0.9572601846452766,0.8771825569145479,0.999999999999995
Linear,1.150879874674314,0.8771825569145479,0.9999999999999998
Linear,1.3836619418378735,0.8771825569145479,1.000000000000002
Linear,1.663527542205342,0.8771825569145479,1.000000000000001
Linear,2.0,0.8771825569145479,0.9999999999999997
Michaelis-Menten,0.02,0.8771825569145479,1.0016597820654978
Michaelis-Menten,0.024045288692348264,0.8771825569145479,1.0020002344454793
Michaelis-Menten,0.02890879541491855,0.8771825569145479,1.0024116956592164
Michaelis-Menten,0.03475601657498751,0.8771825569145479,1.0029095122268916
Michaelis-Menten,0.0417859226170808,0.8771825569145479,1.0035125932465512
Michaelis-Menten,0.050237728630191596,0.8771825569145479,1.0042443501638085
Michaelis-Menten,0.06039903440804033,0.8771825569145479,1.0051339353195656
Michaelis-Menten,0.07261561095402029,0.8771825569145479,1.0062178963482888
Michaelis-Menten,0.08730316644803322,0.8771825569145479,1.0075424185685626
Michaelis-Menten,0.10496149204995453,0.8771825569145479,1.0091664123701642
Michaelis-Menten,0.1261914688960387,0.8771825569145479,1.011165835195273
Michaelis-Menten,0.15171551500583677,0.8771825569145479,1.0136398477188977
Michaelis-Menten,0.18240216787118196,0.8771825569145479,1.0167197408050963
Michaelis-Menten,0.21929563922863704,0.8771825569145479,1.0205821168194016
Michaelis-Menten,0.2636513477112815,0.8771825569145479,1.025468704414719
Michaelis-Menten,0.3169786384922227,0.8771825569145479,1.0317166547869088
Michaelis-Menten,0.38109214359264953,0.8771825569145479,1.0398055466963791
Michaelis-Menten,0.45817353055355475,0.8771825569145479,1.050431008876045
Michaelis-Menten,0.5508457406676333,0.8771825569145479,1.0646198299758722
Michaelis-Menten,0.6622622429651823,0.8771825569145479,1.0839051809430167
Michaelis-Menten,0.7962143411069947,0.8771825569145479,1.1105709361732754
Michaelis-Menten,0.9572601846452766,0.8771825569145479,1.147909035583513
Michaelis-Menten,1.150879874674314,0.8771825569145479,1.2002099162092288
Michaelis-Menten,1.3836619418378735,0.8771825569145479,1.2717081307481155
Michaelis-Menten,1.663527542205342,0.8771825569145479,1.36317934825087
Michaelis-Menten,2.0,0.8771825569145479,1.4651251925551614
Transporter-state,0.02,0.8771825569145479,0.9903297211893974
Transporter-state,0.024045288692348264,0.8771825569145479,0.9871727243702265
Transporter-state,0.02890879541491855,0.8771825569145479,0.9824467811284635
Transporter-state,0.03475601657498751,0.8771825569145479,0.9748267519075917
Transporter-state,0.0417859226170808,0.8771825569145479,0.9610283427132309
Transporter-state,0.050237728630191596,0.8771825569145479,0.9314110720774031
Transporter-state,0.06039903440804033,0.8771825569145479,0.8721739303266635
Transporter-state,0.07261561095402029,0.8771825569145479,0.8459723411355207
Transporter-state,0.08730316644803322,0.8771825569145479,0.8742221269094606
Transporter-state,0.10496149204995453,0.8771825569145479,0.9110857613935152
Transporter-state,0.1261914688960387,0.8771825569145479,0.9374161986642678
Transporter-state,0.15171551500583677,0.8771825569145479,0.955807259532513
Transporter-state,0.18240216787118196,0.8771825569145479,0.9722889573398673
Transporter-state,0.21929563922863704,0.8771825569145479,0.9835810101457143
Transporter-state,0.2636513477112815,0.8771825569145479,0.9903965895369857
Transporter-state,0.3169786384922227,0.8771825569145479,0.9944413146304991
Transporter-state,0.38109214359264953,0.8771825569145479,0.996853175253456
Transporter-state,0.45817353055355475,0.8771825569145479,0.9988741049110361
Transporter-state,0.5508457406676333,0.8771825569145479,1.0009656466961387
Transporter-state,0.6622622429651823,0.8771825569145479,1.0019458827305674
Transporter-state,0.7962143411069947,0.8771825569145479,1.0029277501163594
Transporter-state,0.9572601846452766,0.8771825569145479,1.00296442218288
Transporter-state,1.150879874674314,0.8771825569145479,1.0037332297019232
Transporter-state,1.3836619418378735,0.8771825569145479,1.0051767446080446
Transporter-state,1.663527542205342,0.8771825569145479,1.0064124174270244
Transporter-state,2.0,0.8771825569145479,1.0079941351779516
Linear,0.02,1.0546053908451258,0.9999999999999994
Linear,0.024045288692348264,1.0546053908451258,0.9999999999999986
Linear,0.02890879541491855,1.0546053908451258,1.0000000000000007
Linear,0.03475601657498751,1.0546053908451258,1.0000000000000007
Linear,0.0417859226170808,1.0546053908451258,1.0000000000000004
Linear,0.050237728630191596,1.0546053908451258,1.000000000000002
Linear,0.06039903440804033,1.0546053908451258,0.9999999999999969
Linear,0.07261561095402029,1.0546053908451258,1.0000000000000007
Linear,0.08730316644803322,1.0546053908451258,1.0000000000000002
Linear,0.10496149204995453,1.0546053908451258,1.0000000000000009
Linear,0.1261914688960387,1.0546053908451258,0.9999999999999999
Linear,0.15171551500583677,1.0546053908451258,0.9999999999999984
Linear,0.18240216787118196,1.0546053908451258,0.9999999999999968
Linear,0.21929563922863704,1.0546053908451258,1.0000000000000022
Linear,0.2636513477112815,1.0546053908451258,0.9999999999999998
Linear,0.3169786384922227,1.0546053908451258,1.0000000000000022
Linear,0.38109214359264953,1.0546053908451258,1.0000000000000013
Linear,0.45817353055355475,1.0546053908451258,1.0000000000000007
Linear,0.5508457406676333,1.0546053908451258,1.0000000000000018
Linear,0.6622622429651823,1.0546053908451258,0.9999999999999998
Linear,0.7962143411069947,1.0546053908451258,0.9999999999999996
Linear,0.9572601846452766,1.0546053908451258,1.0000000000000009
Linear,1.150879874674314,1.0546053908451258,1.0000000000000022
Linear,1.3836619418378735,1.0546053908451258,0.9999999999999997
Linear,1.663527542205342,1.0546053908451258,0.9999999999999989
Linear,2.0,1.0546053908451258,0.9999999999999983
Michaelis-Menten,0.02,1.0546053908451258,1.0010441351379518
Michaelis-Menten,0.024045288692348264,1.0546053908451258,1.0012582492325868
Michaelis-Menten,0.02890879541491855,1.0546053908451258,1.0015169964112258
Michaelis-Menten,0.03475601657498751,1.0546053908451258,1.0018300121288226
Michaelis-Menten,0.0417859226170808,1.0546053908451258,1.002209164314765
Michaelis-Menten,0.050237728630191596,1.0546053908451258,1.002669140739517
Michaelis-Menten,0.06039903440804033,1.0546053908451258,1.0032282227457119
Michaelis-Menten,0.07261561095402029,1.0546053908451258,1.0039093184182517
Michaelis-Menten,0.08730316644803322,1.0546053908451258,1.0047413628149375
Michaelis-Menten,0.10496149204995453,1.0546053908451258,1.0057612463254864
Michaelis-Menten,0.1261914688960387,1.0546053908451258,1.0070165161977942
Michaelis-Menten,0.15171551500583677,1.0546053908451258,1.008569230324609
Michaelis-Menten,0.18240216787118196,1.0546053908451258,1.0105015599818985
Michaelis-Menten,0.21929563922863704,1.0546053908451258,1.0129240975795457
Michaelis-Menten,0.2636513477112815,1.0546053908451258,1.015988429614627
Michaelis-Menten,0.3169786384922227,1.0546053908451258,1.019906568535273
Michaelis-Menten,0.38109214359264953,1.0546053908451258,1.0249816332506627
Michaelis-Menten,0.45817353055355475,1.0546053908451258,1.031657321720267
Michaelis-Menten,0.5508457406676333,1.0546053908451258,1.0405992421125139
Michaelis-Menten,0.6622622429651823,1.0546053908451258,1.0528305085488172
Michaelis-Menten,0.7962143411069947,1.0546053908451258,1.0699578969600314
Michaelis-Menten,0.9572601846452766,1.0546053908451258,1.0945363815381672
Michaelis-Menten,1.150879874674314,1.0546053908451258,1.1305854652018732
Michaelis-Menten,1.3836619418378735,1.0546053908451258,1.1840280762497446
Michaelis-Menten,1.663527542205342,1.0546053908451258,1.2620465481134053
Michaelis-Menten,2.0,1.0546053908451258,1.3692449578427495
Transporter-state,0.02,1.0546053908451258,0.9907005421614593
Transporter-state,0.024045288692348264,1.0546053908451258,0.9878784163450339
Transporter-state,0.02890879541491855,1.0546053908451258,0.9838207671936505
Transporter-state,0.03475601657498751,1.0546053908451258,0.977653498389778
Transporter-state,0.0417859226170808,1.0546053908451258,0.9674513805499727
Transporter-state,0.050237728630191596,1.0546053908451258,0.9480220844846355
Transporter-state,0.06039903440804033,1.0546053908451258,0.903460490699239
Transporter-state,0.07261561095402029,1.0546053908451258,0.8375674535468268
Transporter-state,0.08730316644803322,1.0546053908451258,0.8396515442499233
Transporter-state,0.10496149204995453,1.0546053908451258,0.8810509718144077
Transporter-state,0.1261914688960387,1.0546053908451258,0.9167688836625899
Transporter-state,0.15171551500583677,1.0546053908451258,0.9410378192392187
Transporter-state,0.18240216787118196,1.0546053908451258,0.9627658230036633
Transporter-state,0.21929563922863704,1.0546053908451258,0.978108036292796
Transporter-state,0.2636513477112815,1.0546053908451258,0.9872772434862568
Transporter-state,0.3169786384922227,1.0546053908451258,0.992621340074131
Transporter-state,0.38109214359264953,1.0546053908451258,0.9957398213989008
Transporter-state,0.45817353055355475,1.0546053908451258,0.9986492423528737
Transporter-state,0.5508457406676333,1.0546053908451258,1.0008654667338315
Transporter-state,0.6622622429651823,1.0546053908451258,1.0025636478038167
Transporter-state,0.7962143411069947,1.0546053908451258,1.0030230602122323
Transporter-state,0.9572601846452766,1.0546053908451258,1.0032879430470993
Transporter-state,1.150879874674314,1.0546053908451258,1.0044343246529792
Transporter-state,1.3836619418378735,1.0546053908451258,1.006233052136552
Transporter-state,1.663527542205342,1.0546053908451258,1.007378269774039
Transporter-state,2.0,1.0546053908451258,1.0091658936297292
Linear,0.02,1.2679145539688905,1.0000000000000002
Linear,0.024045288692348264,1.2679145539688905,1.0000000000000007
Linear,0.02890879541491855,1.2679145539688905,1.000000000000003
Linear,0.03475601657498751,1.2679145539688905,1.0000000000000016
Linear,0.0417859226170808,1.2679145539688905,1.0000000000000033
Linear,0.050237728630191596,1.2679145539688905,0.9999999999999981
Linear,0.06039903440804033,1.2679145539688905,0.9999999999999978
Linear,0.07261561095402029,1.2679145539688905,1.0000000000000029
Linear,0.08730316644803322,1.2679145539688905,1.0000000000000004
Linear,0.10496149204995453,1.2679145539688905,1.0000000000000013
Linear,0.1261914688960387,1.2679145539688905,1.000000000000002
Linear,0.15171551500583677,1.2679145539688905,1.0000000000000009
Linear,0.18240216787118196,1.2679145539688905,1.0000000000000002
Linear,0.21929563922863704,1.2679145539688905,0.9999999999999956
Linear,0.2636513477112815,1.2679145539688905,1.0000000000000009
Linear,0.3169786384922227,1.2679145539688905,0.9999999999999978
Linear,0.38109214359264953,1.2679145539688905,0.9999999999999977
Linear,0.45817353055355475,1.2679145539688905,1.000000000000002
Linear,0.5508457406676333,1.2679145539688905,0.9999999999999979
Linear,0.6622622429651823,1.2679145539688905,1.0000000000000002
Linear,0.7962143411069947,1.2679145539688905,0.9999999999999987
Linear,0.9572601846452766,1.2679145539688905,0.9999999999999998
Linear,1.150879874674314,1.2679145539688905,1.0000000000000018
Linear,1.3836619418378735,1.2679145539688905,0.9999999999999998
Linear,1.663527542205342,1.2679145539688905,1.0000000000000087
Linear,2.0,1.2679145539688905,1.0000000000000002
Michaelis-Menten,0.02,1.2679145539688905,1.0006091095298308
Michaelis-Menten,0.024045288692348264,1.2679145539688905,1.0007339700183184
Michaelis-Menten,0.02890879541491855,1.2679145539688905,1.0008848377630366
Michaelis-Menten,0.03475601657498751,1.2679145539688905,1.0010673180860807
Michaelis-Menten,0.0417859226170808,1.2679145539688905,1.0012883109903215
Michaelis-Menten,0.050237728630191596,1.2679145539688905,1.0015563500796818
Michaelis-Menten,0.06039903440804033,1.2679145539688905,1.00188204834298
Michaelis-Menten,0.07261561095402029,1.2679145539688905,1.0022786924682914
Michaelis-Menten,0.08730316644803322,1.2679145539688905,1.0027630469798638
Michaelis-Menten,0.10496149204995453,1.2679145539688905,1.0033564598357876
Michaelis-Menten,0.1261914688960387,1.2679145539688905,1.0040864087906067
Michaelis-Menten,0.15171551500583677,1.2679145539688905,1.0049887039489132
Michaelis-Menten,0.18240216787118196,1.2679145539688905,1.0061106856443245
Michaelis-Menten,0.21929563922863704,1.2679145539688905,1.007515961627465
Michaelis-Menten,0.2636513477112815,1.2679145539688905,1.0092915736656012
Michaelis-Menten,0.3169786384922227,1.2679145539688905,1.0115590812687747
Michaelis-Menten,0.38109214359264953,1.2679145539688905,1.0144921060490137
Michaelis-Menten,0.45817353055355475,1.2679145539688905,1.0183447900169924
Michaelis-Menten,0.5508457406676333,1.2679145539688905,1.023499155291313
Michaelis-Menten,0.6622622429651823,1.2679145539688905,1.030546015534799
Michaelis-Menten,0.7962143411069947,1.2679145539688905,1.0404267306452248
Michaelis-Menten,0.9572601846452766,1.2679145539688905,1.0546864257853938
Michaelis-Menten,1.150879874674314,1.2679145539688905,1.0759268674717668
Michaelis-Menten,1.3836619418378735,1.2679145539688905,1.1085750962545158
Michaelis-Menten,1.663527542205342,1.2679145539688905,1.1599228999075362
Michaelis-Menten,2.0,1.2679145539688905,1.2404002941428782
Transporter-state,0.02,1.2679145539688905,0.9913061644970753
Transporter-state,0.024045288692348264,1.2679145539688905,0.9888365153407944
Transporter-state,0.02890879541491855,1.2679145539688905,0.985406613605161
Transporter-state,0.03475601657498751,1.2679145539688905,0.9804458975298972
Transporter-state,0.0417859226170808,1.2679145539688905,0.9728375625471872
Transporter-state,0.050237728630191596,1.2679145539688905,0.9600131362012675
Transporter-state,0.06039903440804033,1.2679145539688905,0.9342120067811255
Transporter-state,0.07261561095402029,1.2679145539688905,0.8717477325668634
Transporter-state,0.08730316644803322,1.2679145539688905,0.813146714488013
Transporter-state,0.10496149204995453,1.2679145539688905,0.8404267373301509
Transporter-state,0.1261914688960387,1.2679145539688905,0.8867171623326981
Transporter-state,0.15171551500583677,1.2679145539688905,0.9211529735210593
Transporter-state,0.18240216787118196,1.2679145539688905,0.9497273226185746
Transporter-state,0.21929563922863704,1.2679145539688905,0.9708853849838296
Transporter-state,0.2636513477112815,1.2679145539688905,0.9834126654068781
Transporter-state,0.3169786384922227,1.2679145539688905,0.9905547394727049
Transporter-state,0.38109214359264953,1.2679145539688905,0.9946651504214248
Transporter-state,0.45817353055355475,1.2679145539688905,0.998073246310404
Transporter-state,0.5508457406676333,1.2679145539688905,1.0010490639623468
Transporter-state,0.6622622429651823,1.2679145539688905,1.0026839178430071
Transporter-state,0.7962143411069947,1.2679145539688905,1.0038418843674854
Transporter-state,0.9572601846452766,1.2679145539688905,1.0038836952933543
Transporter-state,1.150879874674314,1.2679145539688905,1.0050410231168183
Transporter-state,1.3836619418378735,1.2679145539688905,1.0070387625557193
Transporter-state,1.663527542205342,1.2679145539688905,1.00811813007428
Transporter-state,2.0,1.2679145539688905,1.0098805155929522
Linear,0.02,1.5243685743705977,0.9999999999999992
Linear,0.024045288692348264,1.5243685743705977,1.0000000000000009
Linear,0.02890879541491855,1.5243685743705977,1.0
Linear,0.03475601657498751,1.5243685743705977,0.9999999999999993
Linear,0.0417859226170808,1.5243685743705977,1.0000000000000002
Linear,0.050237728630191596,1.5243685743705977,0.9999999999999978
Linear,0.06039903440804033,1.5243685743705977,1.0000000000000009
Linear,0.07261561095402029,1.5243685743705977,1.000000000000002
Linear,0.08730316644803322,1.5243685743705977,1.0000000000000002
Linear,0.10496149204995453,1.5243685743705977,1.0000000000000007
Linear,0.1261914688960387,1.5243685743705977,1.0000000000000013
Linear,0.15171551500583677,1.5243685743705977,1.0000000000000002
Linear,0.18240216787118196,1.5243685743705977,0.999999999999999
Linear,0.21929563922863704,1.5243685743705977,0.9999999999999999
Linear,0.2636513477112815,1.5243685743705977,1.000000000000002
Linear,0.3169786384922227,1.5243685743705977,1.0000000000000007
Linear,0.38109214359264953,1.5243685743705977,1.0000000000000007
Linear,0.45817353055355475,1.5243685743705977,0.9999999999999988
Linear,0.5508457406676333,1.5243685743705977,1.000000000000001
Linear,0.6622622429651823,1.5243685743705977,0.9999999999999993
Linear,0.7962143411069947,1.5243685743705977,0.9999999999999961
Linear,0.9572601846452766,1.5243685743705977,0.999999999999996
Linear,1.150879874674314,1.5243685743705977,1.0000000000000036
Linear,1.3836619418378735,1.5243685743705977,0.9999999999999974
Linear,1.663527542205342,1.5243685743705977,1.0000000000000009
Linear,2.0,1.5243685743705977,0.9999999999999997
Michaelis-Menten,0.02,1.5243685743705977,1.000311290907951
Michaelis-Menten,0.024045288692348264,1.5243685743705977,1.00037509137673
Michaelis-Menten,0.02890879541491855,1.5243685743705977,1.00045217614157
Michaelis-Menten,0.03475601657498751,1.5243685743705977,1.0005454062536931
Michaelis-Menten,0.0417859226170808,1.5243685743705977,1.000658302676428
Michaelis-Menten,0.050237728630191596,1.5243685743705977,1.0007952186568811
Michaelis-Menten,0.06039903440804033,1.5243685743705977,1.0009615663049216
Michaelis-Menten,0.07261561095402029,1.5243685743705977,1.00116411847061
Michaelis-Menten,0.08730316644803322,1.5243685743705977,1.0014114169349513
Michaelis-Menten,0.10496149204995453,1.5243685743705977,1.0017143332752534
Michaelis-Menten,0.1261914688960387,1.5243685743705977,1.0020868528774889
Michaelis-Menten,0.15171551500583677,1.5243685743705977,1.0025471910928152
Michaelis-Menten,0.18240216787118196,1.5243685743705977,1.003119413199024
Michaelis-Menten,0.21929563922863704,1.5243685743705977,1.00383583374326
Michaelis-Menten,0.2636513477112815,1.5243685743705977,1.0047406468281406
Michaelis-Menten,0.3169786384922227,1.5243685743705977,1.0058955438786914
Michaelis-Menten,0.38109214359264953,1.5243685743705977,1.0073886173770703
Michaelis-Menten,0.45817353055355475,1.5243685743705977,1.0093488386713683
Michaelis-Menten,0.5508457406676333,1.5243685743705977,1.0119702582993038
Michaelis-Menten,0.6622622429651823,1.5243685743705977,1.0155536816779445
Michaelis-Menten,0.7962143411069947,1.5243685743705977,1.0205807678473557
Michaelis-Menten,0.9572601846452766,1.5243685743705977,1.0278502326931753
Michaelis-Menten,1.150879874674314,1.5243685743705977,1.0387363506742922
Michaelis-Menten,1.3836619418378735,1.5243685743705977,1.055691038613631
Michaelis-Menten,1.663527542205342,1.5243685743705977,1.0832106746395938
Michaelis-Menten,2.0,1.5243685743705977,1.129495212551918
Transporter-state,0.02,1.5243685743705977,0.9923540130904626
Transporter-state,0.024045288692348264,1.5243685743705977,0.9903184665042631
Transporter-state,0.02890879541491855,1.5243685743705977,0.9875811220408733
Transporter-state,0.03475601657498751,1.5243685743705977,0.9837956852601925
Transporter-state,0.0417859226170808,1.5243685743705977,0.9783605527787906
Transporter-state,0.050237728630191596,1.5243685743705977,0.9701186532819408
Transporter-state,0.06039903440804033,1.5243685743705977,0.9563264833858133
Transporter-state,0.07261561095402029,1.5243685743705977,0.9265104105071097
Transporter-state,0.08730316644803322,1.5243685743705977,0.8468665407413298
Transporter-state,0.10496149204995453,1.5243685743705977,0.802601666306895
Transporter-state,0.1261914688960387,1.5243685743705977,0.844913569758056
Transporter-state,0.15171551500583677,1.5243685743705977,0.8928306786187324
Transporter-state,0.18240216787118196,1.5243685743705977,0.9305305567392134
Transporter-state,0.21929563922863704,1.5243685743705977,0.9600910497663254
Transporter-state,0.2636513477112815,1.5243685743705977,0.9778258068669929
Transporter-state,0.3169786384922227,1.5243685743705977,0.9876729008245897
Transporter-state,0.38109214359264953,1.5243685743705977,0.9931713316590893
Transporter-state,0.45817353055355475,1.5243685743705977,0.9970110469361843
Transporter-state,0.5508457406676333,1.5243685743705977,1.001201741434168
Transporter-state,0.6622622429651823,1.5243685743705977,1.0028652068577049
Transporter-state,0.7962143411069947,1.5243685743705977,1.0044142960105973
Transporter-state,0.9572601846452766,1.5243685743705977,1.0042910781954917
Transporter-state,1.150879874674314,1.5243685743705977,1.0054915181679571
Transporter-state,1.3836619418378735,1.5243685743705977,1.0076556861335306
Transporter-state,1.663527542205342,1.5243685743705977,1.0086009616185045
Transporter-state,2.0,1.5243685743705977,1.0103067327852386
Linear,0.02,1.8326941222142186,1.0
Linear,0.024045288692348264,1.8326941222142186,0.9999999999999999
Linear,0.02890879541491855,1.8326941222142186,1.000000000000002
Linear,0.03475601657498751,1.8326941222142186,1.0000000000000002
Linear,0.0417859226170808,1.8326941222142186,1.0000000000000029
Linear,0.050237728630191596,1.8326941222142186,0.999999999999999
Linear,0.06039903440804033,1.8326941222142186,0.9999999999999986
Linear,0.07261561095402029,1.8326941222142186,1.0000000000000007
Linear,0.08730316644803322,1.8326941222142186,0.9999999999999966
Linear,0.10496149204995453,1.8326941222142186,0.9999999999999984
Linear,0.1261914688960387,1.8326941222142186,0.9999999999999998
Linear,0.15171551500583677,1.8326941222142186,1.0000000000000024
Linear,0.18240216787118196,1.8326941222142186,0.999999999999998
Linear,0.21929563922863704,1.8326941222142186,1.0000000000000009
Linear,0.2636513477112815,1.8326941222142186,1.0000000000000024
Linear,0.3169786384922227,1.8326941222142186,1.0000000000000022
Linear,0.38109214359264953,1.8326941222142186,0.9999999999999972
Linear,0.45817353055355475,1.8326941222142186,1.0000000000000007
Linear,0.5508457406676333,1.8326941222142186,0.9999999999999991
Linear,0.6622622429651823,1.8326941222142186,1.0000000000000033
Linear,0.7962143411069947,1.8326941222142186,1.000000000000004
Linear,0.9572601846452766,1.8326941222142186,0.999999999999999
Linear,1.150879874674314,1.8326941222142186,1.000000000000003
Linear,1.3836619418378735,1.8326941222142186,0.9999999999999993
Linear,1.663527542205342,1.8326941222142186,0.9999999999999973
Linear,2.0,1.8326941222142186,0.9999999999999998
Michaelis-Menten,0.02,1.8326941222142186,1.0001404952486743
Michaelis-Menten,0.024045288692348264,1.8326941222142186,1.0001692868664362
Michaelis-Menten,0.02890879541491855,1.8326941222142186,1.0002040717898437
Michaelis-Menten,0.03475601657498751,1.8326941222142186,1.0002461400959157
Michaelis-Menten,0.0417859226170808,1.8326941222142186,1.000297079109852
Michaelis-Menten,0.050237728630191596,1.8326941222142186,1.000358850913534
Michaelis-Menten,0.06039903440804033,1.8326941222142186,1.0004338941751278
Michaelis-Menten,0.07261561095402029,1.8326941222142186,1.0005252597430567
Michaelis-Menten,0.08730316644803322,1.8326941222142186,1.0006367938835783
Michaelis-Menten,0.10496149204995453,1.8326941222142186,1.0007733898985685
Michaelis-Menten,0.1261914688960387,1.8326941222142186,1.0009413396294666
Michaelis-Menten,0.15171551500583677,1.8326941222142186,1.001148833553868
Michaelis-Menten,0.18240216787118196,1.8326941222142186,1.0014066861512867
Michaelis-Menten,0.21929563922863704,1.8326941222142186,1.0017294095866613
Michaelis-Menten,0.2636513477112815,1.8326941222142186,1.0021368372938488
Michaelis-Menten,0.3169786384922227,1.8326941222142186,1.0026566351836754
Michaelis-Menten,0.38109214359264953,1.8326941222142186,1.0033282803621926
Michaelis-Menten,0.45817353055355475,1.8326941222142186,1.0042095303312912
Michaelis-Menten,0.5508457406676333,1.8326941222142186,1.005387241781569
Michaelis-Menten,0.6622622429651823,1.8326941222142186,1.0069960296473532
Michaelis-Menten,0.7962143411069947,1.8326941222142186,1.009251557157059
Michaelis-Menten,0.9572601846452766,1.8326941222142186,1.0125121796732437
Michaelis-Menten,1.150879874674314,1.8326941222142186,1.0173977934710954
Michaelis-Menten,1.3836619418378735,1.8326941222142186,1.0250289083277058
Michaelis-Menten,1.663527542205342,1.8326941222142186,1.037527476263797
Michaelis-Menten,2.0,1.8326941222142186,1.0590931403853678
Transporter-state,0.02,1.8326941222142186,0.99373172117082
Transporter-state,0.024045288692348264,1.8326941222142186,0.992168809215903
Transporter-state,0.02890879541491855,1.8326941222142186,0.990131179938167
Transporter-state,0.03475601657498751,1.8326941222142186,0.9874294280855969
Transporter-state,0.0417859226170808,1.8326941222142186,0.983775567226461
Transporter-state,0.050237728630191596,1.8326941222142186,0.978722663578621
Transporter-state,0.06039903440804033,1.8326941222142186,0.9715493024101681
Transporter-state,0.07261561095402029,1.8326941222142186,0.9605586617064684
Transporter-state,0.08730316644803322,1.8326941222142186,0.9317606782114589
Transporter-state,0.10496149204995453,1.8326941222142186,0.831046445820751
Transporter-state,0.1261914688960387,1.8326941222142186,0.7994172122159247
Transporter-state,0.15171551500583677,1.8326941222142186,0.8509964883201148
Transporter-state,0.18240216787118196,1.8326941222142186,0.9025513206941707
Transporter-state,0.21929563922863704,1.8326941222142186,0.9430587713696801
Transporter-state,0.2636513477112815,1.8326941222142186,0.9690155688590382
Transporter-state,0.3169786384922227,1.8326941222142186,0.9832026659070321
Transporter-state,0.38109214359264953,1.8326941222142186,0.9908927619995129
Transporter-state,0.45817353055355475,1.8326941222142186,0.995478966561198
Transporter-state,0.5508457406676333,1.8326941222142186,1.0011985080686037
Transporter-state,0.6622622429651823,1.8326941222142186,1.0029731294019568
Transporter-state,0.7962143411069947,1.8326941222142186,1.0051914279231953
Transporter-state,0.9572601846452766,1.8326941222142186,1.0046925916315437
Transporter-state,1.150879874674314,1.8326941222142186,1.0059385032480685
Transporter-state,1.3836619418378735,1.8326941222142186,1.0082280888090829
Transporter-state,1.663527542205342,1.8326941222142186,1.0091477346465538
Transporter-state,2.0,1.8326941222142186,1.0106232720549668
Linear,0.02,2.2033829626705326,0.9999999999999987
Linear,0.024045288692348264,2.2033829626705326,0.9999999999999991
Linear,0.02890879541491855,2.2033829626705326,0.9999999999999986
Linear,0.03475601657498751,2.2033829626705326,0.9999999999999986
Linear,0.0417859226170808,2.2033829626705326,1.0000000000000004
Linear,0.050237728630191596,2.2033829626705326,0.9999999999999938
Linear,0.06039903440804033,2.2033829626705326,0.9999999999999974
Linear,0.07261561095402029,2.2033829626705326,0.9999999999999941
Linear,0.08730316644803322,2.2033829626705326,0.9999999999999974
Linear,0.10496149204995453,2.2033829626705326,1.0000000000000013
Linear,0.1261914688960387,2.2033829626705326,0.9999999999999998
Linear,0.15171551500583677,2.2033829626705326,1.0000000000000036
Linear,0.18240216787118196,2.2033829626705326,1.0000000000000013
Linear,0.21929563922863704,2.2033829626705326,0.9999999999999976
Linear,0.2636513477112815,2.2033829626705326,0.9999999999999994
Linear,0.3169786384922227,2.2033829626705326,0.9999999999999992
Linear,0.38109214359264953,2.2033829626705326,0.9999999999999984
Linear,0.45817353055355475,2.2033829626705326,0.999999999999998
Linear,0.5508457406676333,2.2033829626705326,0.9999999999999979
Linear,0.6622622429651823,2.2033829626705326,1.0000000000000004
Linear,0.7962143411069947,2.2033829626705326,0.9999999999999953
Linear,0.9572601846452766,2.2033829626705326,0.9999999999999979
Linear,1.150879874674314,2.2033829626705326,1.0000000000000018
Linear,1.3836619418378735,2.2033829626705326,1.000000000000001
Linear,1.663527542205342,2.2033829626705326,0.9999999999999984
Linear,2.0,2.2033829626705326,0.9999999999999944
Michaelis-Menten,0.02,2.2033829626705326,1.0000538547325761
Michaelis-Menten,0.024045288692348264,2.2033829626705326,1.000064890470944
Michaelis-Menten,0.02890879541491855,2.2033829626705326,1.0000782231176977
Michaelis-Menten,0.03475601657498751,2.2033829626705326,1.0000943469515016
Michaelis-Menten,0.0417859226170808,2.2033829626705326,1.0001138700772447
Michaelis-Menten,0.050237728630191596,2.2033829626705326,1.0001375440803795
Michaelis-Menten,0.06039903440804033,2.2033829626705326,1.0001663029757804
Michaelis-Menten,0.07261561095402029,2.2033829626705326,1.0002013150559537
Michaelis-Menten,0.08730316644803322,2.2033829626705326,1.0002440529354475
Michaelis-Menten,0.10496149204995453,2.2033829626705326,1.0002963897029638
Michaelis-Menten,0.1261914688960387,2.2033829626705326,1.0003607331982018
Michaelis-Menten,0.15171551500583677,2.2033829626705326,1.0004402169860964
Michaelis-Menten,0.18240216787118196,2.2033829626705326,1.0005389772583453
Michaelis-Menten,0.21929563922863704,2.2033829626705326,1.0006625625575278
Michaelis-Menten,0.2636513477112815,2.2033829626705326,1.0008185531315248
Michaelis-Menten,0.3169786384922227,2.2033829626705326,1.0010175185772816
Michaelis-Menten,0.38109214359264953,2.2033829626705326,1.001274534675954
Michaelis-Menten,0.45817353055355475,2.2033829626705326,1.0016116491782008
Michaelis-Menten,0.5508457406676333,2.2033829626705326,1.0020620052734737
Michaelis-Menten,0.6622622429651823,2.2033829626705326,1.0026769551377948
Michaelis-Menten,0.7962143411069947,2.2033829626705326,1.003538762048056
Michaelis-Menten,0.9572601846452766,2.2033829626705326,1.0047841670524333
Michaelis-Menten,1.150879874674314,2.2033829626705326,1.0066500137467318
Michaelis-Menten,1.3836619418378735,2.2033829626705326,1.0095658295604082
Michaelis-Menten,1.663527542205342,2.2033829626705326,1.0143515497942193
Michaelis-Menten,2.0,2.2033829626705326,1.0226629464934005
Transporter-state,0.02,2.2033829626705326,0.995399853702342
Transporter-state,0.024045288692348264,2.2033829626705326,0.9943354447886171
Transporter-state,0.02890879541491855,2.2033829626705326,0.9929951091564524
Transporter-state,0.03475601657498751,2.2033829626705326,0.9912996697147138
Transporter-state,0.0417859226170808,2.2033829626705326,0.989155231614919
Transporter-state,0.050237728630191596,2.2033829626705326,0.9864806196145371
Transporter-state,0.06039903440804033,2.2033829626705326,0.9833314586275004
Transporter-state,0.07261561095402029,2.2033829626705326,0.9803645049309813
Transporter-state,0.08730316644803322,2.2033829626705326,0.9794445225462574
Transporter-state,0.10496149204995453,2.2033829626705326,0.9585809547619377
Transporter-state,0.1261914688960387,2.2033829626705326,0.8244023016525694
Transporter-state,0.15171551500583677,2.2033829626705326,0.7996573655966179
Transporter-state,0.18240216787118196,2.2033829626705326,0.8621723302077989
Transporter-state,0.21929563922863704,2.2033829626705326,0.9168409972152387
Transporter-state,0.2636513477112815,2.2033829626705326,0.9555266720880932
Transporter-state,0.3169786384922227,2.2033829626705326,0.9766728818845127
Transporter-state,0.38109214359264953,2.2033829626705326,0.9877063839644172
Transporter-state,0.45817353055355475,2.2033829626705326,0.9936179595367296
Transporter-state,0.5508457406676333,2.2033829626705326,1.0006509554057874
Transporter-state,0.6622622429651823,2.2033829626705326,1.0028742961974177
Transporter-state,0.7962143411069947,2.2033829626705326,1.006195308657101
Transporter-state,0.9572601846452766,2.2033829626705326,1.0052390841420176
Transporter-state,1.150879874674314,2.2033829626705326,1.006380663565293
Transporter-state,1.3836619418378735,2.2033829626705326,1.0088959674461573
Transporter-state,1.663527542205342,2.2033829626705326,1.0095075975250658
Transporter-state,2.0,2.2033829626705326,1.0107328628024237
Linear,0.02,2.6490489718607284,0.9999999999999967
Linear,0.024045288692348264,2.6490489718607284,1.0000000000000073
Linear,0.02890879541491855,2.6490489718607284,1.0000000000000036
Linear,0.03475601657498751,2.6490489718607284,0.9999999999999979
Linear,0.0417859226170808,2.6490489718607284,0.9999999999999929
Linear,0.050237728630191596,2.6490489718607284,1.0000000000000007
Linear,0.06039903440804033,2.6490489718607284,0.9999999999999957
Linear,0.07261561095402029,2.6490489718607284,0.9999999999999976
Linear,0.08730316644803322,2.6490489718607284,0.9999999999999994
Linear,0.10496149204995453,2.6490489718607284,1.0000000000000016
Linear,0.1261914688960387,2.6490489718607284,0.9999999999999921
Linear,0.15171551500583677,2.6490489718607284,1.0000000000000007
Linear,0.18240216787118196,2.6490489718607284,0.9999999999999992
Linear,0.21929563922863704,2.6490489718607284,0.9999999999999962
Linear,0.2636513477112815,2.6490489718607284,0.9999999999999994
Linear,0.3169786384922227,2.6490489718607284,0.9999999999999961
Linear,0.38109214359264953,2.6490489718607284,1.0000000000000004
Linear,0.45817353055355475,2.6490489718607284,0.999999999999997
Linear,0.5508457406676333,2.6490489718607284,1.000000000000003
Linear,0.6622622429651823,2.6490489718607284,0.9999999999999993
Linear,0.7962143411069947,2.6490489718607284,1.0000000000000042
Linear,0.9572601846452766,2.6490489718607284,0.9999999999999998
Linear,1.150879874674314,2.6490489718607284,0.9999999999999978
Linear,1.3836619418378735,2.6490489718607284,1.000000000000002
Linear,1.663527542205342,2.6490489718607284,1.0000000000000018
Linear,2.0,2.6490489718607284,1.0000000000000069
Michaelis-Menten,0.02,2.6490489718607284,1.000016385132489
Michaelis-Menten,0.024045288692348264,2.6490489718607284,1.000019742643261
Michaelis-Menten,0.02890879541491855,2.6490489718607284,1.000023798930086
Michaelis-Menten,0.03475601657498751,2.6490489718607284,1.0000287043491307
Michaelis-Menten,0.0417859226170808,2.6490489718607284,1.0000346438748413
Michaelis-Menten,0.050237728630191596,2.6490489718607284,1.0000418461159053
Michaelis-Menten,0.06039903440804033,2.6490489718607284,1.0000505951559089
Michaelis-Menten,0.07261561095402029,2.6490489718607284,1.000061246313812
Michaelis-Menten,0.08730316644803322,2.6490489718607284,1.0000742474334592
Michaelis-Menten,0.10496149204995453,2.6490489718607284,1.0000901681048693
Michaelis-Menten,0.1261914688960387,2.6490489718607284,1.0001097404677852
Michaelis-Menten,0.15171551500583677,2.6490489718607284,1.0001339172376729
Michaelis-Menten,0.18240216787118196,2.6490489718607284,1.0001639558317392
Michaelis-Menten,0.21929563922863704,2.6490489718607284,1.0002015428364213
Michaelis-Menten,0.2636513477112815,2.6490489718607284,1.0002489821427578
Michaelis-Menten,0.3169786384922227,2.6490489718607284,1.0003094858255326
Michaelis-Menten,0.38109214359264953,2.6490489718607284,1.000387634868801
Michaelis-Menten,0.45817353055355475,2.6490489718607284,1.0004901281697542
Michaelis-Menten,0.5508457406676333,2.6490489718607284,1.0006270352945885
Michaelis-Menten,0.6622622429651823,2.6490489718607284,1.0008139584506999
Michaelis-Menten,0.7962143411069947,2.6490489718607284,1.0010758956871655
Michaelis-Menten,0.9572601846452766,2.6490489718607284,1.0014544177654205
Michaelis-Menten,1.150879874674314,2.6490489718607284,1.0020215954546852
Michaelis-Menten,1.3836619418378735,2.6490489718607284,1.0029083836954558
Michaelis-Menten,1.663527542205342,2.6490489718607284,1.004365738003104
Michaelis-Menten,2.0,2.6490489718607284,1.0069045277355675
Transporter-state,0.02,2.6490489718607284,0.9972994647982225
Transporter-state,0.024045288692348264,2.6490489718607284,0.996747657627224
Transporter-state,0.02890879541491855,2.6490489718607284,0.996094761161686
Transporter-state,0.03475601657498751,2.6490489718607284,0.9953406895965278
Transporter-state,0.0417859226170808,2.6490489718607284,0.994516412086755
Transporter-state,0.050237728630191596,2.6490489718607284,0.9937410668029923
Transporter-state,0.06039903440804033,2.6490489718607284,0.9933895443147029
Transporter-state,0.07261561095402029,2.6490489718607284,0.994629694809785
Transporter-state,0.08730316644803322,2.6490489718607284,1.0012530893018352
Transporter-state,0.10496149204995453,2.6490489718607284,1.0233611815192543
Transporter-state,0.1261914688960387,2.6490489718607284,1.0159142612871712
Transporter-state,0.15171551500583677,2.6490489718607284,0.8244757107520588
Transporter-state,0.18240216787118196,2.6490489718607284,0.8062926630599867
Transporter-state,0.21929563922863704,2.6490489718607284,0.8770268175969325
Transporter-state,0.2636513477112815,2.6490489718607284,0.9328498382655386
Transporter-state,0.3169786384922227,2.6490489718607284,0.9662282374164259
Transporter-state,0.38109214359264953,2.6490489718607284,0.983009388884632
Transporter-state,0.45817353055355475,2.6490489718607284,0.991411398673517
Transporter-state,0.5508457406676333,2.6490489718607284,0.9988754283399753
Transporter-state,0.6622622429651823,2.6490489718607284,1.0031249990185434
Transporter-state,0.7962143411069947,2.6490489718607284,1.0073284480797364
Transporter-state,0.9572601846452766,2.6490489718607284,1.006024051500723
Transporter-state,1.150879874674314,2.6490489718607284,1.0069930772226523
Transporter-state,1.3836619418378735,2.6490489718607284,1.0094949934332254
Transporter-state,1.663527542205342,2.6490489718607284,1.0099481680794538
Transporter-state,2.0,2.6490489718607284,1.0106722333292109
Linear,0.02,3.1848573644279785,0.9999999999999976
Linear,0.024045288692348264,3.1848573644279785,1.0000000000000036
Linear,0.02890879541491855,3.1848573644279785,0.999999999999997
Linear,0.03475601657498751,3.1848573644279785,1.0000000000000022
Linear,0.0417859226170808,3.1848573644279785,0.9999999999999971
Linear,0.050237728630191596,3.1848573644279785,1.0000000000000042
Linear,0.06039903440804033,3.1848573644279785,1.0000000000000007
Linear,0.07261561095402029,3.1848573644279785,1.0000000000000013
Linear,0.08730316644803322,3.1848573644279785,0.9999999999999952
Linear,0.10496149204995453,3.1848573644279785,1.0000000000000004
Linear,0.1261914688960387,3.1848573644279785,0.9999999999999956
Linear,0.15171551500583677,3.1848573644279785,1.0000000000000058
Linear,0.18240216787118196,3.1848573644279785,0.9999999999999971
Linear,0.21929563922863704,3.1848573644279785,0.9999999999999968
Linear,0.2636513477112815,3.1848573644279785,1.0000000000000036
Linear,0.3169786384922227,3.1848573644279785,0.9999999999999954
Linear,0.38109214359264953,3.1848573644279785,1.0000000000000013
Linear,0.45817353055355475,3.1848573644279785,0.999999999999994
Linear,0.5508457406676333,3.1848573644279785,1.0
Linear,0.6622622429651823,3.1848573644279785,1.0000000000000007
Linear,0.7962143411069947,3.1848573644279785,0.9999999999999957
Linear,0.9572601846452766,3.1848573644279785,0.9999999999999999
Linear,1.150879874674314,3.1848573644279785,0.9999999999999967
Linear,1.3836619418378735,3.1848573644279785,0.9999999999999972
Linear,1.663527542205342,3.1848573644279785,0.999999999999998
Linear,2.0,3.1848573644279785,1.000000000000001
Michaelis-Menten,0.02,3.1848573644279785,1.0000040376652863
Michaelis-Menten,0.024045288692348264,3.1848573644279785,1.0000048650243691
Michaelis-Menten,0.02890879541491855,3.1848573644279785,1.0000058645729162
Michaelis-Menten,0.03475601657498751,3.1848573644279785,1.0000070733596214
Michaelis-Menten,0.0417859226170808,3.1848573644279785,1.0000085369627247
Michaelis-Menten,0.050237728630191596,3.1848573644279785,1.0000103117111396
Michaelis-Menten,0.06039903440804033,3.1848573644279785,1.0000124676013542
Michaelis-Menten,0.07261561095402029,3.1848573644279785,1.000015092179907
Michaelis-Menten,0.08730316644803322,3.1848573644279785,1.0000182957875094
Michaelis-Menten,0.10496149204995453,3.1848573644279785,1.0000222187568069
Michaelis-Menten,0.1261914688960387,3.1848573644279785,1.00002704146241
Michaelis-Menten,0.15171551500583677,3.1848573644279785,1.0000329986124221
Michaelis-Menten,0.18240216787118196,3.1848573644279785,1.0000403999670078
Michaelis-Menten,0.21929563922863704,3.1848573644279785,1.0000496609909388
Michaelis-Menten,0.2636513477112815,3.1848573644279785,1.0000613491833925
Michaelis-Menten,0.3169786384922227,3.1848573644279785,1.0000762557058351
Michaelis-Menten,0.38109214359264953,3.1848573644279785,1.000095508829553
Michaelis-Menten,0.45817353055355475,3.1848573644279785,1.0001207583626759
Michaelis-Menten,0.5508457406676333,3.1848573644279785,1.0001544841142267
Michaelis-Menten,0.6622622429651823,3.1848573644279785,1.0002005282529305
Michaelis-Menten,0.7962143411069947,3.1848573644279785,1.0002650466833478
Michaelis-Menten,0.9572601846452766,3.1848573644279785,1.0003582769350992
Michaelis-Menten,1.150879874674314,3.1848573644279785,1.000497970757265
Michaelis-Menten,1.3836619418378735,3.1848573644279785,1.0007163973758306
Michaelis-Menten,1.663527542205342,3.1848573644279785,1.0010754551455254
Michaelis-Menten,2.0,3.1848573644279785,1.0017014172929866
Transporter-state,0.02,3.1848573644279785,0.9993809641916287
Transporter-state,0.024045288692348264,3.1848573644279785,0.9993496026048466
Transporter-state,0.02890879541491855,3.1848573644279785,0.9993733691797705
Transporter-state,0.03475601657498751,3.1848573644279785,0.9995111095634022
Transporter-state,0.0417859226170808,3.1848573644279785,0.9998788827820166
Transporter-state,0.050237728630191596,3.1848573644279785,1.0007156518444793
Transporter-state,0.06039903440804033,3.1848573644279785,1.0025453704710179
Transporter-state,0.07261561095402029,3.1848573644279785,1.006621984567273
Transporter-state,0.08730316644803322,3.1848573644279785,1.0163173730184727
Transporter-state,0.10496149204995453,3.1848573644279785,1.0418957656685897
Transporter-state,0.1261914688960387,3.1848573644279785,1.1094028792793056
Transporter-state,0.15171551500583677,3.1848573644279785,1.1113065601078447
Transporter-state,0.18240216787118196,3.1848573644279785,0.8328437998130004
Transporter-state,0.21929563922863704,3.1848573644279785,0.8207060857746862
Transporter-state,0.2636513477112815,3.1848573644279785,0.8943598452016357
Transporter-state,0.3169786384922227,3.1848573644279785,0.9475671301037341
Transporter-state,0.38109214359264953,3.1848573644279785,0.9747604565579499
Transporter-state,0.45817353055355475,3.1848573644279785,0.9875958001227049
Transporter-state,0.5508457406676333,3.1848573644279785,0.995837871204998
Transporter-state,0.6622622429651823,3.1848573644279785,1.003009009702258
Transporter-state,0.7962143411069947,3.1848573644279785,1.0078206353216825
Transporter-state,0.9572601846452766,3.1848573644279785,1.0069677447958243
Transporter-state,1.150879874674314,3.1848573644279785,1.0074931685445083
Transporter-state,1.3836619418378735,3.1848573644279785,1.0102349305030809
Transporter-state,1.663527542205342,3.1848573644279785,1.010576368444025
Transporter-state,2.0,3.1848573644279785,1.0108411306456104
Linear,0.02,3.8290407385811056,0.9999999999999956
Linear,0.024045288692348264,3.8290407385811056,0.9999999999999948
Linear,0.02890879541491855,3.8290407385811056,1.0000000000000042
Linear,0.03475601657498751,3.8290407385811056,1.0000000000000004
Linear,0.0417859226170808,3.8290407385811056,1.000000000000002
Linear,0.050237728630191596,3.8290407385811056,0.9999999999999959
Linear,0.06039903440804033,3.8290407385811056,1.0000000000000029
Linear,0.07261561095402029,3.8290407385811056,0.9999999999999968
Linear,0.08730316644803322,3.8290407385811056,1.0000000000000024
Linear,0.10496149204995453,3.8290407385811056,0.9999999999999973
Linear,0.1261914688960387,3.8290407385811056,1.0000000000000056
Linear,0.15171551500583677,3.8290407385811056,0.9999999999999979
Linear,0.18240216787118196,3.8290407385811056,1.0000000000000024
Linear,0.21929563922863704,3.8290407385811056,1.0000000000000022
Linear,0.2636513477112815,3.8290407385811056,0.9999999999999944
Linear,0.3169786384922227,3.8290407385811056,0.9999999999999997
Linear,0.38109214359264953,3.8290407385811056,0.9999999999999996
Linear,0.45817353055355475,3.8290407385811056,0.9999999999999988
Linear,0.5508457406676333,3.8290407385811056,1.000000000000002
Linear,0.6622622429651823,3.8290407385811056,0.9999999999999998
Linear,0.7962143411069947,3.8290407385811056,1.0000000000000002
Linear,0.9572601846452766,3.8290407385811056,0.999999999999992
Linear,1.150879874674314,3.8290407385811056,0.9999999999999957
Linear,1.3836619418378735,3.8290407385811056,0.9999999999999997
Linear,1.663527542205342,3.8290407385811056,0.9999999999999961
Linear,2.0,3.8290407385811056,0.999999999999995
Michaelis-Menten,0.02,3.8290407385811056,1.0000007541884883
Michaelis-Menten,0.024045288692348264,3.8290407385811056,1.0000009087290844
Michaelis-Menten,0.02890879541491855,3.8290407385811056,1.0000010954324146
Michaelis-Menten,0.03475601657498751,3.8290407385811056,1.0000013212186003
Michaelis-Menten,0.0417859226170808,3.8290407385811056,1.0000015946009526
Michaelis-Menten,0.050237728630191596,3.8290407385811056,1.0000019261007513
Michaelis-Menten,0.06039903440804033,3.8290407385811056,1.0000023287921085
Michaelis-Menten,0.07261561095402029,3.8290407385811056,1.000002819027058
Michaelis-Menten,0.08730316644803322,3.8290407385811056,1.0000034174150163
Michaelis-Menten,0.10496149204995453,3.8290407385811056,1.000004150167051
Michaelis-Menten,0.1261914688960387,3.8290407385811056,1.0000050509728975
Michaelis-Menten,0.15171551500583677,3.8290407385811056,1.00000616367
Michaelis-Menten,0.18240216787118196,3.8290407385811056,1.000007546112902
Michaelis-Menten,0.21929563922863704,3.8290407385811056,1.0000092758977852
Michaelis-Menten,0.2636513477112815,3.8290407385811056,1.0000114590146447
Michaelis-Menten,0.3169786384922227,3.8290407385811056,1.0000142432237826
Michaelis-Menten,0.38109214359264953,3.8290407385811056,1.0000178392418329
Michaelis-Menten,0.45817353055355475,3.8290407385811056,1.000022555182567
Michaelis-Menten,0.5508457406676333,3.8290407385811056,1.0000288541606244
Michaelis-Menten,0.6622622429651823,3.8290407385811056,1.000037453706375
Michaelis-Menten,0.7962143411069947,3.8290407385811056,1.000049503433513
Michaelis-Menten,0.9572601846452766,3.8290407385811056,1.00006691520713
Michaelis-Menten,1.150879874674314,3.8290407385811056,1.00009300428794
Michaelis-Menten,1.3836619418378735,3.8290407385811056,1.0001337977419422
Michaelis-Menten,1.663527542205342,3.8290407385811056,1.0002008591971208
Michaelis-Menten,2.0,3.8290407385811056,1.0003177907090945
Transporter-state,0.02,3.8290407385811056,1.0015874919807526
Transporter-state,0.024045288692348264,3.8290407385811056,1.0020748052761619
Transporter-state,0.02890879541491855,3.8290407385811056,1.0027565509321936
Transporter-state,0.03475601657498751,3.8290407385811056,1.00373573989611
Transporter-state,0.0417859226170808,3.8290407385811056,1.0051872356347165
Transporter-state,0.050237728630191596,3.8290407385811056,1.0074235089494026
Transporter-state,0.06039903440804033,3.8290407385811056,1.0110399455903596
Transporter-state,0.07261561095402029,3.8290407385811056,1.0172684467833848
Transporter-state,0.08730316644803322,3.8290407385811056,1.0289492908423639
Transporter-state,0.10496149204995453,3.8290407385811056,1.0536228639804817
Transporter-state,0.1261914688960387,3.8290407385811056,1.1143830773300312
Transporter-state,0.15171551500583677,3.8290407385811056,1.2622288505019335
Transporter-state,0.18240216787118196,3.8290407385811056,1.2527191113575482
Transporter-state,0.21929563922863704,3.8290407385811056,0.8525037445840884
Transporter-state,0.2636513477112815,3.8290407385811056,0.8389874253148709
Transporter-state,0.3169786384922227,3.8290407385811056,0.9140944199203371
Transporter-state,0.38109214359264953,3.8290407385811056,0.9608513022808962
Transporter-state,0.45817353055355475,3.8290407385811056,0.9818614612333522
Transporter-state,0.5508457406676333,3.8290407385811056,0.992193260907409
Transporter-state,0.6622622429651823,3.8290407385811056,1.00345163365523
Transporter-state,0.7962143411069947,3.8290407385811056,1.0078197384506293
Transporter-state,0.9572601846452766,3.8290407385811056,1.0085169119183806
Transporter-state,1.150879874674314,3.8290407385811056,1.0084998879306661
Transporter-state,1.3836619418378735,3.8290407385811056,1.0112345567554155
Transporter-state,1.663527542205342,3.8290407385811056,1.0116146998684021
Transporter-state,2.0,3.8290407385811056,1.011214470534808
Linear,0.02,4.603519498697255,1.0000000000000022
Linear,0.024045288692348264,4.603519498697255,0.9999999999999946
Linear,0.02890879541491855,4.603519498697255,1.000000000000004
Linear,0.03475601657498751,4.603519498697255,0.9999999999999998
Linear,0.0417859226170808,4.603519498697255,0.9999999999999993
Linear,0.050237728630191596,4.603519498697255,0.9999999999999972
Linear,0.06039903440804033,4.603519498697255,0.9999999999999969
Linear,0.07261561095402029,4.603519498697255,1.0000000000000029
Linear,0.08730316644803322,4.603519498697255,1.0000000000000002
Linear,0.10496149204995453,4.603519498697255,0.9999999999999986
Linear,0.1261914688960387,4.603519498697255,0.9999999999999997
Linear,0.15171551500583677,4.603519498697255,1.0000000000000029
Linear,0.18240216787118196,4.603519498697255,1.0
Linear,0.21929563922863704,4.603519498697255,1.0000000000000016
Linear,0.2636513477112815,4.603519498697255,0.9999999999999996
Linear,0.3169786384922227,4.603519498697255,1.0000000000000042
Linear,0.38109214359264953,4.603519498697255,0.9999999999999997
Linear,0.45817353055355475,4.603519498697255,0.9999999999999954
Linear,0.5508457406676333,4.603519498697255,0.9999999999999987
Linear,0.6622622429651823,4.603519498697255,0.9999999999999982
Linear,0.7962143411069947,4.603519498697255,1.0
Linear,0.9572601846452766,4.603519498697255,1.0000000000000013
Linear,1.150879874674314,4.603519498697255,1.0000000000000038
Linear,1.3836619418378735,4.603519498697255,0.9999999999999998
Linear,1.663527542205342,4.603519498697255,0.999999999999995
Linear,2.0,4.603519498697255,1.000000000000003
Michaelis-Menten,0.02,4.603519498697255,1.000000097607265
Michaelis-Menten,0.024045288692348264,4.603519498697255,1.0000001176079332
Michaelis-Menten,0.02890879541491855,4.603519498697255,1.0000001417711155
Michaelis-Menten,0.03475601657498751,4.603519498697255,1.000000170992399
Michaelis-Menten,0.0417859226170808,4.603519498697255,1.0000002063735778
Michaelis-Menten,0.050237728630191596,4.603519498697255,1.0000002492763054
Michaelis-Menten,0.06039903440804033,4.603519498697255,1.0000003013926377
Michaelis-Menten,0.07261561095402029,4.603519498697255,1.0000003648388411
Michaelis-Menten,0.08730316644803322,4.603519498697255,1.000000442282178
Michaelis-Menten,0.10496149204995453,4.603519498697255,1.0000005371148486
Michaelis-Menten,0.1261914688960387,4.603519498697255,1.0000006536969432
Michaelis-Menten,0.15171551500583677,4.603519498697255,1.0000007977018417
Michaelis-Menten,0.18240216787118196,4.603519498697255,1.000000976616978
Michaelis-Menten,0.21929563922863704,4.603519498697255,1.0000012004847265
Michaelis-Menten,0.2636513477112815,4.603519498697255,1.0000014830220472
Michaelis-Menten,0.3169786384922227,4.603519498697255,1.0000018433517337
Michaelis-Menten,0.38109214359264953,4.603519498697255,1.0000023087441468
Michaelis-Menten,0.45817353055355475,4.603519498697255,1.0000029190744186
Michaelis-Menten,0.5508457406676333,4.603519498697255,1.0000037342773755
Michaelis-Menten,0.6622622429651823,4.603519498697255,1.0000048472134837
Michaelis-Menten,0.7962143411069947,4.603519498697255,1.000006406662377
Michaelis-Menten,0.9572601846452766,4.603519498697255,1.000008660053607
Michaelis-Menten,1.150879874674314,4.603519498697255,1.000012036447833
Michaelis-Menten,1.3836619418378735,4.603519498697255,1.0000173158922951
Michaelis-Menten,1.663527542205342,4.603519498697255,1.0000259950988253
Michaelis-Menten,2.0,4.603519498697255,1.0000411293782758
Transporter-state,0.02,4.603519498697255,1.0037679786452098
Transporter-state,0.024045288692348264,4.603519498697255,1.0047424902228188
Transporter-state,0.02890879541491855,4.603519498697255,1.0060299122136198
Transporter-state,0.03475601657498751,4.603519498697255,1.0077645901390706
Transporter-state,0.0417859226170808,4.603519498697255,1.0101594414065487
Transporter-state,0.050237728630191596,4.603519498697255,1.013567635219045
Transporter-state,0.06039903440804033,4.603519498697255,1.0186086578855376
Transporter-state,0.07261561095402029,4.603519498697255,1.02644839483626
Transporter-state,0.08730316644803322,4.603519498697255,1.039490773425535
Transporter-state,0.10496149204995453,4.603519498697255,1.063331974425812
Transporter-state,0.1261914688960387,4.603519498697255,1.1132341091289402
Transporter-state,0.15171551500583677,4.603519498697255,1.2367812474062314
Transporter-state,0.18240216787118196,4.603519498697255,1.5083542177778708
Transporter-state,0.21929563922863704,4.603519498697255,1.4390500376389341
Transporter-state,0.2636513477112815,4.603519498697255,0.8765948729610687
Transporter-state,0.3169786384922227,4.603519498697255,0.8586622477386635
Transporter-state,0.38109214359264953,4.603519498697255,0.9327531835403174
Transporter-state,0.45817353055355475,4.603519498697255,0.9713002313591977
Transporter-state,0.5508457406676333,4.603519498697255,0.9873286569899328
Transporter-state,0.6622622429651823,4.603519498697255,1.001796374323804
Transporter-state,0.7962143411069947,4.603519498697255,1.007872218849696
Transporter-state,0.9572601846452766,4.603519498697255,1.010699919998923
Transporter-state,1.150879874674314,4.603519498697255,1.0096779612602216
Transporter-state,1.3836619418378735,4.603519498697255,1.0122746191071321
Transporter-state,1.663527542205342,4.603519498697255,1.0128624494950207
Transporter-state,2.0,4.603519498697255,1.0115342932304925
Linear,0.02,5.534647767351492,1.0000000000000047
Linear,0.024045288692348264,5.534647767351492,0.999999999999994
Linear,0.02890879541491855,5.534647767351492,1.0000000000000089
Linear,0.03475601657498751,5.534647767351492,0.9999999999999908
Linear,0.0417859226170808,5.534647767351492,0.9999999999999993
Linear,0.050237728630191596,5.534647767351492,1.0000000000000004
Linear,0.06039903440804033,5.534647767351492,0.9999999999999966
Linear,0.07261561095402029,5.534647767351492,0.9999999999999961
Linear,0.08730316644803322,5.534647767351492,0.9999999999999869
Linear,0.10496149204995453,5.534647767351492,1.0000000000000024
Linear,0.1261914688960387,5.534647767351492,0.9999999999999934
Linear,0.15171551500583677,5.534647767351492,0.9999999999999946
Linear,0.18240216787118196,5.534647767351492,1.0000000000000047
Linear,0.21929563922863704,5.534647767351492,1.000000000000001
Linear,0.2636513477112815,5.534647767351492,1.0000000000000004
Linear,0.3169786384922227,5.534647767351492,1.000000000000001
Linear,0.38109214359264953,5.534647767351492,1.0000000000000042
Linear,0.45817353055355475,5.534647767351492,0.999999999999997
Linear,0.5508457406676333,5.534647767351492,1.0000000000000053
Linear,0.6622622429651823,5.534647767351492,1.0000000000000013
Linear,0.7962143411069947,5.534647767351492,0.9999999999999958
Linear,0.9572601846452766,5.534647767351492,0.9999999999999988
Linear,1.150879874674314,5.534647767351492,1.0000000000000038
Linear,1.3836619418378735,5.534647767351492,0.9999999999999953
Linear,1.663527542205342,5.534647767351492,0.9999999999999989
Linear,2.0,5.534647767351492,1.000000000000006
Michaelis-Menten,0.02,5.534647767351492,1.0000000085091805
Michaelis-Menten,0.024045288692348264,5.534647767351492,1.0000000102527866
Michaelis-Menten,0.02890879541491855,5.534647767351492,1.00000001235928
Michaelis-Menten,0.03475601657498751,5.534647767351492,1.0000000149067243
Michaelis-Menten,0.0417859226170808,5.534647767351492,1.0000000179911694
Michaelis-Menten,0.050237728630191596,5.534647767351492,1.0000000217313283
Michaelis-Menten,0.06039903440804033,5.534647767351492,1.0000000262747089
Michaelis-Menten,0.07261561095402029,5.534647767351492,1.000000031805807
Michaelis-Menten,0.08730316644803322,5.534647767351492,1.0000000385571293
Michaelis-Menten,0.10496149204995453,5.534647767351492,1.0000000468244286
Michaelis-Menten,0.1261914688960387,5.534647767351492,1.000000056987789
Michaelis-Menten,0.15171551500583677,5.534647767351492,1.0000000695417899
Michaelis-Menten,0.18240216787118196,5.534647767351492,1.0000000851391837
Michaelis-Menten,0.21929563922863704,5.534647767351492,1.0000001046554474
Michaelis-Menten,0.2636513477112815,5.534647767351492,1.0000001292863698
Michaelis-Menten,0.3169786384922227,5.534647767351492,1.000000160699034
Michaelis-Menten,0.38109214359264953,5.534647767351492,1.0000002012708145
Michaelis-Menten,0.45817353055355475,5.534647767351492,1.0000002544779028
Michaelis-Menten,0.5508457406676333,5.534647767351492,1.0000003255452468
Michaelis-Menten,0.6622622429651823,5.534647767351492,1.000000422568187
Michaelis-Menten,0.7962143411069947,5.534647767351492,1.0000005585169185
Michaelis-Menten,0.9572601846452766,5.534647767351492,1.0000007549616765
Michaelis-Menten,1.150879874674314,5.534647767351492,1.000001049306862
Michaelis-Menten,1.3836619418378735,5.534647767351492,1.000001509555162
Michaelis-Menten,1.663527542205342,5.534647767351492,1.0000022661873333
Michaelis-Menten,2.0,5.534647767351492,1.0000035855641047
Transporter-state,0.02,5.534647767351492,1.0058684089865546
Transporter-state,0.024045288692348264,5.534647767351492,1.0072935547412962
Transporter-state,0.02890879541491855,5.534647767351492,1.0091323229177451
Transporter-state,0.03475601657498751,5.534647767351492,1.0115413600739485
Transporter-state,0.0417859226170808,5.534647767351492,1.0147581199340057
Transporter-state,0.050237728630191596,5.534647767351492,1.0191571989140786
Transporter-state,0.06039903440804033,5.534647767351492,1.0253589090572943
Transporter-state,0.07261561095402029,5.534647767351492,1.0344542995364805
Transporter-state,0.08730316644803322,5.534647767351492,1.0485160970423535
Transporter-state,0.10496149204995453,5.534647767351492,1.0719025480813342
Transporter-state,0.1261914688960387,5.534647767351492,1.1151185163092607
Transporter-state,0.15171551500583677,5.534647767351492,1.2082809130879641
Transporter-state,0.18240216787118196,5.534647767351492,1.4442337920587074
Transporter-state,0.21929563922863704,5.534647767351492,1.8784135347003406
Transporter-state,0.2636513477112815,5.534647767351492,1.6671032312972496
Transporter-state,0.3169786384922227,5.534647767351492,0.9031794788211146
Transporter-state,0.38109214359264953,5.534647767351492,0.8788533051593295
Transporter-state,0.45817353055355475,5.534647767351492,0.9488521759449672
Transporter-state,0.5508457406676333,5.534647767351492,0.9790817243848705
Transporter-state,0.6622622429651823,5.534647767351492,0.9944346984056713
Transporter-state,0.7962143411069947,5.534647767351492,1.0075352193099234
Transporter-state,0.9572601846452766,5.534647767351492,1.013994861304991
Transporter-state,1.150879874674314,5.534647767351492,1.011392907239697
Transporter-state,1.3836619418378735,5.534647767351492,1.0134388363667999
Transporter-state,1.663527542205342,5.534647767351492,1.0146070993038867
Transporter-state,2.0,5.534647767351492,1.0122065308044577
Linear,0.02,6.654110168821366,1.0000000000000013
Linear,0.024045288692348264,6.654110168821366,0.9999999999999976
Linear,0.02890879541491855,6.654110168821366,1.0000000000000007
Linear,0.03475601657498751,6.654110168821366,1.0000000000000018
Linear,0.0417859226170808,6.654110168821366,0.9999999999999903
Linear,0.050237728630191596,6.654110168821366,1.0000000000000022
Linear,0.06039903440804033,6.654110168821366,0.9999999999999992
Linear,0.07261561095402029,6.654110168821366,0.9999999999999986
Linear,0.08730316644803322,6.654110168821366,0.9999999999999987
Linear,0.10496149204995453,6.654110168821366,0.999999999999999
Linear,0.1261914688960387,6.654110168821366,0.9999999999999994
Linear,0.15171551500583677,6.654110168821366,1.0000000000000009
Linear,0.18240216787118196,6.654110168821366,1.0000000000000047
Linear,0.21929563922863704,6.654110168821366,1.000000000000002
Linear,0.2636513477112815,6.654110168821366,0.9999999999999981
Linear,0.3169786384922227,6.654110168821366,1.0000000000000036
Linear,0.38109214359264953,6.654110168821366,1.0000000000000016
Linear,0.45817353055355475,6.654110168821366,0.9999999999999907
Linear,0.5508457406676333,6.654110168821366,1.0000000000000027
Linear,0.6622622429651823,6.654110168821366,0.9999999999999988
Linear,0.7962143411069947,6.654110168821366,0.9999999999999869
Linear,0.9572601846452766,6.654110168821366,0.9999999999999968
Linear,1.150879874674314,6.654110168821366,0.9999999999999979
Linear,1.3836619418378735,6.654110168821366,1.0000000000000036
Linear,1.663527542205342,6.654110168821366,0.9999999999999967
Linear,2.0,6.654110168821366,1.000000000000004
Michaelis-Menten,0.02,6.654110168821366,1.000000000452116
Michaelis-Menten,0.024045288692348264,6.654110168821366,1.000000000544751
Michaelis-Menten,0.02890879541491855,6.654110168821366,1.0000000006566783
Michaelis-Menten,0.03475601657498751,6.654110168821366,1.0000000007920298
Michaelis-Menten,0.0417859226170808,6.654110168821366,1.0000000009559038
Michaelis-Menten,0.050237728630191596,6.654110168821366,1.0000000011546362
Michaelis-Menten,0.06039903440804033,6.654110168821366,1.0000000013960364
Michaelis-Menten,0.07261561095402029,6.654110168821366,1.0000000016899107
Michaelis-Menten,0.08730316644803322,6.654110168821366,1.0000000020486282
Michaelis-Menten,0.10496149204995453,6.654110168821366,1.0000000024878888
Michaelis-Menten,0.1261914688960387,6.654110168821366,1.0000000030278864
Michaelis-Menten,0.15171551500583677,6.654110168821366,1.0000000036949015
Michaelis-Menten,0.18240216787118196,6.654110168821366,1.000000004523624
Michaelis-Menten,0.21929563922863704,6.654110168821366,1.000000005560571
Michaelis-Menten,0.2636513477112815,6.654110168821366,1.0000000068692592
Michaelis-Menten,0.3169786384922227,6.654110168821366,1.0000000085382774
Michaelis-Menten,0.38109214359264953,6.654110168821366,1.0000000106939329
Michaelis-Menten,0.45817353055355475,6.654110168821366,1.000000013520958
Michaelis-Menten,0.5508457406676333,6.654110168821366,1.000000017296902
Michaelis-Menten,0.6622622429651823,6.654110168821366,1.0000000224519305
Michaelis-Menten,0.7962143411069947,6.654110168821366,1.0000000296751794
Michaelis-Menten,0.9572601846452766,6.654110168821366,1.0000000401126883
Michaelis-Menten,1.150879874674314,6.654110168821366,1.000000055751866
Michaelis-Menten,1.3836619418378735,6.654110168821366,1.0000000802058102
Michaelis-Menten,1.663527542205342,6.654110168821366,1.0000001204072524
Michaelis-Menten,2.0,6.654110168821366,1.0000001905085312
Transporter-state,0.02,6.654110168821366,1.0077555442721997
Transporter-state,0.024045288692348264,6.654110168821366,1.0095700139528008
Transporter-state,0.02890879541491855,6.654110168821366,1.0118776256545001
Transporter-state,0.03475601657498751,6.654110168821366,1.01484876111266
Transporter-state,0.0417859226170808,6.654110168821366,1.0187332471761146
Transporter-state,0.050237728630191596,6.654110168821366,1.0239105016723151
Transporter-state,0.06039903440804033,6.654110168821366,1.030981749704335
Transporter-state,0.07261561095402029,6.654110168821366,1.0409508331789359
Transporter-state,0.08730316644803322,6.654110168821366,1.0556081239728528
Transporter-state,0.10496149204995453,6.654110168821366,1.0784324177915723
Transporter-state,0.1261914688960387,6.654110168821366,1.1170043148262006
Transporter-state,0.15171551500583677,6.654110168821366,1.1906088050331358
Transporter-state,0.18240216787118196,6.654110168821366,1.3579098967410248
Transporter-state,0.21929563922863704,6.654110168821366,1.7807518611446795
Transporter-state,0.2636513477112815,6.654110168821366,2.367347447230895
Transporter-state,0.3169786384922227,6.654110168821366,1.9132671169832967
Transporter-state,0.38109214359264953,6.654110168821366,0.928502566424066
Transporter-state,0.45817353055355475,6.654110168821366,0.899205408239143
Transporter-state,0.5508457406676333,6.654110168821366,0.9615338722950999
Transporter-state,0.6622622429651823,6.654110168821366,0.9856062681638571
Transporter-state,0.7962143411069947,6.654110168821366,1.0070007239724057
Transporter-state,0.9572601846452766,6.654110168821366,1.0156288017666764
Transporter-state,1.150879874674314,6.654110168821366,1.0134931514580605
Transporter-state,1.3836619418378735,6.654110168821366,1.014655005697395
Transporter-state,1.663527542205342,6.654110168821366,1.0161479372552886
Transporter-state,2.0,6.654110168821366,1.0127670519692273
Linear,0.02,8.0,1.000000000000003
Linear,0.024045288692348264,8.0,1.0000000000000036
Linear,0.02890879541491855,8.0,1.0000000000000009
Linear,0.03475601657498751,8.0,1.0000000000000056
Linear,0.0417859226170808,8.0,0.9999999999999989
Linear,0.050237728630191596,8.0,1.00000000000001
Linear,0.06039903440804033,8.0,1.0000000000000013
Linear,0.07261561095402029,8.0,1.0000000000000064
Linear,0.08730316644803322,8.0,1.0000000000000058
Linear,0.10496149204995453,8.0,1.000000000000002
Linear,0.1261914688960387,8.0,1.0000000000000049
Linear,0.15171551500583677,8.0,1.0000000000000022
Linear,0.18240216787118196,8.0,1.0000000000000144
Linear,0.21929563922863704,8.0,0.9999999999999959
Linear,0.2636513477112815,8.0,1.0000000000000069
Linear,0.3169786384922227,8.0,1.0000000000000124
Linear,0.38109214359264953,8.0,1.0000000000000029
Linear,0.45817353055355475,8.0,0.999999999999989
Linear,0.5508457406676333,8.0,1.000000000000005
Linear,0.6622622429651823,8.0,1.0000000000000038
Linear,0.7962143411069947,8.0,0.9999999999999966
Linear,0.9572601846452766,8.0,1.0000000000000013
Linear,1.150879874674314,8.0,1.000000000000001
Linear,1.3836619418378735,8.0,1.0000000000000058
Linear,1.663527542205342,8.0,1.0000000000000018
Linear,2.0,8.0,1.0000000000000127
Michaelis-Menten,0.02,8.0,1.0000000000132478
Michaelis-Menten,0.024045288692348264,8.0,1.0000000000159588
Michaelis-Menten,0.02890879541491855,8.0,1.0000000000192373
Michaelis-Menten,0.03475601657498751,8.0,1.0000000000232023
Michaelis-Menten,0.0417859226170808,8.0,1.0000000000279954
Michaelis-Menten,0.050237728630191596,8.0,1.0000000000338243
Michaelis-Menten,0.06039903440804033,8.0,1.000000000040893
Michaelis-Menten,0.07261561095402029,8.0,1.0000000000495008
Michaelis-Menten,0.08730316644803322,8.0,1.0000000000600082
Michaelis-Menten,0.10496149204995453,8.0,1.0000000000728775
Michaelis-Menten,0.1261914688960387,8.0,1.000000000088697
Michaelis-Menten,0.15171551500583677,8.0,1.0000000001082252
Michaelis-Menten,0.18240216787118196,8.0,1.0000000001324973
Michaelis-Menten,0.21929563922863704,8.0,1.000000000162873
Michaelis-Menten,0.2636513477112815,8.0,1.0000000002011966
Michaelis-Menten,0.3169786384922227,8.0,1.0000000002500815
Michaelis-Menten,0.38109214359264953,8.0,1.000000000313224
Michaelis-Menten,0.45817353055355475,8.0,1.0000000003960363
Michaelis-Menten,0.5508457406676333,8.0,1.0000000005066239
Michaelis-Menten,0.6622622429651823,8.0,1.0000000006576082
Michaelis-Menten,0.7962143411069947,8.0,1.000000000869187
Michaelis-Menten,0.9572601846452766,8.0,1.000000001174893
Michaelis-Menten,1.150879874674314,8.0,1.0000000016329593
Michaelis-Menten,1.3836619418378735,8.0,1.0000000023492126
Michaelis-Menten,1.663527542205342,8.0,1.0000000035266918
Michaelis-Menten,2.0,8.0,1.0000000055799383
Transporter-state,0.02,8.0,1.0093315983834565
Transporter-state,0.024045288692348264,8.0,1.01145801384373
Transporter-state,0.02890879541491855,8.0,1.014134769967309
Transporter-state,0.03475601657498751,8.0,1.0175384792854696
Transporter-state,0.0417859226170808,8.0,1.0219212340835286
Transporter-state,0.050237728630191596,8.0,1.027654229896543
Transporter-state,0.06039903440804033,8.0,1.0353048811267376
Transporter-state,0.07261561095402029,8.0,1.045781155480497
Transporter-state,0.08730316644803322,8.0,1.060621367150646
Transporter-state,0.10496149204995453,8.0,1.0826296485382958
Transporter-state,0.1261914688960387,8.0,1.1174361069664085
Transporter-state,0.15171551500583677,8.0,1.1779275270461786
Transporter-state,0.18240216787118196,8.0,1.2992075460076025
Transporter-state,0.21929563922863704,8.0,1.5925513104895874
Transporter-state,0.2636513477112815,8.0,2.282733374971193
Transporter-state,0.3169786384922227,8.0,2.9298424156050182
Transporter-state,0.38109214359264953,8.0,2.162184700843536
Transporter-state,0.45817353055355475,8.0,0.9530382040459594
Transporter-state,0.5508457406676333,8.0,0.9177732326525703
Transporter-state,0.6622622429651823,8.0,0.9714234547581923
Transporter-state,0.7962143411069947,8.0,0.9966442023200028
Transporter-state,0.9572601846452766,8.0,1.0143877320211205
Transporter-state,1.150879874674314,8.0,1.017586256180144
Transporter-state,1.3836619418378735,8.0,1.016436746711506
Transporter-state,1.663527542205342,8.0,1.0182811021280034
Transporter-state,2.0,8.0,1.014080584211678
