run,model,pattern,release_cv,peak_km,auc_km_ms,excess_auc_km_ms,clearance_ms,minimum_free_fraction
0,Linear,Tonic,0.0,0.25,1.8667690465374907,0.0,1.68,1.0
1,Linear,Tonic,0.0,0.25,1.8667690465374907,0.0,1.68,1.0
2,Linear,Tonic,0.0,0.25,1.8667690465374907,0.0,1.68,1.0
3,Linear,Tonic,0.0,0.25,1.8667690465374907,0.0,1.68,1.0
4,Linear,Tonic,0.0,0.25,1.8667690465374907,0.0,1.68,1.0
5,Linear,Tonic,0.0,0.25,1.8667690465374907,0.0,1.68,1.0
6,Linear,Tonic,0.0,0.25,1.8667690465374907,0.0,1.68,1.0
7,Linear,Tonic,0.0,0.25,1.8667690465374907,0.0,1.68,1.0
8,Linear,Tonic,0.0,0.25,1.8667690465374907,0.0,1.68,1.0
9,Linear,Tonic,0.0,0.25,1.8667690465374907,0.0,1.68,1.0
10,Linear,Tonic,0.0,0.25,1.8667690465374907,0.0,1.68,1.0
11,Linear,Tonic,0.0,0.25,1.8667690465374907,0.0,1.68,1.0
12,Linear,Tonic,0.0,0.25,1.8667690465374907,0.0,1.68,1.0
13,Linear,Tonic,0.0,0.25,1.8667690465374907,0.0,1.68,1.0
14,Linear,Tonic,0.0,0.25,1.8667690465374907,0.0,1.68,1.0
15,Linear,Tonic,0.0,0.25,1.8667690465374907,0.0,1.68,1.0
16,Linear,Tonic,0.0,0.25,1.8667690465374907,0.0,1.68,1.0
17,Linear,Tonic,0.0,0.25,1.8667690465374907,0.0,1.68,1.0
18,Linear,Tonic,0.0,0.25,1.8667690465374907,0.0,1.68,1.0
19,Linear,Tonic,0.0,0.25,1.8667690465374907,0.0,1.68,1.0
20,Linear,Tonic,0.0,0.25,1.8667690465374907,0.0,1.68,1.0
21,Linear,Tonic,0.0,0.25,1.8667690465374907,0.0,1.68,1.0
22,Linear,Tonic,0.0,0.25,1.8667690465374907,0.0,1.68,1.0
23,Linear,Tonic,0.0,0.25,1.8667690465374907,0.0,1.68,1.0
24,Linear,Tonic,0.0,0.25,1.8667690465374907,0.0,1.68,1.0
25,Linear,Tonic,0.0,0.25,1.8667690465374907,0.0,1.68,1.0
26,Linear,Tonic,0.0,0.25,1.8667690465374907,0.0,1.68,1.0
27,Linear,Tonic,0.0,0.25,1.8667690465374907,0.0,1.68,1.0
28,Linear,Tonic,0.0,0.25,1.8667690465374907,0.0,1.68,1.0
29,Linear,Tonic,0.0,0.25,1.8667690465374907,0.0,1.68,1.0
30,Linear,Tonic,0.0,0.25,1.8667690465374907,0.0,1.68,1.0
31,Linear,Tonic,0.0,0.25,1.8667690465374907,0.0,1.68,1.0
32,Linear,Tonic,0.0,0.25,1.8667690465374907,0.0,1.68,1.0
33,Linear,Tonic,0.0,0.25,1.8667690465374907,0.0,1.68,1.0
34,Linear,Tonic,0.0,0.25,1.8667690465374907,0.0,1.68,1.0
35,Linear,Tonic,0.0,0.25,1.8667690465374907,0.0,1.68,1.0
36,Linear,Tonic,0.0,0.25,1.8667690465374907,0.0,1.68,1.0
37,Linear,Tonic,0.0,0.25,1.8667690465374907,0.0,1.68,1.0
38,Linear,Tonic,0.0,0.25,1.8667690465374907,0.0,1.68,1.0
39,Linear,Tonic,0.0,0.25,1.8667690465374907,0.0,1.68,1.0
40,Linear,Tonic,0.0,0.25,1.8667690465374907,0.0,1.68,1.0
41,Linear,Tonic,0.0,0.25,1.8667690465374907,0.0,1.68,1.0
42,Linear,Tonic,0.0,0.25,1.8667690465374907,0.0,1.68,1.0
43,Linear,Tonic,0.0,0.25,1.8667690465374907,0.0,1.68,1.0
44,Linear,Tonic,0.0,0.25,1.8667690465374907,0.0,1.68,1.0
45,Linear,Tonic,0.0,0.25,1.8667690465374907,0.0,1.68,1.0
46,Linear,Tonic,0.0,0.25,1.8667690465374907,0.0,1.68,1.0
47,Linear,Tonic,0.0,0.25,1.8667690465374907,0.0,1.68,1.0
48,Linear,Tonic,0.0,0.25,1.8667690465374907,0.0,1.68,1.0
49,Linear,Tonic,0.0,0.25,1.8667690465374907,0.0,1.68,1.0
50,Linear,Tonic,0.0,0.25,1.8667690465374907,0.0,1.68,1.0
51,Linear,Tonic,0.0,0.25,1.8667690465374907,0.0,1.68,1.0
52,Linear,Tonic,0.0,0.25,1.8667690465374907,0.0,1.68,1.0
53,Linear,Tonic,0.0,0.25,1.8667690465374907,0.0,1.68,1.0
54,Linear,Tonic,0.0,0.25,1.8667690465374907,0.0,1.68,1.0
55,Linear,Tonic,0.0,0.25,1.8667690465374907,0.0,1.68,1.0
56,Linear,Tonic,0.0,0.25,1.8667690465374907,0.0,1.68,1.0
57,Linear,Tonic,0.0,0.25,1.8667690465374907,0.0,1.68,1.0
58,Linear,Tonic,0.0,0.25,1.8667690465374907,0.0,1.68,1.0
59,Linear,Tonic,0.0,0.25,1.8667690465374907,0.0,1.68,1.0
60,Linear,Tonic,0.0,0.25,1.8667690465374907,0.0,1.68,1.0
61,Linear,Tonic,0.0,0.25,1.8667690465374907,0.0,1.68,1.0
62,Linear,Tonic,0.0,0.25,1.8667690465374907,0.0,1.68,1.0
63,Linear,Tonic,0.0,0.25,1.8667690465374907,0.0,1.68,1.0
64,Linear,Tonic,0.0,0.25,1.8667690465374907,0.0,1.68,1.0
65,Linear,Tonic,0.0,0.25,1.8667690465374907,0.0,1.68,1.0
66,Linear,Tonic,0.0,0.25,1.8667690465374907,0.0,1.68,1.0
67,Linear,Tonic,0.0,0.25,1.8667690465374907,0.0,1.68,1.0
68,Linear,Tonic,0.0,0.25,1.8667690465374907,0.0,1.68,1.0
69,Linear,Tonic,0.0,0.25,1.8667690465374907,0.0,1.68,1.0
70,Linear,Tonic,0.0,0.25,1.8667690465374907,0.0,1.68,1.0
71,Linear,Tonic,0.0,0.25,1.8667690465374907,0.0,1.68,1.0
72,Linear,Tonic,0.0,0.25,1.8667690465374907,0.0,1.68,1.0
73,Linear,Tonic,0.0,0.25,1.8667690465374907,0.0,1.68,1.0
74,Linear,Tonic,0.0,0.25,1.8667690465374907,0.0,1.68,1.0
75,Linear,Tonic,0.0,0.25,1.8667690465374907,0.0,1.68,1.0
76,Linear,Tonic,0.0,0.25,1.8667690465374907,0.0,1.68,1.0
77,Linear,Tonic,0.0,0.25,1.8667690465374907,0.0,1.68,1.0
78,Linear,Tonic,0.0,0.25,1.8667690465374907,0.0,1.68,1.0
79,Linear,Tonic,0.0,0.25,1.8667690465374907,0.0,1.68,1.0
80,Linear,Tonic,0.0,0.25,1.8667690465374907,0.0,1.68,1.0
81,Linear,Tonic,0.0,0.25,1.8667690465374907,0.0,1.68,1.0
82,Linear,Tonic,0.0,0.25,1.8667690465374907,0.0,1.68,1.0
83,Linear,Tonic,0.0,0.25,1.8667690465374907,0.0,1.68,1.0
84,Linear,Tonic,0.0,0.25,1.8667690465374907,0.0,1.68,1.0
85,Linear,Tonic,0.0,0.25,1.8667690465374907,0.0,1.68,1.0
86,Linear,Tonic,0.0,0.25,1.8667690465374907,0.0,1.68,1.0
87,Linear,Tonic,0.0,0.25,1.8667690465374907,0.0,1.68,1.0
88,Linear,Tonic,0.0,0.25,1.8667690465374907,0.0,1.68,1.0
89,Linear,Tonic,0.0,0.25,1.8667690465374907,0.0,1.68,1.0
90,Linear,Tonic,0.0,0.25,1.8667690465374907,0.0,1.68,1.0
91,Linear,Tonic,0.0,0.25,1.8667690465374907,0.0,1.68,1.0
92,Linear,Tonic,0.0,0.25,1.8667690465374907,0.0,1.68,1.0
93,Linear,Tonic,0.0,0.25,1.8667690465374907,0.0,1.68,1.0
94,Linear,Tonic,0.0,0.25,1.8667690465374907,0.0,1.68,1.0
95,Linear,Tonic,0.0,0.25,1.8667690465374907,0.0,1.68,1.0
96,Linear,Tonic,0.0,0.25,1.8667690465374907,0.0,1.68,1.0
97,Linear,Tonic,0.0,0.25,1.8667690465374907,0.0,1.68,1.0
98,Linear,Tonic,0.0,0.25,1.8667690465374907,0.0,1.68,1.0
99,Linear,Tonic,0.0,0.25,1.8667690465374907,0.0,1.68,1.0
100,Linear,Tonic,0.0,0.25,1.8667690465374907,0.0,1.68,1.0
101,Linear,Tonic,0.0,0.25,1.8667690465374907,0.0,1.68,1.0
102,Linear,Tonic,0.0,0.25,1.8667690465374907,0.0,1.68,1.0
103,Linear,Tonic,0.0,0.25,1.8667690465374907,0.0,1.68,1.0
104,Linear,Tonic,0.0,0.25,1.8667690465374907,0.0,1.68,1.0
105,Linear,Tonic,0.0,0.25,1.8667690465374907,0.0,1.68,1.0
106,Linear,Tonic,0.0,0.25,1.8667690465374907,0.0,1.68,1.0
107,Linear,Tonic,0.0,0.25,1.8667690465374907,0.0,1.68,1.0
108,Linear,Tonic,0.0,0.25,1.8667690465374907,0.0,1.68,1.0
109,Linear,Tonic,0.0,0.25,1.8667690465374907,0.0,1.68,1.0
110,Linear,Tonic,0.0,0.25,1.8667690465374907,0.0,1.68,1.0
111,Linear,Tonic,0.0,0.25,1.8667690465374907,0.0,1.68,1.0
112,Linear,Tonic,0.0,0.25,1.8667690465374907,0.0,1.68,1.0
113,Linear,Tonic,0.0,0.25,1.8667690465374907,0.0,1.68,1.0
114,Linear,Tonic,0.0,0.25,1.8667690465374907,0.0,1.68,1.0
115,Linear,Tonic,0.0,0.25,1.8667690465374907,0.0,1.68,1.0
116,Linear,Tonic,0.0,0.25,1.8667690465374907,0.0,1.68,1.0
117,Linear,Tonic,0.0,0.25,1.8667690465374907,0.0,1.68,1.0
118,Linear,Tonic,0.0,0.25,1.8667690465374907,0.0,1.68,1.0
119,Linear,Tonic,0.0,0.25,1.8667690465374907,0.0,1.68,1.0
120,Linear,Tonic,0.0,0.25,1.8667690465374907,0.0,1.68,1.0
121,Linear,Tonic,0.0,0.25,1.8667690465374907,0.0,1.68,1.0
122,Linear,Tonic,0.0,0.25,1.8667690465374907,0.0,1.68,1.0
123,Linear,Tonic,0.0,0.25,1.8667690465374907,0.0,1.68,1.0
124,Linear,Tonic,0.0,0.25,1.8667690465374907,0.0,1.68,1.0
125,Linear,Tonic,0.0,0.25,1.8667690465374907,0.0,1.68,1.0
126,Linear,Tonic,0.0,0.25,1.8667690465374907,0.0,1.68,1.0
127,Linear,Tonic,0.0,0.25,1.8667690465374907,0.0,1.68,1.0
128,Linear,Tonic,0.0,0.25,1.8667690465374907,0.0,1.68,1.0
129,Linear,Tonic,0.0,0.25,1.8667690465374907,0.0,1.68,1.0
130,Linear,Tonic,0.0,0.25,1.8667690465374907,0.0,1.68,1.0
131,Linear,Tonic,0.0,0.25,1.8667690465374907,0.0,1.68,1.0
132,Linear,Tonic,0.0,0.25,1.8667690465374907,0.0,1.68,1.0
133,Linear,Tonic,0.0,0.25,1.8667690465374907,0.0,1.68,1.0
134,Linear,Tonic,0.0,0.25,1.8667690465374907,0.0,1.68,1.0
135,Linear,Tonic,0.0,0.25,1.8667690465374907,0.0,1.68,1.0
136,Linear,Tonic,0.0,0.25,1.8667690465374907,0.0,1.68,1.0
137,Linear,Tonic,0.0,0.25,1.8667690465374907,0.0,1.68,1.0
138,Linear,Tonic,0.0,0.25,1.8667690465374907,0.0,1.68,1.0
139,Linear,Tonic,0.0,0.25,1.8667690465374907,0.0,1.68,1.0
140,Linear,Tonic,0.0,0.25,1.8667690465374907,0.0,1.68,1.0
141,Linear,Tonic,0.0,0.25,1.8667690465374907,0.0,1.68,1.0
142,Linear,Tonic,0.0,0.25,1.8667690465374907,0.0,1.68,1.0
143,Linear,Tonic,0.0,0.25,1.8667690465374907,0.0,1.68,1.0
144,Linear,Tonic,0.0,0.25,1.8667690465374907,0.0,1.68,1.0
145,Linear,Tonic,0.0,0.25,1.8667690465374907,0.0,1.68,1.0
146,Linear,Tonic,0.0,0.25,1.8667690465374907,0.0,1.68,1.0
147,Linear,Tonic,0.0,0.25,1.8667690465374907,0.0,1.68,1.0
148,Linear,Tonic,0.0,0.25,1.8667690465374907,0.0,1.68,1.0
149,Linear,Tonic,0.0,0.25,1.8667690465374907,0.0,1.68,1.0
150,Linear,Tonic,0.0,0.25,1.8667690465374907,0.0,1.68,1.0
151,Linear,Tonic,0.0,0.25,1.8667690465374907,0.0,1.68,1.0
152,Linear,Tonic,0.0,0.25,1.8667690465374907,0.0,1.68,1.0
153,Linear,Tonic,0.0,0.25,1.8667690465374907,0.0,1.68,1.0
154,Linear,Tonic,0.0,0.25,1.8667690465374907,0.0,1.68,1.0
155,Linear,Tonic,0.0,0.25,1.8667690465374907,0.0,1.68,1.0
156,Linear,Tonic,0.0,0.25,1.8667690465374907,0.0,1.68,1.0
157,Linear,Tonic,0.0,0.25,1.8667690465374907,0.0,1.68,1.0
158,Linear,Tonic,0.0,0.25,1.8667690465374907,0.0,1.68,1.0
159,Linear,Tonic,0.0,0.25,1.8667690465374907,0.0,1.68,1.0
160,Linear,Tonic,0.0,0.25,1.8667690465374907,0.0,1.68,1.0
161,Linear,Tonic,0.0,0.25,1.8667690465374907,0.0,1.68,1.0
162,Linear,Tonic,0.0,0.25,1.8667690465374907,0.0,1.68,1.0
163,Linear,Tonic,0.0,0.25,1.8667690465374907,0.0,1.68,1.0
164,Linear,Tonic,0.0,0.25,1.8667690465374907,0.0,1.68,1.0
165,Linear,Tonic,0.0,0.25,1.8667690465374907,0.0,1.68,1.0
166,Linear,Tonic,0.0,0.25,1.8667690465374907,0.0,1.68,1.0
167,Linear,Tonic,0.0,0.25,1.8667690465374907,0.0,1.68,1.0
168,Linear,Tonic,0.0,0.25,1.8667690465374907,0.0,1.68,1.0
169,Linear,Tonic,0.0,0.25,1.8667690465374907,0.0,1.68,1.0
170,Linear,Tonic,0.0,0.25,1.8667690465374907,0.0,1.68,1.0
171,Linear,Tonic,0.0,0.25,1.8667690465374907,0.0,1.68,1.0
172,Linear,Tonic,0.0,0.25,1.8667690465374907,0.0,1.68,1.0
173,Linear,Tonic,0.0,0.25,1.8667690465374907,0.0,1.68,1.0
174,Linear,Tonic,0.0,0.25,1.8667690465374907,0.0,1.68,1.0
175,Linear,Tonic,0.0,0.25,1.8667690465374907,0.0,1.68,1.0
176,Linear,Tonic,0.0,0.25,1.8667690465374907,0.0,1.68,1.0
177,Linear,Tonic,0.0,0.25,1.8667690465374907,0.0,1.68,1.0
178,Linear,Tonic,0.0,0.25,1.8667690465374907,0.0,1.68,1.0
179,Linear,Tonic,0.0,0.25,1.8667690465374907,0.0,1.68,1.0
180,Linear,Tonic,0.0,0.25,1.8667690465374907,0.0,1.68,1.0
181,Linear,Tonic,0.0,0.25,1.8667690465374907,0.0,1.68,1.0
182,Linear,Tonic,0.0,0.25,1.8667690465374907,0.0,1.68,1.0
183,Linear,Tonic,0.0,0.25,1.8667690465374907,0.0,1.68,1.0
184,Linear,Tonic,0.0,0.25,1.8667690465374907,0.0,1.68,1.0
185,Linear,Tonic,0.0,0.25,1.8667690465374907,0.0,1.68,1.0
186,Linear,Tonic,0.0,0.25,1.8667690465374907,0.0,1.68,1.0
187,Linear,Tonic,0.0,0.25,1.8667690465374907,0.0,1.68,1.0
188,Linear,Tonic,0.0,0.25,1.8667690465374907,0.0,1.68,1.0
189,Linear,Tonic,0.0,0.25,1.8667690465374907,0.0,1.68,1.0
190,Linear,Tonic,0.0,0.25,1.8667690465374907,0.0,1.68,1.0
191,Linear,Tonic,0.0,0.25,1.8667690465374907,0.0,1.68,1.0
192,Linear,Tonic,0.0,0.25,1.8667690465374907,0.0,1.68,1.0
193,Linear,Tonic,0.0,0.25,1.8667690465374907,0.0,1.68,1.0
194,Linear,Tonic,0.0,0.25,1.8667690465374907,0.0,1.68,1.0
195,Linear,Tonic,0.0,0.25,1.8667690465374907,0.0,1.68,1.0
196,Linear,Tonic,0.0,0.25,1.8667690465374907,0.0,1.68,1.0
197,Linear,Tonic,0.0,0.25,1.8667690465374907,0.0,1.68,1.0
198,Linear,Tonic,0.0,0.25,1.8667690465374907,0.0,1.68,1.0
199,Linear,Tonic,0.0,0.25,1.8667690465374907,0.0,1.68,1.0
200,Linear,Tonic,0.0,0.25,1.8667690465374907,0.0,1.68,1.0
201,Linear,Tonic,0.0,0.25,1.8667690465374907,0.0,1.68,1.0
202,Linear,Tonic,0.0,0.25,1.8667690465374907,0.0,1.68,1.0
203,Linear,Tonic,0.0,0.25,1.8667690465374907,0.0,1.68,1.0
204,Linear,Tonic,0.0,0.25,1.8667690465374907,0.0,1.68,1.0
205,Linear,Tonic,0.0,0.25,1.8667690465374907,0.0,1.68,1.0
206,Linear,Tonic,0.0,0.25,1.8667690465374907,0.0,1.68,1.0
207,Linear,Tonic,0.0,0.25,1.8667690465374907,0.0,1.68,1.0
208,Linear,Tonic,0.0,0.25,1.8667690465374907,0.0,1.68,1.0
209,Linear,Tonic,0.0,0.25,1.8667690465374907,0.0,1.68,1.0
210,Linear,Tonic,0.0,0.25,1.8667690465374907,0.0,1.68,1.0
211,Linear,Tonic,0.0,0.25,1.8667690465374907,0.0,1.68,1.0
212,Linear,Tonic,0.0,0.25,1.8667690465374907,0.0,1.68,1.0
213,Linear,Tonic,0.0,0.25,1.8667690465374907,0.0,1.68,1.0
214,Linear,Tonic,0.0,0.25,1.8667690465374907,0.0,1.68,1.0
215,Linear,Tonic,0.0,0.25,1.8667690465374907,0.0,1.68,1.0
216,Linear,Tonic,0.0,0.25,1.8667690465374907,0.0,1.68,1.0
217,Linear,Tonic,0.0,0.25,1.8667690465374907,0.0,1.68,1.0
218,Linear,Tonic,0.0,0.25,1.8667690465374907,0.0,1.68,1.0
219,Linear,Tonic,0.0,0.25,1.8667690465374907,0.0,1.68,1.0
220,Linear,Tonic,0.0,0.25,1.8667690465374907,0.0,1.68,1.0
221,Linear,Tonic,0.0,0.25,1.8667690465374907,0.0,1.68,1.0
222,Linear,Tonic,0.0,0.25,1.8667690465374907,0.0,1.68,1.0
223,Linear,Tonic,0.0,0.25,1.8667690465374907,0.0,1.68,1.0
224,Linear,Tonic,0.0,0.25,1.8667690465374907,0.0,1.68,1.0
225,Linear,Tonic,0.0,0.25,1.8667690465374907,0.0,1.68,1.0
226,Linear,Tonic,0.0,0.25,1.8667690465374907,0.0,1.68,1.0
227,Linear,Tonic,0.0,0.25,1.8667690465374907,0.0,1.68,1.0
228,Linear,Tonic,0.0,0.25,1.8667690465374907,0.0,1.68,1.0
229,Linear,Tonic,0.0,0.25,1.8667690465374907,0.0,1.68,1.0
230,Linear,Tonic,0.0,0.25,1.8667690465374907,0.0,1.68,1.0
231,Linear,Tonic,0.0,0.25,1.8667690465374907,0.0,1.68,1.0
232,Linear,Tonic,0.0,0.25,1.8667690465374907,0.0,1.68,1.0
233,Linear,Tonic,0.0,0.25,1.8667690465374907,0.0,1.68,1.0
234,Linear,Tonic,0.0,0.25,1.8667690465374907,0.0,1.68,1.0
235,Linear,Tonic,0.0,0.25,1.8667690465374907,0.0,1.68,1.0
236,Linear,Tonic,0.0,0.25,1.8667690465374907,0.0,1.68,1.0
237,Linear,Tonic,0.0,0.25,1.8667690465374907,0.0,1.68,1.0
238,Linear,Tonic,0.0,0.25,1.8667690465374907,0.0,1.68,1.0
239,Linear,Tonic,0.0,0.25,1.8667690465374907,0.0,1.68,1.0
240,Linear,Tonic,0.0,0.25,1.8667690465374907,0.0,1.68,1.0
241,Linear,Tonic,0.0,0.25,1.8667690465374907,0.0,1.68,1.0
242,Linear,Tonic,0.0,0.25,1.8667690465374907,0.0,1.68,1.0
243,Linear,Tonic,0.0,0.25,1.8667690465374907,0.0,1.68,1.0
244,Linear,Tonic,0.0,0.25,1.8667690465374907,0.0,1.68,1.0
245,Linear,Tonic,0.0,0.25,1.8667690465374907,0.0,1.68,1.0
246,Linear,Tonic,0.0,0.25,1.8667690465374907,0.0,1.68,1.0
247,Linear,Tonic,0.0,0.25,1.8667690465374907,0.0,1.68,1.0
248,Linear,Tonic,0.0,0.25,1.8667690465374907,0.0,1.68,1.0
249,Linear,Tonic,0.0,0.25,1.8667690465374907,0.0,1.68,1.0
250,Linear,Tonic,0.0,0.25,1.8667690465374907,0.0,1.68,1.0
251,Linear,Tonic,0.0,0.25,1.8667690465374907,0.0,1.68,1.0
252,Linear,Tonic,0.0,0.25,1.8667690465374907,0.0,1.68,1.0
253,Linear,Tonic,0.0,0.25,1.8667690465374907,0.0,1.68,1.0
254,Linear,Tonic,0.0,0.25,1.8667690465374907,0.0,1.68,1.0
255,Linear,Tonic,0.0,0.25,1.8667690465374907,0.0,1.68,1.0
256,Linear,Tonic,0.0,0.25,1.8667690465374907,0.0,1.68,1.0
257,Linear,Tonic,0.0,0.25,1.8667690465374907,0.0,1.68,1.0
258,Linear,Tonic,0.0,0.25,1.8667690465374907,0.0,1.68,1.0
259,Linear,Tonic,0.0,0.25,1.8667690465374907,0.0,1.68,1.0
260,Linear,Tonic,0.0,0.25,1.8667690465374907,0.0,1.68,1.0
261,Linear,Tonic,0.0,0.25,1.8667690465374907,0.0,1.68,1.0
262,Linear,Tonic,0.0,0.25,1.8667690465374907,0.0,1.68,1.0
263,Linear,Tonic,0.0,0.25,1.8667690465374907,0.0,1.68,1.0
264,Linear,Tonic,0.0,0.25,1.8667690465374907,0.0,1.68,1.0
265,Linear,Tonic,0.0,0.25,1.8667690465374907,0.0,1.68,1.0
266,Linear,Tonic,0.0,0.25,1.8667690465374907,0.0,1.68,1.0
267,Linear,Tonic,0.0,0.25,1.8667690465374907,0.0,1.68,1.0
268,Linear,Tonic,0.0,0.25,1.8667690465374907,0.0,1.68,1.0
269,Linear,Tonic,0.0,0.25,1.8667690465374907,0.0,1.68,1.0
270,Linear,Tonic,0.0,0.25,1.8667690465374907,0.0,1.68,1.0
271,Linear,Tonic,0.0,0.25,1.8667690465374907,0.0,1.68,1.0
272,Linear,Tonic,0.0,0.25,1.8667690465374907,0.0,1.68,1.0
273,Linear,Tonic,0.0,0.25,1.8667690465374907,0.0,1.68,1.0
274,Linear,Tonic,0.0,0.25,1.8667690465374907,0.0,1.68,1.0
275,Linear,Tonic,0.0,0.25,1.8667690465374907,0.0,1.68,1.0
276,Linear,Tonic,0.0,0.25,1.8667690465374907,0.0,1.68,1.0
277,Linear,Tonic,0.0,0.25,1.8667690465374907,0.0,1.68,1.0
278,Linear,Tonic,0.0,0.25,1.8667690465374907,0.0,1.68,1.0
279,Linear,Tonic,0.0,0.25,1.8667690465374907,0.0,1.68,1.0
280,Linear,Tonic,0.0,0.25,1.8667690465374907,0.0,1.68,1.0
281,Linear,Tonic,0.0,0.25,1.8667690465374907,0.0,1.68,1.0
282,Linear,Tonic,0.0,0.25,1.8667690465374907,0.0,1.68,1.0
283,Linear,Tonic,0.0,0.25,1.8667690465374907,0.0,1.68,1.0
284,Linear,Tonic,0.0,0.25,1.8667690465374907,0.0,1.68,1.0
285,Linear,Tonic,0.0,0.25,1.8667690465374907,0.0,1.68,1.0
286,Linear,Tonic,0.0,0.25,1.8667690465374907,0.0,1.68,1.0
287,Linear,Tonic,0.0,0.25,1.8667690465374907,0.0,1.68,1.0
288,Linear,Tonic,0.0,0.25,1.8667690465374907,0.0,1.68,1.0
289,Linear,Tonic,0.0,0.25,1.8667690465374907,0.0,1.68,1.0
290,Linear,Tonic,0.0,0.25,1.8667690465374907,0.0,1.68,1.0
291,Linear,Tonic,0.0,0.25,1.8667690465374907,0.0,1.68,1.0
292,Linear,Tonic,0.0,0.25,1.8667690465374907,0.0,1.68,1.0
293,Linear,Tonic,0.0,0.25,1.8667690465374907,0.0,1.68,1.0
294,Linear,Tonic,0.0,0.25,1.8667690465374907,0.0,1.68,1.0
295,Linear,Tonic,0.0,0.25,1.8667690465374907,0.0,1.68,1.0
296,Linear,Tonic,0.0,0.25,1.8667690465374907,0.0,1.68,1.0
297,Linear,Tonic,0.0,0.25,1.8667690465374907,0.0,1.68,1.0
298,Linear,Tonic,0.0,0.25,1.8667690465374907,0.0,1.68,1.0
299,Linear,Tonic,0.0,0.25,1.8667690465374907,0.0,1.68,1.0
0,Michaelis-Menten,Tonic,0.0,0.25,1.9639091742525672,0.0,1.6600000000000001,1.0
1,Michaelis-Menten,Tonic,0.0,0.25,1.9639091742525672,0.0,1.6600000000000001,1.0
2,Michaelis-Menten,Tonic,0.0,0.25,1.9639091742525672,0.0,1.6600000000000001,1.0
3,Michaelis-Menten,Tonic,0.0,0.25,1.9639091742525672,0.0,1.6600000000000001,1.0
4,Michaelis-Menten,Tonic,0.0,0.25,1.9639091742525672,0.0,1.6600000000000001,1.0
5,Michaelis-Menten,Tonic,0.0,0.25,1.9639091742525672,0.0,1.6600000000000001,1.0
6,Michaelis-Menten,Tonic,0.0,0.25,1.9639091742525672,0.0,1.6600000000000001,1.0
7,Michaelis-Menten,Tonic,0.0,0.25,1.9639091742525672,0.0,1.6600000000000001,1.0
8,Michaelis-Menten,Tonic,0.0,0.25,1.9639091742525672,0.0,1.6600000000000001,1.0
9,Michaelis-Menten,Tonic,0.0,0.25,1.9639091742525672,0.0,1.6600000000000001,1.0
10,Michaelis-Menten,Tonic,0.0,0.25,1.9639091742525672,0.0,1.6600000000000001,1.0
11,Michaelis-Menten,Tonic,0.0,0.25,1.9639091742525672,0.0,1.6600000000000001,1.0
12,Michaelis-Menten,Tonic,0.0,0.25,1.9639091742525672,0.0,1.6600000000000001,1.0
13,Michaelis-Menten,Tonic,0.0,0.25,1.9639091742525672,0.0,1.6600000000000001,1.0
14,Michaelis-Menten,Tonic,0.0,0.25,1.9639091742525672,0.0,1.6600000000000001,1.0
15,Michaelis-Menten,Tonic,0.0,0.25,1.9639091742525672,0.0,1.6600000000000001,1.0
16,Michaelis-Menten,Tonic,0.0,0.25,1.9639091742525672,0.0,1.6600000000000001,1.0
17,Michaelis-Menten,Tonic,0.0,0.25,1.9639091742525672,0.0,1.6600000000000001,1.0
18,Michaelis-Menten,Tonic,0.0,0.25,1.9639091742525672,0.0,1.6600000000000001,1.0
19,Michaelis-Menten,Tonic,0.0,0.25,1.9639091742525672,0.0,1.6600000000000001,1.0
20,Michaelis-Menten,Tonic,0.0,0.25,1.9639091742525672,0.0,1.6600000000000001,1.0
21,Michaelis-Menten,Tonic,0.0,0.25,1.9639091742525672,0.0,1.6600000000000001,1.0
22,Michaelis-Menten,Tonic,0.0,0.25,1.9639091742525672,0.0,1.6600000000000001,1.0
23,Michaelis-Menten,Tonic,0.0,0.25,1.9639091742525672,0.0,1.6600000000000001,1.0
24,Michaelis-Menten,Tonic,0.0,0.25,1.9639091742525672,0.0,1.6600000000000001,1.0
25,Michaelis-Menten,Tonic,0.0,0.25,1.9639091742525672,0.0,1.6600000000000001,1.0
26,Michaelis-Menten,Tonic,0.0,0.25,1.9639091742525672,0.0,1.6600000000000001,1.0
27,Michaelis-Menten,Tonic,0.0,0.25,1.9639091742525672,0.0,1.6600000000000001,1.0
28,Michaelis-Menten,Tonic,0.0,0.25,1.9639091742525672,0.0,1.6600000000000001,1.0
29,Michaelis-Menten,Tonic,0.0,0.25,1.9639091742525672,0.0,1.6600000000000001,1.0
30,Michaelis-Menten,Tonic,0.0,0.25,1.9639091742525672,0.0,1.6600000000000001,1.0
31,Michaelis-Menten,Tonic,0.0,0.25,1.9639091742525672,0.0,1.6600000000000001,1.0
32,Michaelis-Menten,Tonic,0.0,0.25,1.9639091742525672,0.0,1.6600000000000001,1.0
33,Michaelis-Menten,Tonic,0.0,0.25,1.9639091742525672,0.0,1.6600000000000001,1.0
34,Michaelis-Menten,Tonic,0.0,0.25,1.9639091742525672,0.0,1.6600000000000001,1.0
35,Michaelis-Menten,Tonic,0.0,0.25,1.9639091742525672,0.0,1.6600000000000001,1.0
36,Michaelis-Menten,Tonic,0.0,0.25,1.9639091742525672,0.0,1.6600000000000001,1.0
37,Michaelis-Menten,Tonic,0.0,0.25,1.9639091742525672,0.0,1.6600000000000001,1.0
38,Michaelis-Menten,Tonic,0.0,0.25,1.9639091742525672,0.0,1.6600000000000001,1.0
39,Michaelis-Menten,Tonic,0.0,0.25,1.9639091742525672,0.0,1.6600000000000001,1.0
40,Michaelis-Menten,Tonic,0.0,0.25,1.9639091742525672,0.0,1.6600000000000001,1.0
41,Michaelis-Menten,Tonic,0.0,0.25,1.9639091742525672,0.0,1.6600000000000001,1.0
42,Michaelis-Menten,Tonic,0.0,0.25,1.9639091742525672,0.0,1.6600000000000001,1.0
43,Michaelis-Menten,Tonic,0.0,0.25,1.9639091742525672,0.0,1.6600000000000001,1.0
44,Michaelis-Menten,Tonic,0.0,0.25,1.9639091742525672,0.0,1.6600000000000001,1.0
45,Michaelis-Menten,Tonic,0.0,0.25,1.9639091742525672,0.0,1.6600000000000001,1.0
46,Michaelis-Menten,Tonic,0.0,0.25,1.9639091742525672,0.0,1.6600000000000001,1.0
47,Michaelis-Menten,Tonic,0.0,0.25,1.9639091742525672,0.0,1.6600000000000001,1.0
48,Michaelis-Menten,Tonic,0.0,0.25,1.9639091742525672,0.0,1.6600000000000001,1.0
49,Michaelis-Menten,Tonic,0.0,0.25,1.9639091742525672,0.0,1.6600000000000001,1.0
50,Michaelis-Menten,Tonic,0.0,0.25,1.9639091742525672,0.0,1.6600000000000001,1.0
51,Michaelis-Menten,Tonic,0.0,0.25,1.9639091742525672,0.0,1.6600000000000001,1.0
52,Michaelis-Menten,Tonic,0.0,0.25,1.9639091742525672,0.0,1.6600000000000001,1.0
53,Michaelis-Menten,Tonic,0.0,0.25,1.9639091742525672,0.0,1.6600000000000001,1.0
54,Michaelis-Menten,Tonic,0.0,0.25,1.9639091742525672,0.0,1.6600000000000001,1.0
55,Michaelis-Menten,Tonic,0.0,0.25,1.9639091742525672,0.0,1.6600000000000001,1.0
56,Michaelis-Menten,Tonic,0.0,0.25,1.9639091742525672,0.0,1.6600000000000001,1.0
57,Michaelis-Menten,Tonic,0.0,0.25,1.9639091742525672,0.0,1.6600000000000001,1.0
58,Michaelis-Menten,Tonic,0.0,0.25,1.9639091742525672,0.0,1.6600000000000001,1.0
59,Michaelis-Menten,Tonic,0.0,0.25,1.9639091742525672,0.0,1.6600000000000001,1.0
60,Michaelis-Menten,Tonic,0.0,0.25,1.9639091742525672,0.0,1.6600000000000001,1.0
61,Michaelis-Menten,Tonic,0.0,0.25,1.9639091742525672,0.0,1.6600000000000001,1.0
62,Michaelis-Menten,Tonic,0.0,0.25,1.9639091742525672,0.0,1.6600000000000001,1.0
63,Michaelis-Menten,Tonic,0.0,0.25,1.9639091742525672,0.0,1.6600000000000001,1.0
64,Michaelis-Menten,Tonic,0.0,0.25,1.9639091742525672,0.0,1.6600000000000001,1.0
65,Michaelis-Menten,Tonic,0.0,0.25,1.9639091742525672,0.0,1.6600000000000001,1.0
66,Michaelis-Menten,Tonic,0.0,0.25,1.9639091742525672,0.0,1.6600000000000001,1.0
67,Michaelis-Menten,Tonic,0.0,0.25,1.9639091742525672,0.0,1.6600000000000001,1.0
68,Michaelis-Menten,Tonic,0.0,0.25,1.9639091742525672,0.0,1.6600000000000001,1.0
69,Michaelis-Menten,Tonic,0.0,0.25,1.9639091742525672,0.0,1.6600000000000001,1.0
70,Michaelis-Menten,Tonic,0.0,0.25,1.9639091742525672,0.0,1.6600000000000001,1.0
71,Michaelis-Menten,Tonic,0.0,0.25,1.9639091742525672,0.0,1.6600000000000001,1.0
72,Michaelis-Menten,Tonic,0.0,0.25,1.9639091742525672,0.0,1.6600000000000001,1.0
73,Michaelis-Menten,Tonic,0.0,0.25,1.9639091742525672,0.0,1.6600000000000001,1.0
74,Michaelis-Menten,Tonic,0.0,0.25,1.9639091742525672,0.0,1.6600000000000001,1.0
75,Michaelis-Menten,Tonic,0.0,0.25,1.9639091742525672,0.0,1.6600000000000001,1.0
76,Michaelis-Menten,Tonic,0.0,0.25,1.9639091742525672,0.0,1.6600000000000001,1.0
77,Michaelis-Menten,Tonic,0.0,0.25,1.9639091742525672,0.0,1.6600000000000001,1.0
78,Michaelis-Menten,Tonic,0.0,0.25,1.9639091742525672,0.0,1.6600000000000001,1.0
79,Michaelis-Menten,Tonic,0.0,0.25,1.9639091742525672,0.0,1.6600000000000001,1.0
80,Michaelis-Menten,Tonic,0.0,0.25,1.9639091742525672,0.0,1.6600000000000001,1.0
81,Michaelis-Menten,Tonic,0.0,0.25,1.9639091742525672,0.0,1.6600000000000001,1.0
82,Michaelis-Menten,Tonic,0.0,0.25,1.9639091742525672,0.0,1.6600000000000001,1.0
83,Michaelis-Menten,Tonic,0.0,0.25,1.9639091742525672,0.0,1.6600000000000001,1.0
84,Michaelis-Menten,Tonic,0.0,0.25,1.9639091742525672,0.0,1.6600000000000001,1.0
85,Michaelis-Menten,Tonic,0.0,0.25,1.9639091742525672,0.0,1.6600000000000001,1.0
86,Michaelis-Menten,Tonic,0.0,0.25,1.9639091742525672,0.0,1.6600000000000001,1.0
87,Michaelis-Menten,Tonic,0.0,0.25,1.9639091742525672,0.0,1.6600000000000001,1.0
88,Michaelis-Menten,Tonic,0.0,0.25,1.9639091742525672,0.0,1.6600000000000001,1.0
89,Michaelis-Menten,Tonic,0.0,0.25,1.9639091742525672,0.0,1.6600000000000001,1.0
90,Michaelis-Menten,Tonic,0.0,0.25,1.9639091742525672,0.0,1.6600000000000001,1.0
91,Michaelis-Menten,Tonic,0.0,0.25,1.9639091742525672,0.0,1.6600000000000001,1.0
92,Michaelis-Menten,Tonic,0.0,0.25,1.9639091742525672,0.0,1.6600000000000001,1.0
93,Michaelis-Menten,Tonic,0.0,0.25,1.9639091742525672,0.0,1.6600000000000001,1.0
94,Michaelis-Menten,Tonic,0.0,0.25,1.9639091742525672,0.0,1.6600000000000001,1.0
95,Michaelis-Menten,Tonic,0.0,0.25,1.9639091742525672,0.0,1.6600000000000001,1.0
96,Michaelis-Menten,Tonic,0.0,0.25,1.9639091742525672,0.0,1.6600000000000001,1.0
97,Michaelis-Menten,Tonic,0.0,0.25,1.9639091742525672,0.0,1.6600000000000001,1.0
98,Michaelis-Menten,Tonic,0.0,0.25,1.9639091742525672,0.0,1.6600000000000001,1.0
99,Michaelis-Menten,Tonic,0.0,0.25,1.9639091742525672,0.0,1.6600000000000001,1.0
100,Michaelis-Menten,Tonic,0.0,0.25,1.9639091742525672,0.0,1.6600000000000001,1.0
101,Michaelis-Menten,Tonic,0.0,0.25,1.9639091742525672,0.0,1.6600000000000001,1.0
102,Michaelis-Menten,Tonic,0.0,0.25,1.9639091742525672,0.0,1.6600000000000001,1.0
103,Michaelis-Menten,Tonic,0.0,0.25,1.9639091742525672,0.0,1.6600000000000001,1.0
104,Michaelis-Menten,Tonic,0.0,0.25,1.9639091742525672,0.0,1.6600000000000001,1.0
105,Michaelis-Menten,Tonic,0.0,0.25,1.9639091742525672,0.0,1.6600000000000001,1.0
106,Michaelis-Menten,Tonic,0.0,0.25,1.9639091742525672,0.0,1.6600000000000001,1.0
107,Michaelis-Menten,Tonic,0.0,0.25,1.9639091742525672,0.0,1.6600000000000001,1.0
108,Michaelis-Menten,Tonic,0.0,0.25,1.9639091742525672,0.0,1.6600000000000001,1.0
109,Michaelis-Menten,Tonic,0.0,0.25,1.9639091742525672,0.0,1.6600000000000001,1.0
110,Michaelis-Menten,Tonic,0.0,0.25,1.9639091742525672,0.0,1.6600000000000001,1.0
111,Michaelis-Menten,Tonic,0.0,0.25,1.9639091742525672,0.0,1.6600000000000001,1.0
112,Michaelis-Menten,Tonic,0.0,0.25,1.9639091742525672,0.0,1.6600000000000001,1.0
113,Michaelis-Menten,Tonic,0.0,0.25,1.9639091742525672,0.0,1.6600000000000001,1.0
114,Michaelis-Menten,Tonic,0.0,0.25,1.9639091742525672,0.0,1.6600000000000001,1.0
115,Michaelis-Menten,Tonic,0.0,0.25,1.9639091742525672,0.0,1.6600000000000001,1.0
116,Michaelis-Menten,Tonic,0.0,0.25,1.9639091742525672,0.0,1.6600000000000001,1.0
117,Michaelis-Menten,Tonic,0.0,0.25,1.9639091742525672,0.0,1.6600000000000001,1.0
118,Michaelis-Menten,Tonic,0.0,0.25,1.9639091742525672,0.0,1.6600000000000001,1.0
119,Michaelis-Menten,Tonic,0.0,0.25,1.9639091742525672,0.0,1.6600000000000001,1.0
120,Michaelis-Menten,Tonic,0.0,0.25,1.9639091742525672,0.0,1.6600000000000001,1.0
121,Michaelis-Menten,Tonic,0.0,0.25,1.9639091742525672,0.0,1.6600000000000001,1.0
122,Michaelis-Menten,Tonic,0.0,0.25,1.9639091742525672,0.0,1.6600000000000001,1.0
123,Michaelis-Menten,Tonic,0.0,0.25,1.9639091742525672,0.0,1.6600000000000001,1.0
124,Michaelis-Menten,Tonic,0.0,0.25,1.9639091742525672,0.0,1.6600000000000001,1.0
125,Michaelis-Menten,Tonic,0.0,0.25,1.9639091742525672,0.0,1.6600000000000001,1.0
126,Michaelis-Menten,Tonic,0.0,0.25,1.9639091742525672,0.0,1.6600000000000001,1.0
127,Michaelis-Menten,Tonic,0.0,0.25,1.9639091742525672,0.0,1.6600000000000001,1.0
128,Michaelis-Menten,Tonic,0.0,0.25,1.9639091742525672,0.0,1.6600000000000001,1.0
129,Michaelis-Menten,Tonic,0.0,0.25,1.9639091742525672,0.0,1.6600000000000001,1.0
130,Michaelis-Menten,Tonic,0.0,0.25,1.9639091742525672,0.0,1.6600000000000001,1.0
131,Michaelis-Menten,Tonic,0.0,0.25,1.9639091742525672,0.0,1.6600000000000001,1.0
132,Michaelis-Menten,Tonic,0.0,0.25,1.9639091742525672,0.0,1.6600000000000001,1.0
133,Michaelis-Menten,Tonic,0.0,0.25,1.9639091742525672,0.0,1.6600000000000001,1.0
134,Michaelis-Menten,Tonic,0.0,0.25,1.9639091742525672,0.0,1.6600000000000001,1.0
135,Michaelis-Menten,Tonic,0.0,0.25,1.9639091742525672,0.0,1.6600000000000001,1.0
136,Michaelis-Menten,Tonic,0.0,0.25,1.9639091742525672,0.0,1.6600000000000001,1.0
137,Michaelis-Menten,Tonic,0.0,0.25,1.9639091742525672,0.0,1.6600000000000001,1.0
138,Michaelis-Menten,Tonic,0.0,0.25,1.9639091742525672,0.0,1.6600000000000001,1.0
139,Michaelis-Menten,Tonic,0.0,0.25,1.9639091742525672,0.0,1.6600000000000001,1.0
140,Michaelis-Menten,Tonic,0.0,0.25,1.9639091742525672,0.0,1.6600000000000001,1.0
141,Michaelis-Menten,Tonic,0.0,0.25,1.9639091742525672,0.0,1.6600000000000001,1.0
142,Michaelis-Menten,Tonic,0.0,0.25,1.9639091742525672,0.0,1.6600000000000001,1.0
143,Michaelis-Menten,Tonic,0.0,0.25,1.9639091742525672,0.0,1.6600000000000001,1.0
144,Michaelis-Menten,Tonic,0.0,0.25,1.9639091742525672,0.0,1.6600000000000001,1.0
145,Michaelis-Menten,Tonic,0.0,0.25,1.9639091742525672,0.0,1.6600000000000001,1.0
146,Michaelis-Menten,Tonic,0.0,0.25,1.9639091742525672,0.0,1.6600000000000001,1.0
147,Michaelis-Menten,Tonic,0.0,0.25,1.9639091742525672,0.0,1.6600000000000001,1.0
148,Michaelis-Menten,Tonic,0.0,0.25,1.9639091742525672,0.0,1.6600000000000001,1.0
149,Michaelis-Menten,Tonic,0.0,0.25,1.9639091742525672,0.0,1.6600000000000001,1.0
150,Michaelis-Menten,Tonic,0.0,0.25,1.9639091742525672,0.0,1.6600000000000001,1.0
151,Michaelis-Menten,Tonic,0.0,0.25,1.9639091742525672,0.0,1.6600000000000001,1.0
152,Michaelis-Menten,Tonic,0.0,0.25,1.9639091742525672,0.0,1.6600000000000001,1.0
153,Michaelis-Menten,Tonic,0.0,0.25,1.9639091742525672,0.0,1.6600000000000001,1.0
154,Michaelis-Menten,Tonic,0.0,0.25,1.9639091742525672,0.0,1.6600000000000001,1.0
155,Michaelis-Menten,Tonic,0.0,0.25,1.9639091742525672,0.0,1.6600000000000001,1.0
156,Michaelis-Menten,Tonic,0.0,0.25,1.9639091742525672,0.0,1.6600000000000001,1.0
157,Michaelis-Menten,Tonic,0.0,0.25,1.9639091742525672,0.0,1.6600000000000001,1.0
158,Michaelis-Menten,Tonic,0.0,0.25,1.9639091742525672,0.0,1.6600000000000001,1.0
159,Michaelis-Menten,Tonic,0.0,0.25,1.9639091742525672,0.0,1.6600000000000001,1.0
160,Michaelis-Menten,Tonic,0.0,0.25,1.9639091742525672,0.0,1.6600000000000001,1.0
161,Michaelis-Menten,Tonic,0.0,0.25,1.9639091742525672,0.0,1.6600000000000001,1.0
162,Michaelis-Menten,Tonic,0.0,0.25,1.9639091742525672,0.0,1.6600000000000001,1.0
163,Michaelis-Menten,Tonic,0.0,0.25,1.9639091742525672,0.0,1.6600000000000001,1.0
164,Michaelis-Menten,Tonic,0.0,0.25,1.9639091742525672,0.0,1.6600000000000001,1.0
165,Michaelis-Menten,Tonic,0.0,0.25,1.9639091742525672,0.0,1.6600000000000001,1.0
166,Michaelis-Menten,Tonic,0.0,0.25,1.9639091742525672,0.0,1.6600000000000001,1.0
167,Michaelis-Menten,Tonic,0.0,0.25,1.9639091742525672,0.0,1.6600000000000001,1.0
168,Michaelis-Menten,Tonic,0.0,0.25,1.9639091742525672,0.0,1.6600000000000001,1.0
169,Michaelis-Menten,Tonic,0.0,0.25,1.9639091742525672,0.0,1.6600000000000001,1.0
170,Michaelis-Menten,Tonic,0.0,0.25,1.9639091742525672,0.0,1.6600000000000001,1.0
171,Michaelis-Menten,Tonic,0.0,0.25,1.9639091742525672,0.0,1.6600000000000001,1.0
172,Michaelis-Menten,Tonic,0.0,0.25,1.9639091742525672,0.0,1.6600000000000001,1.0
173,Michaelis-Menten,Tonic,0.0,0.25,1.9639091742525672,0.0,1.6600000000000001,1.0
174,Michaelis-Menten,Tonic,0.0,0.25,1.9639091742525672,0.0,1.6600000000000001,1.0
175,Michaelis-Menten,Tonic,0.0,0.25,1.9639091742525672,0.0,1.6600000000000001,1.0
176,Michaelis-Menten,Tonic,0.0,0.25,1.9639091742525672,0.0,1.6600000000000001,1.0
177,Michaelis-Menten,Tonic,0.0,0.25,1.9639091742525672,0.0,1.6600000000000001,1.0
178,Michaelis-Menten,Tonic,0.0,0.25,1.9639091742525672,0.0,1.6600000000000001,1.0
179,Michaelis-Menten,Tonic,0.0,0.25,1.9639091742525672,0.0,1.6600000000000001,1.0
180,Michaelis-Menten,Tonic,0.0,0.25,1.9639091742525672,0.0,1.6600000000000001,1.0
181,Michaelis-Menten,Tonic,0.0,0.25,1.9639091742525672,0.0,1.6600000000000001,1.0
182,Michaelis-Menten,Tonic,0.0,0.25,1.9639091742525672,0.0,1.6600000000000001,1.0
183,Michaelis-Menten,Tonic,0.0,0.25,1.9639091742525672,0.0,1.6600000000000001,1.0
184,Michaelis-Menten,Tonic,0.0,0.25,1.9639091742525672,0.0,1.6600000000000001,1.0
185,Michaelis-Menten,Tonic,0.0,0.25,1.9639091742525672,0.0,1.6600000000000001,1.0
186,Michaelis-Menten,Tonic,0.0,0.25,1.9639091742525672,0.0,1.6600000000000001,1.0
187,Michaelis-Menten,Tonic,0.0,0.25,1.9639091742525672,0.0,1.6600000000000001,1.0
188,Michaelis-Menten,Tonic,0.0,0.25,1.9639091742525672,0.0,1.6600000000000001,1.0
189,Michaelis-Menten,Tonic,0.0,0.25,1.9639091742525672,0.0,1.6600000000000001,1.0
190,Michaelis-Menten,Tonic,0.0,0.25,1.9639091742525672,0.0,1.6600000000000001,1.0
191,Michaelis-Menten,Tonic,0.0,0.25,1.9639091742525672,0.0,1.6600000000000001,1.0
192,Michaelis-Menten,Tonic,0.0,0.25,1.9639091742525672,0.0,1.6600000000000001,1.0
193,Michaelis-Menten,Tonic,0.0,0.25,1.9639091742525672,0.0,1.6600000000000001,1.0
194,Michaelis-Menten,Tonic,0.0,0.25,1.9639091742525672,0.0,1.6600000000000001,1.0
195,Michaelis-Menten,Tonic,0.0,0.25,1.9639091742525672,0.0,1.6600000000000001,1.0
196,Michaelis-Menten,Tonic,0.0,0.25,1.9639091742525672,0.0,1.6600000000000001,1.0
197,Michaelis-Menten,Tonic,0.0,0.25,1.9639091742525672,0.0,1.6600000000000001,1.0
198,Michaelis-Menten,Tonic,0.0,0.25,1.9639091742525672,0.0,1.6600000000000001,1.0
199,Michaelis-Menten,Tonic,0.0,0.25,1.9639091742525672,0.0,1.6600000000000001,1.0
200,Michaelis-Menten,Tonic,0.0,0.25,1.9639091742525672,0.0,1.6600000000000001,1.0
201,Michaelis-Menten,Tonic,0.0,0.25,1.9639091742525672,0.0,1.6600000000000001,1.0
202,Michaelis-Menten,Tonic,0.0,0.25,1.9639091742525672,0.0,1.6600000000000001,1.0
203,Michaelis-Menten,Tonic,0.0,0.25,1.9639091742525672,0.0,1.6600000000000001,1.0
204,Michaelis-Menten,Tonic,0.0,0.25,1.9639091742525672,0.0,1.6600000000000001,1.0
205,Michaelis-Menten,Tonic,0.0,0.25,1.9639091742525672,0.0,1.6600000000000001,1.0
206,Michaelis-Menten,Tonic,0.0,0.25,1.9639091742525672,0.0,1.6600000000000001,1.0
207,Michaelis-Menten,Tonic,0.0,0.25,1.9639091742525672,0.0,1.6600000000000001,1.0
208,Michaelis-Menten,Tonic,0.0,0.25,1.9639091742525672,0.0,1.6600000000000001,1.0
209,Michaelis-Menten,Tonic,0.0,0.25,1.9639091742525672,0.0,1.6600000000000001,1.0
210,Michaelis-Menten,Tonic,0.0,0.25,1.9639091742525672,0.0,1.6600000000000001,1.0
211,Michaelis-Menten,Tonic,0.0,0.25,1.9639091742525672,0.0,1.6600000000000001,1.0
212,Michaelis-Menten,Tonic,0.0,0.25,1.9639091742525672,0.0,1.6600000000000001,1.0
213,Michaelis-Menten,Tonic,0.0,0.25,1.9639091742525672,0.0,1.6600000000000001,1.0
214,Michaelis-Menten,Tonic,0.0,0.25,1.9639091742525672,0.0,1.6600000000000001,1.0
215,Michaelis-Menten,Tonic,0.0,0.25,1.9639091742525672,0.0,1.6600000000000001,1.0
216,Michaelis-Menten,Tonic,0.0,0.25,1.9639091742525672,0.0,1.6600000000000001,1.0
217,Michaelis-Menten,Tonic,0.0,0.25,1.9639091742525672,0.0,1.6600000000000001,1.0
218,Michaelis-Menten,Tonic,0.0,0.25,1.9639091742525672,0.0,1.6600000000000001,1.0
219,Michaelis-Menten,Tonic,0.0,0.25,1.9639091742525672,0.0,1.6600000000000001,1.0
220,Michaelis-Menten,Tonic,0.0,0.25,1.9639091742525672,0.0,1.6600000000000001,1.0
221,Michaelis-Menten,Tonic,0.0,0.25,1.9639091742525672,0.0,1.6600000000000001,1.0
222,Michaelis-Menten,Tonic,0.0,0.25,1.9639091742525672,0.0,1.6600000000000001,1.0
223,Michaelis-Menten,Tonic,0.0,0.25,1.9639091742525672,0.0,1.6600000000000001,1.0
224,Michaelis-Menten,Tonic,0.0,0.25,1.9639091742525672,0.0,1.6600000000000001,1.0
225,Michaelis-Menten,Tonic,0.0,0.25,1.9639091742525672,0.0,1.6600000000000001,1.0
226,Michaelis-Menten,Tonic,0.0,0.25,1.9639091742525672,0.0,1.6600000000000001,1.0
227,Michaelis-Menten,Tonic,0.0,0.25,1.9639091742525672,0.0,1.6600000000000001,1.0
228,Michaelis-Menten,Tonic,0.0,0.25,1.9639091742525672,0.0,1.6600000000000001,1.0
229,Michaelis-Menten,Tonic,0.0,0.25,1.9639091742525672,0.0,1.6600000000000001,1.0
230,Michaelis-Menten,Tonic,0.0,0.25,1.9639091742525672,0.0,1.6600000000000001,1.0
231,Michaelis-Menten,Tonic,0.0,0.25,1.9639091742525672,0.0,1.6600000000000001,1.0
232,Michaelis-Menten,Tonic,0.0,0.25,1.9639091742525672,0.0,1.6600000000000001,1.0
233,Michaelis-Menten,Tonic,0.0,0.25,1.9639091742525672,0.0,1.6600000000000001,1.0
234,Michaelis-Menten,Tonic,0.0,0.25,1.9639091742525672,0.0,1.6600000000000001,1.0
235,Michaelis-Menten,Tonic,0.0,0.25,1.9639091742525672,0.0,1.6600000000000001,1.0
236,Michaelis-Menten,Tonic,0.0,0.25,1.9639091742525672,0.0,1.6600000000000001,1.0
237,Michaelis-Menten,Tonic,0.0,0.25,1.9639091742525672,0.0,1.6600000000000001,1.0
238,Michaelis-Menten,Tonic,0.0,0.25,1.9639091742525672,0.0,1.6600000000000001,1.0
239,Michaelis-Menten,Tonic,0.0,0.25,1.9639091742525672,0.0,1.6600000000000001,1.0
240,Michaelis-Menten,Tonic,0.0,0.25,1.9639091742525672,0.0,1.6600000000000001,1.0
241,Michaelis-Menten,Tonic,0.0,0.25,1.9639091742525672,0.0,1.6600000000000001,1.0
242,Michaelis-Menten,Tonic,0.0,0.25,1.9639091742525672,0.0,1.6600000000000001,1.0
243,Michaelis-Menten,Tonic,0.0,0.25,1.9639091742525672,0.0,1.6600000000000001,1.0
244,Michaelis-Menten,Tonic,0.0,0.25,1.9639091742525672,0.0,1.6600000000000001,1.0
245,Michaelis-Menten,Tonic,0.0,0.25,1.9639091742525672,0.0,1.6600000000000001,1.0
246,Michaelis-Menten,Tonic,0.0,0.25,1.9639091742525672,0.0,1.6600000000000001,1.0
247,Michaelis-Menten,Tonic,0.0,0.25,1.9639091742525672,0.0,1.6600000000000001,1.0
248,Michaelis-Menten,Tonic,0.0,0.25,1.9639091742525672,0.0,1.6600000000000001,1.0
249,Michaelis-Menten,Tonic,0.0,0.25,1.9639091742525672,0.0,1.6600000000000001,1.0
250,Michaelis-Menten,Tonic,0.0,0.25,1.9639091742525672,0.0,1.6600000000000001,1.0
251,Michaelis-Menten,Tonic,0.0,0.25,1.9639091742525672,0.0,1.6600000000000001,1.0
252,Michaelis-Menten,Tonic,0.0,0.25,1.9639091742525672,0.0,1.6600000000000001,1.0
253,Michaelis-Menten,Tonic,0.0,0.25,1.9639091742525672,0.0,1.6600000000000001,1.0
254,Michaelis-Menten,Tonic,0.0,0.25,1.9639091742525672,0.0,1.6600000000000001,1.0
255,Michaelis-Menten,Tonic,0.0,0.25,1.9639091742525672,0.0,1.6600000000000001,1.0
256,Michaelis-Menten,Tonic,0.0,0.25,1.9639091742525672,0.0,1.6600000000000001,1.0
257,Michaelis-Menten,Tonic,0.0,0.25,1.9639091742525672,0.0,1.6600000000000001,1.0
258,Michaelis-Menten,Tonic,0.0,0.25,1.9639091742525672,0.0,1.6600000000000001,1.0
259,Michaelis-Menten,Tonic,0.0,0.25,1.9639091742525672,0.0,1.6600000000000001,1.0
260,Michaelis-Menten,Tonic,0.0,0.25,1.9639091742525672,0.0,1.6600000000000001,1.0
261,Michaelis-Menten,Tonic,0.0,0.25,1.9639091742525672,0.0,1.6600000000000001,1.0
262,Michaelis-Menten,Tonic,0.0,0.25,1.9639091742525672,0.0,1.6600000000000001,1.0
263,Michaelis-Menten,Tonic,0.0,0.25,1.9639091742525672,0.0,1.6600000000000001,1.0
264,Michaelis-Menten,Tonic,0.0,0.25,1.9639091742525672,0.0,1.6600000000000001,1.0
265,Michaelis-Menten,Tonic,0.0,0.25,1.9639091742525672,0.0,1.6600000000000001,1.0
266,Michaelis-Menten,Tonic,0.0,0.25,1.9639091742525672,0.0,1.6600000000000001,1.0
267,Michaelis-Menten,Tonic,0.0,0.25,1.9639091742525672,0.0,1.6600000000000001,1.0
268,Michaelis-Menten,Tonic,0.0,0.25,1.9639091742525672,0.0,1.6600000000000001,1.0
269,Michaelis-Menten,Tonic,0.0,0.25,1.9639091742525672,0.0,1.6600000000000001,1.0
270,Michaelis-Menten,Tonic,0.0,0.25,1.9639091742525672,0.0,1.6600000000000001,1.0
271,Michaelis-Menten,Tonic,0.0,0.25,1.9639091742525672,0.0,1.6600000000000001,1.0
272,Michaelis-Menten,Tonic,0.0,0.25,1.9639091742525672,0.0,1.6600000000000001,1.0
273,Michaelis-Menten,Tonic,0.0,0.25,1.9639091742525672,0.0,1.6600000000000001,1.0
274,Michaelis-Menten,Tonic,0.0,0.25,1.9639091742525672,0.0,1.6600000000000001,1.0
275,Michaelis-Menten,Tonic,0.0,0.25,1.9639091742525672,0.0,1.6600000000000001,1.0
276,Michaelis-Menten,Tonic,0.0,0.25,1.9639091742525672,0.0,1.6600000000000001,1.0
277,Michaelis-Menten,Tonic,0.0,0.25,1.9639091742525672,0.0,1.6600000000000001,1.0
278,Michaelis-Menten,Tonic,0.0,0.25,1.9639091742525672,0.0,1.6600000000000001,1.0
279,Michaelis-Menten,Tonic,0.0,0.25,1.9639091742525672,0.0,1.6600000000000001,1.0
280,Michaelis-Menten,Tonic,0.0,0.25,1.9639091742525672,0.0,1.6600000000000001,1.0
281,Michaelis-Menten,Tonic,0.0,0.25,1.9639091742525672,0.0,1.6600000000000001,1.0
282,Michaelis-Menten,Tonic,0.0,0.25,1.9639091742525672,0.0,1.6600000000000001,1.0
283,Michaelis-Menten,Tonic,0.0,0.25,1.9639091742525672,0.0,1.6600000000000001,1.0
284,Michaelis-Menten,Tonic,0.0,0.25,1.9639091742525672,0.0,1.6600000000000001,1.0
285,Michaelis-Menten,Tonic,0.0,0.25,1.9639091742525672,0.0,1.6600000000000001,1.0
286,Michaelis-Menten,Tonic,0.0,0.25,1.9639091742525672,0.0,1.6600000000000001,1.0
287,Michaelis-Menten,Tonic,0.0,0.25,1.9639091742525672,0.0,1.6600000000000001,1.0
288,Michaelis-Menten,Tonic,0.0,0.25,1.9639091742525672,0.0,1.6600000000000001,1.0
289,Michaelis-Menten,Tonic,0.0,0.25,1.9639091742525672,0.0,1.6600000000000001,1.0
290,Michaelis-Menten,Tonic,0.0,0.25,1.9639091742525672,0.0,1.6600000000000001,1.0
291,Michaelis-Menten,Tonic,0.0,0.25,1.9639091742525672,0.0,1.6600000000000001,1.0
292,Michaelis-Menten,Tonic,0.0,0.25,1.9639091742525672,0.0,1.6600000000000001,1.0
293,Michaelis-Menten,Tonic,0.0,0.25,1.9639091742525672,0.0,1.6600000000000001,1.0
294,Michaelis-Menten,Tonic,0.0,0.25,1.9639091742525672,0.0,1.6600000000000001,1.0
295,Michaelis-Menten,Tonic,0.0,0.25,1.9639091742525672,0.0,1.6600000000000001,1.0
296,Michaelis-Menten,Tonic,0.0,0.25,1.9639091742525672,0.0,1.6600000000000001,1.0
297,Michaelis-Menten,Tonic,0.0,0.25,1.9639091742525672,0.0,1.6600000000000001,1.0
298,Michaelis-Menten,Tonic,0.0,0.25,1.9639091742525672,0.0,1.6600000000000001,1.0
299,Michaelis-Menten,Tonic,0.0,0.25,1.9639091742525672,0.0,1.6600000000000001,1.0
0,Transporter-state,Tonic,0.0,0.25,1.8526104814522804,0.0,2.2,0.5542665715124151
1,Transporter-state,Tonic,0.0,0.25,1.8526104814522804,0.0,2.2,0.5542665715124151
2,Transporter-state,Tonic,0.0,0.25,1.8526104814522804,0.0,2.2,0.5542665715124151
3,Transporter-state,Tonic,0.0,0.25,1.8526104814522804,0.0,2.2,0.5542665715124151
4,Transporter-state,Tonic,0.0,0.25,1.8526104814522804,0.0,2.2,0.5542665715124151
5,Transporter-state,Tonic,0.0,0.25,1.8526104814522804,0.0,2.2,0.5542665715124151
6,Transporter-state,Tonic,0.0,0.25,1.8526104814522804,0.0,2.2,0.5542665715124151
7,Transporter-state,Tonic,0.0,0.25,1.8526104814522804,0.0,2.2,0.5542665715124151
8,Transporter-state,Tonic,0.0,0.25,1.8526104814522804,0.0,2.2,0.5542665715124151
9,Transporter-state,Tonic,0.0,0.25,1.8526104814522804,0.0,2.2,0.5542665715124151
10,Transporter-state,Tonic,0.0,0.25,1.8526104814522804,0.0,2.2,0.5542665715124151
11,Transporter-state,Tonic,0.0,0.25,1.8526104814522804,0.0,2.2,0.5542665715124151
12,Transporter-state,Tonic,0.0,0.25,1.8526104814522804,0.0,2.2,0.5542665715124151
13,Transporter-state,Tonic,0.0,0.25,1.8526104814522804,0.0,2.2,0.5542665715124151
14,Transporter-state,Tonic,0.0,0.25,1.8526104814522804,0.0,2.2,0.5542665715124151
15,Transporter-state,Tonic,0.0,0.25,1.8526104814522804,0.0,2.2,0.5542665715124151
16,Transporter-state,Tonic,0.0,0.25,1.8526104814522804,0.0,2.2,0.5542665715124151
17,Transporter-state,Tonic,0.0,0.25,1.8526104814522804,0.0,2.2,0.5542665715124151
18,Transporter-state,Tonic,0.0,0.25,1.8526104814522804,0.0,2.2,0.5542665715124151
19,Transporter-state,Tonic,0.0,0.25,1.8526104814522804,0.0,2.2,0.5542665715124151
20,Transporter-state,Tonic,0.0,0.25,1.8526104814522804,0.0,2.2,0.5542665715124151
21,Transporter-state,Tonic,0.0,0.25,1.8526104814522804,0.0,2.2,0.5542665715124151
22,Transporter-state,Tonic,0.0,0.25,1.8526104814522804,0.0,2.2,0.5542665715124151
23,Transporter-state,Tonic,0.0,0.25,1.8526104814522804,0.0,2.2,0.5542665715124151
24,Transporter-state,Tonic,0.0,0.25,1.8526104814522804,0.0,2.2,0.5542665715124151
25,Transporter-state,Tonic,0.0,0.25,1.8526104814522804,0.0,2.2,0.5542665715124151
26,Transporter-state,Tonic,0.0,0.25,1.8526104814522804,0.0,2.2,0.5542665715124151
27,Transporter-state,Tonic,0.0,0.25,1.8526104814522804,0.0,2.2,0.5542665715124151
28,Transporter-state,Tonic,0.0,0.25,1.8526104814522804,0.0,2.2,0.5542665715124151
29,Transporter-state,Tonic,0.0,0.25,1.8526104814522804,0.0,2.2,0.5542665715124151
30,Transporter-state,Tonic,0.0,0.25,1.8526104814522804,0.0,2.2,0.5542665715124151
31,Transporter-state,Tonic,0.0,0.25,1.8526104814522804,0.0,2.2,0.5542665715124151
32,Transporter-state,Tonic,0.0,0.25,1.8526104814522804,0.0,2.2,0.5542665715124151
33,Transporter-state,Tonic,0.0,0.25,1.8526104814522804,0.0,2.2,0.5542665715124151
34,Transporter-state,Tonic,0.0,0.25,1.8526104814522804,0.0,2.2,0.5542665715124151
35,Transporter-state,Tonic,0.0,0.25,1.8526104814522804,0.0,2.2,0.5542665715124151
36,Transporter-state,Tonic,0.0,0.25,1.8526104814522804,0.0,2.2,0.5542665715124151
37,Transporter-state,Tonic,0.0,0.25,1.8526104814522804,0.0,2.2,0.5542665715124151
38,Transporter-state,Tonic,0.0,0.25,1.8526104814522804,0.0,2.2,0.5542665715124151
39,Transporter-state,Tonic,0.0,0.25,1.8526104814522804,0.0,2.2,0.5542665715124151
40,Transporter-state,Tonic,0.0,0.25,1.8526104814522804,0.0,2.2,0.5542665715124151
41,Transporter-state,Tonic,0.0,0.25,1.8526104814522804,0.0,2.2,0.5542665715124151
42,Transporter-state,Tonic,0.0,0.25,1.8526104814522804,0.0,2.2,0.5542665715124151
43,Transporter-state,Tonic,0.0,0.25,1.8526104814522804,0.0,2.2,0.5542665715124151
44,Transporter-state,Tonic,0.0,0.25,1.8526104814522804,0.0,2.2,0.5542665715124151
45,Transporter-state,Tonic,0.0,0.25,1.8526104814522804,0.0,2.2,0.5542665715124151
46,Transporter-state,Tonic,0.0,0.25,1.8526104814522804,0.0,2.2,0.5542665715124151
47,Transporter-state,Tonic,0.0,0.25,1.8526104814522804,0.0,2.2,0.5542665715124151
48,Transporter-state,Tonic,0.0,0.25,1.8526104814522804,0.0,2.2,0.5542665715124151
49,Transporter-state,Tonic,0.0,0.25,1.8526104814522804,0.0,2.2,0.5542665715124151
50,Transporter-state,Tonic,0.0,0.25,1.8526104814522804,0.0,2.2,0.5542665715124151
51,Transporter-state,Tonic,0.0,0.25,1.8526104814522804,0.0,2.2,0.5542665715124151
52,Transporter-state,Tonic,0.0,0.25,1.8526104814522804,0.0,2.2,0.5542665715124151
53,Transporter-state,Tonic,0.0,0.25,1.8526104814522804,0.0,2.2,0.5542665715124151
54,Transporter-state,Tonic,0.0,0.25,1.8526104814522804,0.0,2.2,0.5542665715124151
55,Transporter-state,Tonic,0.0,0.25,1.8526104814522804,0.0,2.2,0.5542665715124151
56,Transporter-state,Tonic,0.0,0.25,1.8526104814522804,0.0,2.2,0.5542665715124151
57,Transporter-state,Tonic,0.0,0.25,1.8526104814522804,0.0,2.2,0.5542665715124151
58,Transporter-state,Tonic,0.0,0.25,1.8526104814522804,0.0,2.2,0.5542665715124151
59,Transporter-state,Tonic,0.0,0.25,1.8526104814522804,0.0,2.2,0.5542665715124151
60,Transporter-state,Tonic,0.0,0.25,1.8526104814522804,0.0,2.2,0.5542665715124151
61,Transporter-state,Tonic,0.0,0.25,1.8526104814522804,0.0,2.2,0.5542665715124151
62,Transporter-state,Tonic,0.0,0.25,1.8526104814522804,0.0,2.2,0.5542665715124151
63,Transporter-state,Tonic,0.0,0.25,1.8526104814522804,0.0,2.2,0.5542665715124151
64,Transporter-state,Tonic,0.0,0.25,1.8526104814522804,0.0,2.2,0.5542665715124151
65,Transporter-state,Tonic,0.0,0.25,1.8526104814522804,0.0,2.2,0.5542665715124151
66,Transporter-state,Tonic,0.0,0.25,1.8526104814522804,0.0,2.2,0.5542665715124151
67,Transporter-state,Tonic,0.0,0.25,1.8526104814522804,0.0,2.2,0.5542665715124151
68,Transporter-state,Tonic,0.0,0.25,1.8526104814522804,0.0,2.2,0.5542665715124151
69,Transporter-state,Tonic,0.0,0.25,1.8526104814522804,0.0,2.2,0.5542665715124151
70,Transporter-state,Tonic,0.0,0.25,1.8526104814522804,0.0,2.2,0.5542665715124151
71,Transporter-state,Tonic,0.0,0.25,1.8526104814522804,0.0,2.2,0.5542665715124151
72,Transporter-state,Tonic,0.0,0.25,1.8526104814522804,0.0,2.2,0.5542665715124151
73,Transporter-state,Tonic,0.0,0.25,1.8526104814522804,0.0,2.2,0.5542665715124151
74,Transporter-state,Tonic,0.0,0.25,1.8526104814522804,0.0,2.2,0.5542665715124151
75,Transporter-state,Tonic,0.0,0.25,1.8526104814522804,0.0,2.2,0.5542665715124151
76,Transporter-state,Tonic,0.0,0.25,1.8526104814522804,0.0,2.2,0.5542665715124151
77,Transporter-state,Tonic,0.0,0.25,1.8526104814522804,0.0,2.2,0.5542665715124151
78,Transporter-state,Tonic,0.0,0.25,1.8526104814522804,0.0,2.2,0.5542665715124151
79,Transporter-state,Tonic,0.0,0.25,1.8526104814522804,0.0,2.2,0.5542665715124151
80,Transporter-state,Tonic,0.0,0.25,1.8526104814522804,0.0,2.2,0.5542665715124151
81,Transporter-state,Tonic,0.0,0.25,1.8526104814522804,0.0,2.2,0.5542665715124151
82,Transporter-state,Tonic,0.0,0.25,1.8526104814522804,0.0,2.2,0.5542665715124151
83,Transporter-state,Tonic,0.0,0.25,1.8526104814522804,0.0,2.2,0.5542665715124151
84,Transporter-state,Tonic,0.0,0.25,1.8526104814522804,0.0,2.2,0.5542665715124151
85,Transporter-state,Tonic,0.0,0.25,1.8526104814522804,0.0,2.2,0.5542665715124151
86,Transporter-state,Tonic,0.0,0.25,1.8526104814522804,0.0,2.2,0.5542665715124151
87,Transporter-state,Tonic,0.0,0.25,1.8526104814522804,0.0,2.2,0.5542665715124151
88,Transporter-state,Tonic,0.0,0.25,1.8526104814522804,0.0,2.2,0.5542665715124151
89,Transporter-state,Tonic,0.0,0.25,1.8526104814522804,0.0,2.2,0.5542665715124151
90,Transporter-state,Tonic,0.0,0.25,1.8526104814522804,0.0,2.2,0.5542665715124151
91,Transporter-state,Tonic,0.0,0.25,1.8526104814522804,0.0,2.2,0.5542665715124151
92,Transporter-state,Tonic,0.0,0.25,1.8526104814522804,0.0,2.2,0.5542665715124151
93,Transporter-state,Tonic,0.0,0.25,1.8526104814522804,0.0,2.2,0.5542665715124151
94,Transporter-state,Tonic,0.0,0.25,1.8526104814522804,0.0,2.2,0.5542665715124151
95,Transporter-state,Tonic,0.0,0.25,1.8526104814522804,0.0,2.2,0.5542665715124151
96,Transporter-state,Tonic,0.0,0.25,1.8526104814522804,0.0,2.2,0.5542665715124151
97,Transporter-state,Tonic,0.0,0.25,1.8526104814522804,0.0,2.2,0.5542665715124151
98,Transporter-state,Tonic,0.0,0.25,1.8526104814522804,0.0,2.2,0.5542665715124151
99,Transporter-state,Tonic,0.0,0.25,1.8526104814522804,0.0,2.2,0.5542665715124151
100,Transporter-state,Tonic,0.0,0.25,1.8526104814522804,0.0,2.2,0.5542665715124151
101,Transporter-state,Tonic,0.0,0.25,1.8526104814522804,0.0,2.2,0.5542665715124151
102,Transporter-state,Tonic,0.0,0.25,1.8526104814522804,0.0,2.2,0.5542665715124151
103,Transporter-state,Tonic,0.0,0.25,1.8526104814522804,0.0,2.2,0.5542665715124151
104,Transporter-state,Tonic,0.0,0.25,1.8526104814522804,0.0,2.2,0.5542665715124151
105,Transporter-state,Tonic,0.0,0.25,1.8526104814522804,0.0,2.2,0.5542665715124151
106,Transporter-state,Tonic,0.0,0.25,1.8526104814522804,0.0,2.2,0.5542665715124151
107,Transporter-state,Tonic,0.0,0.25,1.8526104814522804,0.0,2.2,0.5542665715124151
108,Transporter-state,Tonic,0.0,0.25,1.8526104814522804,0.0,2.2,0.5542665715124151
109,Transporter-state,Tonic,0.0,0.25,1.8526104814522804,0.0,2.2,0.5542665715124151
110,Transporter-state,Tonic,0.0,0.25,1.8526104814522804,0.0,2.2,0.5542665715124151
111,Transporter-state,Tonic,0.0,0.25,1.8526104814522804,0.0,2.2,0.5542665715124151
112,Transporter-state,Tonic,0.0,0.25,1.8526104814522804,0.0,2.2,0.5542665715124151
113,Transporter-state,Tonic,0.0,0.25,1.8526104814522804,0.0,2.2,0.5542665715124151
114,Transporter-state,Tonic,0.0,0.25,1.8526104814522804,0.0,2.2,0.5542665715124151
115,Transporter-state,Tonic,0.0,0.25,1.8526104814522804,0.0,2.2,0.5542665715124151
116,Transporter-state,Tonic,0.0,0.25,1.8526104814522804,0.0,2.2,0.5542665715124151
117,Transporter-state,Tonic,0.0,0.25,1.8526104814522804,0.0,2.2,0.5542665715124151
118,Transporter-state,Tonic,0.0,0.25,1.8526104814522804,0.0,2.2,0.5542665715124151
119,Transporter-state,Tonic,0.0,0.25,1.8526104814522804,0.0,2.2,0.5542665715124151
120,Transporter-state,Tonic,0.0,0.25,1.8526104814522804,0.0,2.2,0.5542665715124151
121,Transporter-state,Tonic,0.0,0.25,1.8526104814522804,0.0,2.2,0.5542665715124151
122,Transporter-state,Tonic,0.0,0.25,1.8526104814522804,0.0,2.2,0.5542665715124151
123,Transporter-state,Tonic,0.0,0.25,1.8526104814522804,0.0,2.2,0.5542665715124151
124,Transporter-state,Tonic,0.0,0.25,1.8526104814522804,0.0,2.2,0.5542665715124151
125,Transporter-state,Tonic,0.0,0.25,1.8526104814522804,0.0,2.2,0.5542665715124151
126,Transporter-state,Tonic,0.0,0.25,1.8526104814522804,0.0,2.2,0.5542665715124151
127,Transporter-state,Tonic,0.0,0.25,1.8526104814522804,0.0,2.2,0.5542665715124151
128,Transporter-state,Tonic,0.0,0.25,1.8526104814522804,0.0,2.2,0.5542665715124151
129,Transporter-state,Tonic,0.0,0.25,1.8526104814522804,0.0,2.2,0.5542665715124151
130,Transporter-state,Tonic,0.0,0.25,1.8526104814522804,0.0,2.2,0.5542665715124151
131,Transporter-state,Tonic,0.0,0.25,1.8526104814522804,0.0,2.2,0.5542665715124151
132,Transporter-state,Tonic,0.0,0.25,1.8526104814522804,0.0,2.2,0.5542665715124151
133,Transporter-state,Tonic,0.0,0.25,1.8526104814522804,0.0,2.2,0.5542665715124151
134,Transporter-state,Tonic,0.0,0.25,1.8526104814522804,0.0,2.2,0.5542665715124151
135,Transporter-state,Tonic,0.0,0.25,1.8526104814522804,0.0,2.2,0.5542665715124151
136,Transporter-state,Tonic,0.0,0.25,1.8526104814522804,0.0,2.2,0.5542665715124151
137,Transporter-state,Tonic,0.0,0.25,1.8526104814522804,0.0,2.2,0.5542665715124151
138,Transporter-state,Tonic,0.0,0.25,1.8526104814522804,0.0,2.2,0.5542665715124151
139,Transporter-state,Tonic,0.0,0.25,1.8526104814522804,0.0,2.2,0.5542665715124151
140,Transporter-state,Tonic,0.0,0.25,1.8526104814522804,0.0,2.2,0.5542665715124151
141,Transporter-state,Tonic,0.0,0.25,1.8526104814522804,0.0,2.2,0.5542665715124151
142,Transporter-state,Tonic,0.0,0.25,1.8526104814522804,0.0,2.2,0.5542665715124151
143,Transporter-state,Tonic,0.0,0.25,1.8526104814522804,0.0,2.2,0.5542665715124151
144,Transporter-state,Tonic,0.0,0.25,1.8526104814522804,0.0,2.2,0.5542665715124151
145,Transporter-state,Tonic,0.0,0.25,1.8526104814522804,0.0,2.2,0.5542665715124151
146,Transporter-state,Tonic,0.0,0.25,1.8526104814522804,0.0,2.2,0.5542665715124151
147,Transporter-state,Tonic,0.0,0.25,1.8526104814522804,0.0,2.2,0.5542665715124151
148,Transporter-state,Tonic,0.0,0.25,1.8526104814522804,0.0,2.2,0.5542665715124151
149,Transporter-state,Tonic,0.0,0.25,1.8526104814522804,0.0,2.2,0.5542665715124151
150,Transporter-state,Tonic,0.0,0.25,1.8526104814522804,0.0,2.2,0.5542665715124151
151,Transporter-state,Tonic,0.0,0.25,1.8526104814522804,0.0,2.2,0.5542665715124151
152,Transporter-state,Tonic,0.0,0.25,1.8526104814522804,0.0,2.2,0.5542665715124151
153,Transporter-state,Tonic,0.0,0.25,1.8526104814522804,0.0,2.2,0.5542665715124151
154,Transporter-state,Tonic,0.0,0.25,1.8526104814522804,0.0,2.2,0.5542665715124151
155,Transporter-state,Tonic,0.0,0.25,1.8526104814522804,0.0,2.2,0.5542665715124151
156,Transporter-state,Tonic,0.0,0.25,1.8526104814522804,0.0,2.2,0.5542665715124151
157,Transporter-state,Tonic,0.0,0.25,1.8526104814522804,0.0,2.2,0.5542665715124151
158,Transporter-state,Tonic,0.0,0.25,1.8526104814522804,0.0,2.2,0.5542665715124151
159,Transporter-state,Tonic,0.0,0.25,1.8526104814522804,0.0,2.2,0.5542665715124151
160,Transporter-state,Tonic,0.0,0.25,1.8526104814522804,0.0,2.2,0.5542665715124151
161,Transporter-state,Tonic,0.0,0.25,1.8526104814522804,0.0,2.2,0.5542665715124151
162,Transporter-state,Tonic,0.0,0.25,1.8526104814522804,0.0,2.2,0.5542665715124151
163,Transporter-state,Tonic,0.0,0.25,1.8526104814522804,0.0,2.2,0.5542665715124151
164,Transporter-state,Tonic,0.0,0.25,1.8526104814522804,0.0,2.2,0.5542665715124151
165,Transporter-state,Tonic,0.0,0.25,1.8526104814522804,0.0,2.2,0.5542665715124151
166,Transporter-state,Tonic,0.0,0.25,1.8526104814522804,0.0,2.2,0.5542665715124151
167,Transporter-state,Tonic,0.0,0.25,1.8526104814522804,0.0,2.2,0.5542665715124151
168,Transporter-state,Tonic,0.0,0.25,1.8526104814522804,0.0,2.2,0.5542665715124151
169,Transporter-state,Tonic,0.0,0.25,1.8526104814522804,0.0,2.2,0.5542665715124151
170,Transporter-state,Tonic,0.0,0.25,1.8526104814522804,0.0,2.2,0.5542665715124151
171,Transporter-state,Tonic,0.0,0.25,1.8526104814522804,0.0,2.2,0.5542665715124151
172,Transporter-state,Tonic,0.0,0.25,1.8526104814522804,0.0,2.2,0.5542665715124151
173,Transporter-state,Tonic,0.0,0.25,1.8526104814522804,0.0,2.2,0.5542665715124151
174,Transporter-state,Tonic,0.0,0.25,1.8526104814522804,0.0,2.2,0.5542665715124151
175,Transporter-state,Tonic,0.0,0.25,1.8526104814522804,0.0,2.2,0.5542665715124151
176,Transporter-state,Tonic,0.0,0.25,1.8526104814522804,0.0,2.2,0.5542665715124151
177,Transporter-state,Tonic,0.0,0.25,1.8526104814522804,0.0,2.2,0.5542665715124151
178,Transporter-state,Tonic,0.0,0.25,1.8526104814522804,0.0,2.2,0.5542665715124151
179,Transporter-state,Tonic,0.0,0.25,1.8526104814522804,0.0,2.2,0.5542665715124151
180,Transporter-state,Tonic,0.0,0.25,1.8526104814522804,0.0,2.2,0.5542665715124151
181,Transporter-state,Tonic,0.0,0.25,1.8526104814522804,0.0,2.2,0.5542665715124151
182,Transporter-state,Tonic,0.0,0.25,1.8526104814522804,0.0,2.2,0.5542665715124151
183,Transporter-state,Tonic,0.0,0.25,1.8526104814522804,0.0,2.2,0.5542665715124151
184,Transporter-state,Tonic,0.0,0.25,1.8526104814522804,0.0,2.2,0.5542665715124151
185,Transporter-state,Tonic,0.0,0.25,1.8526104814522804,0.0,2.2,0.5542665715124151
186,Transporter-state,Tonic,0.0,0.25,1.8526104814522804,0.0,2.2,0.5542665715124151
187,Transporter-state,Tonic,0.0,0.25,1.8526104814522804,0.0,2.2,0.5542665715124151
188,Transporter-state,Tonic,0.0,0.25,1.8526104814522804,0.0,2.2,0.5542665715124151
189,Transporter-state,Tonic,0.0,0.25,1.8526104814522804,0.0,2.2,0.5542665715124151
190,Transporter-state,Tonic,0.0,0.25,1.8526104814522804,0.0,2.2,0.5542665715124151
191,Transporter-state,Tonic,0.0,0.25,1.8526104814522804,0.0,2.2,0.5542665715124151
192,Transporter-state,Tonic,0.0,0.25,1.8526104814522804,0.0,2.2,0.5542665715124151
193,Transporter-state,Tonic,0.0,0.25,1.8526104814522804,0.0,2.2,0.5542665715124151
194,Transporter-state,Tonic,0.0,0.25,1.8526104814522804,0.0,2.2,0.5542665715124151
195,Transporter-state,Tonic,0.0,0.25,1.8526104814522804,0.0,2.2,0.5542665715124151
196,Transporter-state,Tonic,0.0,0.25,1.8526104814522804,0.0,2.2,0.5542665715124151
197,Transporter-state,Tonic,0.0,0.25,1.8526104814522804,0.0,2.2,0.5542665715124151
198,Transporter-state,Tonic,0.0,0.25,1.8526104814522804,0.0,2.2,0.5542665715124151
199,Transporter-state,Tonic,0.0,0.25,1.8526104814522804,0.0,2.2,0.5542665715124151
200,Transporter-state,Tonic,0.0,0.25,1.8526104814522804,0.0,2.2,0.5542665715124151
201,Transporter-state,Tonic,0.0,0.25,1.8526104814522804,0.0,2.2,0.5542665715124151
202,Transporter-state,Tonic,0.0,0.25,1.8526104814522804,0.0,2.2,0.5542665715124151
203,Transporter-state,Tonic,0.0,0.25,1.8526104814522804,0.0,2.2,0.5542665715124151
204,Transporter-state,Tonic,0.0,0.25,1.8526104814522804,0.0,2.2,0.5542665715124151
205,Transporter-state,Tonic,0.0,0.25,1.8526104814522804,0.0,2.2,0.5542665715124151
206,Transporter-state,Tonic,0.0,0.25,1.8526104814522804,0.0,2.2,0.5542665715124151
207,Transporter-state,Tonic,0.0,0.25,1.8526104814522804,0.0,2.2,0.5542665715124151
208,Transporter-state,Tonic,0.0,0.25,1.8526104814522804,0.0,2.2,0.5542665715124151
209,Transporter-state,Tonic,0.0,0.25,1.8526104814522804,0.0,2.2,0.5542665715124151
210,Transporter-state,Tonic,0.0,0.25,1.8526104814522804,0.0,2.2,0.5542665715124151
211,Transporter-state,Tonic,0.0,0.25,1.8526104814522804,0.0,2.2,0.5542665715124151
212,Transporter-state,Tonic,0.0,0.25,1.8526104814522804,0.0,2.2,0.5542665715124151
213,Transporter-state,Tonic,0.0,0.25,1.8526104814522804,0.0,2.2,0.5542665715124151
214,Transporter-state,Tonic,0.0,0.25,1.8526104814522804,0.0,2.2,0.5542665715124151
215,Transporter-state,Tonic,0.0,0.25,1.8526104814522804,0.0,2.2,0.5542665715124151
216,Transporter-state,Tonic,0.0,0.25,1.8526104814522804,0.0,2.2,0.5542665715124151
217,Transporter-state,Tonic,0.0,0.25,1.8526104814522804,0.0,2.2,0.5542665715124151
218,Transporter-state,Tonic,0.0,0.25,1.8526104814522804,0.0,2.2,0.5542665715124151
219,Transporter-state,Tonic,0.0,0.25,1.8526104814522804,0.0,2.2,0.5542665715124151
220,Transporter-state,Tonic,0.0,0.25,1.8526104814522804,0.0,2.2,0.5542665715124151
221,Transporter-state,Tonic,0.0,0.25,1.8526104814522804,0.0,2.2,0.5542665715124151
222,Transporter-state,Tonic,0.0,0.25,1.8526104814522804,0.0,2.2,0.5542665715124151
223,Transporter-state,Tonic,0.0,0.25,1.8526104814522804,0.0,2.2,0.5542665715124151
224,Transporter-state,Tonic,0.0,0.25,1.8526104814522804,0.0,2.2,0.5542665715124151
225,Transporter-state,Tonic,0.0,0.25,1.8526104814522804,0.0,2.2,0.5542665715124151
226,Transporter-state,Tonic,0.0,0.25,1.8526104814522804,0.0,2.2,0.5542665715124151
227,Transporter-state,Tonic,0.0,0.25,1.8526104814522804,0.0,2.2,0.5542665715124151
228,Transporter-state,Tonic,0.0,0.25,1.8526104814522804,0.0,2.2,0.5542665715124151
229,Transporter-state,Tonic,0.0,0.25,1.8526104814522804,0.0,2.2,0.5542665715124151
230,Transporter-state,Tonic,0.0,0.25,1.8526104814522804,0.0,2.2,0.5542665715124151
231,Transporter-state,Tonic,0.0,0.25,1.8526104814522804,0.0,2.2,0.5542665715124151
232,Transporter-state,Tonic,0.0,0.25,1.8526104814522804,0.0,2.2,0.5542665715124151
233,Transporter-state,Tonic,0.0,0.25,1.8526104814522804,0.0,2.2,0.5542665715124151
234,Transporter-state,Tonic,0.0,0.25,1.8526104814522804,0.0,2.2,0.5542665715124151
235,Transporter-state,Tonic,0.0,0.25,1.8526104814522804,0.0,2.2,0.5542665715124151
236,Transporter-state,Tonic,0.0,0.25,1.8526104814522804,0.0,2.2,0.5542665715124151
237,Transporter-state,Tonic,0.0,0.25,1.8526104814522804,0.0,2.2,0.5542665715124151
238,Transporter-state,Tonic,0.0,0.25,1.8526104814522804,0.0,2.2,0.5542665715124151
239,Transporter-state,Tonic,0.0,0.25,1.8526104814522804,0.0,2.2,0.5542665715124151
240,Transporter-state,Tonic,0.0,0.25,1.8526104814522804,0.0,2.2,0.5542665715124151
241,Transporter-state,Tonic,0.0,0.25,1.8526104814522804,0.0,2.2,0.5542665715124151
242,Transporter-state,Tonic,0.0,0.25,1.8526104814522804,0.0,2.2,0.5542665715124151
243,Transporter-state,Tonic,0.0,0.25,1.8526104814522804,0.0,2.2,0.5542665715124151
244,Transporter-state,Tonic,0.0,0.25,1.8526104814522804,0.0,2.2,0.5542665715124151
245,Transporter-state,Tonic,0.0,0.25,1.8526104814522804,0.0,2.2,0.5542665715124151
246,Transporter-state,Tonic,0.0,0.25,1.8526104814522804,0.0,2.2,0.5542665715124151
247,Transporter-state,Tonic,0.0,0.25,1.8526104814522804,0.0,2.2,0.5542665715124151
248,Transporter-state,Tonic,0.0,0.25,1.8526104814522804,0.0,2.2,0.5542665715124151
249,Transporter-state,Tonic,0.0,0.25,1.8526104814522804,0.0,2.2,0.5542665715124151
250,Transporter-state,Tonic,0.0,0.25,1.8526104814522804,0.0,2.2,0.5542665715124151
251,Transporter-state,Tonic,0.0,0.25,1.8526104814522804,0.0,2.2,0.5542665715124151
252,Transporter-state,Tonic,0.0,0.25,1.8526104814522804,0.0,2.2,0.5542665715124151
253,Transporter-state,Tonic,0.0,0.25,1.8526104814522804,0.0,2.2,0.5542665715124151
254,Transporter-state,Tonic,0.0,0.25,1.8526104814522804,0.0,2.2,0.5542665715124151
255,Transporter-state,Tonic,0.0,0.25,1.8526104814522804,0.0,2.2,0.5542665715124151
256,Transporter-state,Tonic,0.0,0.25,1.8526104814522804,0.0,2.2,0.5542665715124151
257,Transporter-state,Tonic,0.0,0.25,1.8526104814522804,0.0,2.2,0.5542665715124151
258,Transporter-state,Tonic,0.0,0.25,1.8526104814522804,0.0,2.2,0.5542665715124151
259,Transporter-state,Tonic,0.0,0.25,1.8526104814522804,0.0,2.2,0.5542665715124151
260,Transporter-state,Tonic,0.0,0.25,1.8526104814522804,0.0,2.2,0.5542665715124151
261,Transporter-state,Tonic,0.0,0.25,1.8526104814522804,0.0,2.2,0.5542665715124151
262,Transporter-state,Tonic,0.0,0.25,1.8526104814522804,0.0,2.2,0.5542665715124151
263,Transporter-state,Tonic,0.0,0.25,1.8526104814522804,0.0,2.2,0.5542665715124151
264,Transporter-state,Tonic,0.0,0.25,1.8526104814522804,0.0,2.2,0.5542665715124151
265,Transporter-state,Tonic,0.0,0.25,1.8526104814522804,0.0,2.2,0.5542665715124151
266,Transporter-state,Tonic,0.0,0.25,1.8526104814522804,0.0,2.2,0.5542665715124151
267,Transporter-state,Tonic,0.0,0.25,1.8526104814522804,0.0,2.2,0.5542665715124151
268,Transporter-state,Tonic,0.0,0.25,1.8526104814522804,0.0,2.2,0.5542665715124151
269,Transporter-state,Tonic,0.0,0.25,1.8526104814522804,0.0,2.2,0.5542665715124151
270,Transporter-state,Tonic,0.0,0.25,1.8526104814522804,0.0,2.2,0.5542665715124151
271,Transporter-state,Tonic,0.0,0.25,1.8526104814522804,0.0,2.2,0.5542665715124151
272,Transporter-state,Tonic,0.0,0.25,1.8526104814522804,0.0,2.2,0.5542665715124151
273,Transporter-state,Tonic,0.0,0.25,1.8526104814522804,0.0,2.2,0.5542665715124151
274,Transporter-state,Tonic,0.0,0.25,1.8526104814522804,0.0,2.2,0.5542665715124151
275,Transporter-state,Tonic,0.0,0.25,1.8526104814522804,0.0,2.2,0.5542665715124151
276,Transporter-state,Tonic,0.0,0.25,1.8526104814522804,0.0,2.2,0.5542665715124151
277,Transporter-state,Tonic,0.0,0.25,1.8526104814522804,0.0,2.2,0.5542665715124151
278,Transporter-state,Tonic,0.0,0.25,1.8526104814522804,0.0,2.2,0.5542665715124151
279,Transporter-state,Tonic,0.0,0.25,1.8526104814522804,0.0,2.2,0.5542665715124151
280,Transporter-state,Tonic,0.0,0.25,1.8526104814522804,0.0,2.2,0.5542665715124151
281,Transporter-state,Tonic,0.0,0.25,1.8526104814522804,0.0,2.2,0.5542665715124151
282,Transporter-state,Tonic,0.0,0.25,1.8526104814522804,0.0,2.2,0.5542665715124151
283,Transporter-state,Tonic,0.0,0.25,1.8526104814522804,0.0,2.2,0.5542665715124151
284,Transporter-state,Tonic,0.0,0.25,1.8526104814522804,0.0,2.2,0.5542665715124151
285,Transporter-state,Tonic,0.0,0.25,1.8526104814522804,0.0,2.2,0.5542665715124151
286,Transporter-state,Tonic,0.0,0.25,1.8526104814522804,0.0,2.2,0.5542665715124151
287,Transporter-state,Tonic,0.0,0.25,1.8526104814522804,0.0,2.2,0.5542665715124151
288,Transporter-state,Tonic,0.0,0.25,1.8526104814522804,0.0,2.2,0.5542665715124151
289,Transporter-state,Tonic,0.0,0.25,1.8526104814522804,0.0,2.2,0.5542665715124151
290,Transporter-state,Tonic,0.0,0.25,1.8526104814522804,0.0,2.2,0.5542665715124151
291,Transporter-state,Tonic,0.0,0.25,1.8526104814522804,0.0,2.2,0.5542665715124151
292,Transporter-state,Tonic,0.0,0.25,1.8526104814522804,0.0,2.2,0.5542665715124151
293,Transporter-state,Tonic,0.0,0.25,1.8526104814522804,0.0,2.2,0.5542665715124151
294,Transporter-state,Tonic,0.0,0.25,1.8526104814522804,0.0,2.2,0.5542665715124151
295,Transporter-state,Tonic,0.0,0.25,1.8526104814522804,0.0,2.2,0.5542665715124151
296,Transporter-state,Tonic,0.0,0.25,1.8526104814522804,0.0,2.2,0.5542665715124151
297,Transporter-state,Tonic,0.0,0.25,1.8526104814522804,0.0,2.2,0.5542665715124151
298,Transporter-state,Tonic,0.0,0.25,1.8526104814522804,0.0,2.2,0.5542665715124151
299,Transporter-state,Tonic,0.0,0.25,1.8526104814522804,0.0,2.2,0.5542665715124151
0,Linear,Poisson,0.0,0.2507715115756421,1.8667690465374982,1.7156128689872486e-05,1.68,1.0
1,Linear,Poisson,0.0,0.2668467626710926,1.8667690465374953,0.0006307750455829864,1.68,1.0
2,Linear,Poisson,0.0,0.28260168657669504,1.8667690465374942,0.0018965644857419184,1.72,1.0
3,Linear,Poisson,0.0,0.316696186232816,1.8667690465374938,0.0034538077080868597,1.68,1.0
4,Linear,Poisson,0.0,0.2698629058948957,1.8667690465374918,0.0005489001710839625,1.68,1.0
5,Linear,Poisson,0.0,0.2559156842088235,1.8667690465374924,0.00011872192304246079,1.68,1.0
6,Linear,Poisson,0.0,0.4619373896727398,1.866769046537493,0.023387389564795247,1.68,1.0
7,Linear,Poisson,0.0,0.2500002780664008,1.8667690465374907,5.5659122899509585e-09,1.68,1.0
8,Linear,Poisson,0.0,0.2562505148546522,1.8667690465375049,0.00012745962811254395,1.68,1.0
9,Linear,Poisson,0.0,0.25232017757999514,1.8667690465374955,4.641574988333064e-05,1.68,1.0
10,Linear,Poisson,0.0,0.48660787736633965,1.8667690465374933,0.027935808431862504,1.68,1.0
11,Linear,Poisson,0.0,0.25245150077611644,1.8667690465374915,4.90732934660243e-05,1.68,1.0
12,Linear,Poisson,0.0,0.25000436203329296,1.8667690465374918,1.5238754119017984e-07,1.68,1.0
13,Linear,Poisson,0.0,0.26025919003613524,1.8667690465374913,0.00020518499135213641,1.68,1.0
14,Linear,Poisson,0.0,0.25232017757999525,1.8667690465375024,7.910432435889403e-05,1.68,1.0
15,Linear,Poisson,0.0,0.25149360153858125,1.8667690465374918,3.0308344297568234e-05,1.68,1.0
16,Linear,Poisson,0.0,0.2500465429355941,1.8667690465374949,9.308590562173702e-07,1.68,1.0
17,Linear,Poisson,0.0,0.25000000011189577,1.8667690465374935,3.094510203638379e-12,1.68,1.0
18,Linear,Poisson,0.0,0.4023196268027409,1.8667690465374942,0.014657768733038049,1.68,1.0
19,Linear,Poisson,0.0,0.25000003248081787,1.8667690465374975,1.3550819522034628e-09,1.68,1.0
20,Linear,Poisson,0.0,0.26879888000847246,1.8667690465374926,0.00046397523499281946,1.7,1.0
21,Linear,Poisson,0.0,0.26351036619335844,1.8667690465374962,0.0002702101962939784,1.68,1.0
22,Linear,Poisson,0.0,0.2776380654079742,1.866769046537492,0.0013134854571854881,1.68,1.0
23,Linear,Poisson,0.0,0.3722079584255237,1.8667690465374966,0.00985906298717579,1.68,1.0
24,Linear,Poisson,0.0,0.35946565259888374,1.8667690465374953,0.007922260859232606,1.68,1.0
25,Linear,Poisson,0.0,0.450584223620097,1.8667690465374969,0.02150998970806896,1.68,1.0
26,Linear,Poisson,0.0,0.47393315052776896,1.8667690465374935,0.028488836813648593,1.76,1.0
27,Linear,Poisson,0.0,0.2514936015381509,1.866769046537493,3.0080358314492626e-05,1.68,1.0
28,Linear,Poisson,0.0,0.25000000915542153,1.8667690465374929,1.9300388953702454e-10,1.68,1.0
29,Linear,Poisson,0.0,0.26508303500570723,1.8667690465375009,0.000364086491159612,1.7,1.0
30,Linear,Poisson,0.0,0.25000034657062725,1.8667690465374984,6.9314150663579715e-09,1.68,1.0
31,Linear,Poisson,0.0,0.25501502268620196,1.8667690465375018,0.00010059737737650454,1.68,1.0
32,Linear,Poisson,0.0,0.26508303500570723,1.8667690465374918,0.00031931998997027924,1.68,1.0
33,Linear,Poisson,0.0,0.2500005383667455,1.8667690465374926,1.7727335658301868e-08,1.68,1.0
34,Linear,Poisson,0.0,0.2501006016493381,1.8667690465374909,2.012036287362129e-06,1.68,1.0
35,Linear,Poisson,0.0,0.25000844537010314,1.8667690465374953,1.738914814231052e-07,1.68,1.0
36,Linear,Poisson,0.0,0.25232017757999514,1.8667690465375035,6.789852275706275e-05,1.68,1.0
37,Linear,Poisson,0.0,0.348051953843923,1.8667690465375009,0.006561556285229163,1.68,1.0
38,Linear,Poisson,0.0,0.2536041901840679,1.8667690465375013,7.241124438530867e-05,1.68,1.0
39,Linear,Poisson,0.0,0.333123500599972,1.8667690465374962,0.004988677728625414,1.68,1.0
40,Linear,Poisson,0.0,0.35946565259888374,1.866769046537489,0.007952302223183397,1.68,1.0
41,Linear,Poisson,0.0,0.34805366466747145,1.8667690465374924,0.0065596912179487704,1.8,1.0
42,Linear,Poisson,0.0,0.32867070014486754,1.8667690465375057,0.004647105934770978,1.68,1.0
43,Linear,Poisson,0.0,0.2501123121443847,1.8667690465374986,2.246242892344208e-06,1.68,1.0
44,Linear,Poisson,0.0,0.25000045640017093,1.8667690465374969,1.3476252616051454e-08,1.68,1.0
45,Linear,Poisson,0.0,0.28639667295791854,1.8667690465375024,0.0013051882319143125,1.68,1.0
46,Linear,Poisson,0.0,0.260839865254872,1.8667690465374978,0.000216797311884086,1.68,1.0
47,Linear,Poisson,0.0,0.2508612448938835,1.8667690465374962,1.728712553442757e-05,1.68,1.0
48,Linear,Poisson,0.0,0.25024276051395494,1.8667690465374924,4.859209845745616e-06,1.68,1.0
49,Linear,Poisson,0.0,0.29293328446448264,1.8667690465374989,0.0018046103335262707,1.68,1.0
50,Linear,Poisson,0.0,0.25052472212563065,1.866769046537494,1.3990010352814551e-05,1.68,1.0
51,Linear,Poisson,0.0,0.25380818912728753,1.8667690465374929,8.854296237882364e-05,1.68,1.0
52,Linear,Poisson,0.0,0.2509099919444424,1.866769046537499,1.858649822534919e-05,1.68,1.0
53,Linear,Poisson,0.0,0.25000004277411203,1.8667690465374978,1.8629803810732426e-09,1.68,1.0
54,Linear,Poisson,0.0,0.2528917747594017,1.866769046537491,5.78629488317528e-05,1.68,1.0
55,Linear,Poisson,0.0,0.25000032800536187,1.866769046537495,6.560111799336354e-09,1.68,1.0
56,Linear,Poisson,0.0,0.25529887120962275,1.8667690465374958,0.0001165193342931059,1.68,1.0
57,Linear,Poisson,0.0,0.2677918523826748,1.8667690465374955,0.0004451290031364741,1.68,1.0
58,Linear,Poisson,0.0,0.38643352730248837,1.866769046537501,0.011399273969408662,1.68,1.0
59,Linear,Poisson,0.0,0.25737306765963275,1.8667690465374955,0.00014746180141949285,1.68,1.0
60,Linear,Poisson,0.0,0.5,1.8667690465374904,0.03261028660005244,1.68,1.0
61,Linear,Poisson,0.0,0.25779038692805,1.866769046537494,0.00015595903442776506,1.68,1.0
62,Linear,Poisson,0.0,0.2500015324404288,1.866769046537493,4.924683603579893e-08,1.68,1.0
63,Linear,Poisson,0.0,0.35946565259888374,1.8667690465374949,0.007925674116360129,1.68,1.0
64,Linear,Poisson,0.0,0.28845674261044324,1.8667690465374902,0.001396869746287613,1.68,1.0
65,Linear,Poisson,0.0,0.2792023935504747,1.8667690465375006,0.0009606259469825717,1.68,1.0
66,Linear,Poisson,0.0,0.2500000000005667,1.8667690465374942,1.2170264795940967e-14,1.68,1.0
67,Linear,Poisson,0.0,0.25529887120962275,1.8667690465374915,0.000105978149427155,1.68,1.0
68,Linear,Poisson,0.0,0.2698629058948958,1.866769046537499,0.0005071667825713145,1.68,1.0
69,Linear,Poisson,0.0,0.27475631624513464,1.8667690465374953,0.0007018468794407595,1.68,1.0
70,Linear,Poisson,0.0,0.25004169002480947,1.866769046537494,8.515170696010709e-07,1.68,1.0
71,Linear,Poisson,0.0,0.2508612448938835,1.8667690465374944,1.72351940145965e-05,1.68,1.0
72,Linear,Poisson,0.0,0.42004518936588153,1.8667690465374929,0.016502286471030532,1.68,1.0
73,Linear,Poisson,0.0,0.439888406824404,1.8667690465374944,0.01961444990398935,1.68,1.0
74,Linear,Poisson,0.0,0.2527368667505741,1.8667690465374882,5.8226674205614786e-05,1.68,1.0
75,Linear,Poisson,0.0,0.2500000002166423,1.8667690465374926,4.599002290106569e-12,1.68,1.0
76,Linear,Poisson,0.0,0.47393315052717017,1.8667690465374929,0.02613069026132349,1.68,1.0
77,Linear,Poisson,0.0,0.25003344944503647,1.8667690465374969,8.807811851407887e-07,1.68,1.0
78,Linear,Poisson,0.0,0.273430157752682,1.8667690465374973,0.0006442615052962375,1.68,1.0
79,Linear,Poisson,0.0,0.2501006016493381,1.8667690465374902,2.0123335301369674e-06,1.68,1.0
80,Linear,Poisson,0.0,0.25196692951952554,1.8667690465374964,4.249624823956077e-05,1.68,1.0
81,Linear,Poisson,0.0,0.25119837161971115,1.8667690465374922,2.420339752431722e-05,1.68,1.0
82,Linear,Poisson,0.0,0.2500008836402888,1.8667690465375002,2.2234795734599188e-08,1.68,1.0
83,Linear,Poisson,0.0,0.36566146256133547,1.8667690465374944,0.00866242432294904,1.68,1.0
84,Linear,Poisson,0.0,0.2555987899352766,1.866769046537504,0.0001168417199841898,1.68,1.0
85,Linear,Poisson,0.0,0.2500203794112747,1.8667690465374966,4.131125161577209e-07,1.68,1.0
86,Linear,Poisson,0.0,0.25196692951952554,1.8667690465374942,3.941403773698116e-05,1.68,1.0
87,Linear,Poisson,0.0,0.25002683772385265,1.8667690465374918,5.399625904733973e-07,1.68,1.0
88,Linear,Poisson,0.0,0.3244564294887954,1.8667690465374944,0.004150851031876622,1.68,1.0
89,Linear,Poisson,0.0,0.2547463716968341,1.866769046537492,9.492745896325205e-05,1.68,1.0
90,Linear,Poisson,0.0,0.2500465429355945,1.866769046537498,1.5485169607309945e-06,1.68,1.0
91,Linear,Poisson,0.0,0.2506189588897467,1.8667690465374995,1.2388393671484143e-05,1.68,1.0
92,Linear,Poisson,0.0,0.25003534270013406,1.8667690465374907,7.230264695845534e-07,1.68,1.0
93,Linear,Poisson,0.0,0.3065390048325238,1.8667690465374913,0.0026304698701843,1.68,1.0
94,Linear,Poisson,0.0,0.2500117512358232,1.8667690465374889,2.3502471752978592e-07,1.68,1.0
95,Linear,Poisson,0.0,0.2500000065798121,1.8667690465374944,1.3159630940506874e-10,1.68,1.0
96,Linear,Poisson,0.0,0.2759546878648458,1.8667690465374873,0.000984580142850461,1.68,1.0
97,Linear,Poisson,0.0,0.25027101895519205,1.8667690465374955,7.861794049858206e-06,1.68,1.0
98,Linear,Poisson,0.0,0.26351036619335844,1.8667690465374993,0.0005804260679409979,1.7,1.0
99,Linear,Poisson,0.0,0.25035690588801757,1.8667690465374973,1.125790289305928e-05,1.68,1.0
100,Linear,Poisson,0.0,0.26351036619335844,1.8667690465374873,0.0002720095674270695,1.68,1.0
101,Linear,Poisson,0.0,0.3941557322828093,1.8667690465374924,0.012511604184765676,1.68,1.0
102,Linear,Poisson,0.0,0.25779038692805,1.8667690465374949,0.00019221052257111128,1.68,1.0
103,Linear,Poisson,0.0,0.273430157752682,1.866769046537494,0.000644261494327274,1.68,1.0
104,Linear,Poisson,0.0,0.43983922953568455,1.8667690465374969,0.0196006950863529,1.68,1.0
105,Linear,Poisson,0.0,0.25002275166855237,1.8667690465374962,4.557794705173368e-07,1.68,1.0
106,Linear,Poisson,0.0,0.2709871561716267,1.8667690465374955,0.0005491594945945499,1.68,1.0
107,Linear,Poisson,0.0,0.2500036979117991,1.8667690465374973,1.483854913642002e-07,1.68,1.0
108,Linear,Poisson,0.0,0.25529887120962275,1.8667690465374964,0.00010597742830239732,1.68,1.0
109,Linear,Poisson,0.0,0.2709871561716267,1.866769046537493,0.0005491623687310333,1.68,1.0
110,Linear,Poisson,0.0,0.25529887120962275,1.8667690465374982,0.00011170484998545782,1.68,1.0
111,Linear,Poisson,0.0,0.25000001677634104,1.8667690465374913,3.3585122349855114e-10,1.68,1.0
112,Linear,Poisson,0.0,0.2504966135534104,1.8667690465374944,1.0146238270414276e-05,1.68,1.0
113,Linear,Poisson,0.0,0.2500001694147552,1.8667690465374953,4.156696474799659e-09,1.68,1.0
114,Linear,Poisson,0.0,0.2566042970802862,1.866769046537493,0.00014865512620191424,1.68,1.0
115,Linear,Poisson,0.0,0.2500004564001999,1.8667690465374958,9.445557154208474e-09,1.68,1.0
116,Linear,Poisson,0.0,0.2500131191337975,1.8667690465374984,2.8055036991325723e-07,1.68,1.0
117,Linear,Poisson,0.0,0.25779038692805,1.8667690465374938,0.0001566059726636937,1.68,1.0
118,Linear,Poisson,0.0,0.2659367422310668,1.8667690465374975,0.00042727036795239153,1.68,1.0
119,Linear,Poisson,0.0,0.2500852850038299,1.8667690465374953,1.7483460912803839e-06,1.68,1.0
120,Linear,Poisson,0.0,0.250000005279226,1.86676904653749,1.3224267458866735e-10,1.68,1.0
121,Linear,Poisson,0.0,0.3166930513297202,1.8667690465374978,0.004733067997818965,1.68,1.0
122,Linear,Poisson,0.0,0.2500240394242212,1.8667690465374993,4.821938121124525e-07,1.68,1.0
123,Linear,Poisson,0.0,0.2500000000897781,1.8667690465374958,2.3130508619573217e-12,1.68,1.0
124,Linear,Poisson,0.0,0.25101591901175785,1.8667690465374918,2.0318849131290005e-05,1.68,1.0
125,Linear,Poisson,0.0,0.26210167546581814,1.8667690465374989,0.0002516945478849952,1.68,1.0
126,Linear,Poisson,0.0,0.2500763925584015,1.8667690465374955,1.5483968970997355e-06,1.68,1.0
127,Linear,Poisson,0.0,0.2500684273051187,1.866769046537493,1.3977692976430144e-06,1.68,1.0
128,Linear,Poisson,0.0,0.301967626634625,1.8667690465374978,0.003564740233525067,1.68,1.0
129,Linear,Poisson,0.0,0.260839865254872,1.8667690465374926,0.0002168504582077091,1.68,1.0
130,Linear,Poisson,0.0,0.25006129256806925,1.8667690465374975,1.2265794343513382e-06,1.68,1.0
131,Linear,Poisson,0.0,0.2500000096736229,1.8667690465374969,2.0080212936868236e-10,1.68,1.0
132,Linear,Poisson,0.0,0.4619373896727398,1.8667690465374949,0.02416096403491295,1.68,1.0
133,Linear,Poisson,0.0,0.2562506507823608,1.8667690465374942,0.00014328260234106163,1.68,1.0
134,Linear,Poisson,0.0,0.2500215328960123,1.8667690465374958,4.306782732665937e-07,1.68,1.0
135,Linear,Poisson,0.0,0.25133786759228144,1.8667690465374964,2.7605362580024328e-05,1.68,1.0
136,Linear,Poisson,0.0,0.2864138876466016,1.8667690465374926,0.0015694053161950995,1.68,1.0
137,Linear,Poisson,0.0,0.25002683772385265,1.8667690465374935,5.577151807489856e-07,1.68,1.0
138,Linear,Poisson,0.0,0.3378283317584574,1.8667690465374982,0.008735709017995483,1.68,1.0
139,Linear,Poisson,0.0,0.26427505958776876,1.8667690465374986,0.00028814477864587347,1.68,1.0
140,Linear,Poisson,0.0,0.43983922953568455,1.866769046537492,0.03751523948411501,1.68,1.0
141,Linear,Poisson,0.0,0.2501651874738105,1.8667690465374895,5.315784658922462e-06,1.68,1.0
142,Linear,Poisson,0.0,0.250554429418418,1.8667690465375033,1.1167412485487691e-05,1.68,1.0
143,Linear,Poisson,0.0,0.2527368667505741,1.8667690465374953,5.473761956384493e-05,1.68,1.0
144,Linear,Poisson,0.0,0.38643352730248837,1.8667690465374969,0.01139932317217117,1.68,1.0
145,Linear,Poisson,0.0,0.2532283906520697,1.866769046537496,6.497540561561708e-05,1.68,1.0
146,Linear,Poisson,0.0,0.26351036619335844,1.8667690465374882,0.00027034279143389186,1.68,1.0
147,Linear,Poisson,0.0,0.2500002631708034,1.8667690465374962,5.303101648923558e-09,1.68,1.0
148,Linear,Poisson,0.0,0.2507301199787146,1.8667690465374942,1.4866349830227056e-05,1.68,1.0
149,Linear,Poisson,0.0,0.26210167546581814,1.8667690465374966,0.00024205207249179626,1.68,1.0
150,Linear,Poisson,0.0,0.28260168657669504,1.8667690465374962,0.0010778276002645303,1.68,1.0
151,Linear,Poisson,0.0,0.29293328446448264,1.8667690465374922,0.0016685142967929768,1.68,1.0
152,Linear,Poisson,0.0,0.250524922055979,1.866769046537498,1.4650022416808905e-05,1.68,1.0
153,Linear,Poisson,0.0,0.2668387697067179,1.8667690465374966,0.0003910872483182215,1.68,1.0
154,Linear,Poisson,0.0,0.250000568838569,1.8667690465374935,1.1645978144070314e-08,1.68,1.0
155,Linear,Poisson,0.0,0.2500008836402888,1.8667690465374935,1.7846843337609992e-08,1.68,1.0
156,Linear,Poisson,0.0,0.2500000000162905,1.8667690465374922,3.271150017525315e-13,1.68,1.0
157,Linear,Poisson,0.0,0.2792065219162285,1.8667690465374958,0.0015765391284582508,1.72,1.0
158,Linear,Poisson,0.0,0.3035102956873088,1.8667690465374986,0.0023997473243543865,1.68,1.0
159,Linear,Poisson,0.0,0.25027101895519205,1.8667690465374964,5.738071922218867e-06,1.68,1.0
160,Linear,Poisson,0.0,0.29536332955433875,1.8667690465374938,0.0018622513020523821,1.68,1.0
161,Linear,Poisson,0.0,0.251761842896689,1.8667690465374907,6.056287022623952e-05,1.68,1.0
162,Linear,Poisson,0.0,0.2532283906520699,1.8667690465374924,6.456781304266635e-05,1.68,1.0
163,Linear,Poisson,0.0,0.25033778697833353,1.866769046537496,8.28351972289143e-06,1.68,1.0
164,Linear,Poisson,0.0,0.26351036619335844,1.8667690465374893,0.0002741029229189207,1.68,1.0
165,Linear,Poisson,0.0,0.25000000001048694,1.8667690465374907,2.097444440352092e-13,1.68,1.0
166,Linear,Poisson,0.0,0.25028635876181377,1.8667690465374929,7.44489750383881e-06,1.68,1.0
167,Linear,Poisson,0.0,0.2536041901840679,1.8667690465374935,7.963889112060142e-05,1.68,1.0
168,Linear,Poisson,0.0,0.25011866906718705,1.8667690465374969,2.3979911764304697e-06,1.68,1.0
169,Linear,Poisson,0.0,0.3791250100959108,1.8667690465374966,0.013559500687488851,1.68,1.0
170,Linear,Poisson,0.0,0.2500006709983664,1.8667690465374955,1.3422819359343306e-08,1.68,1.0
171,Linear,Poisson,0.0,0.28085526343789463,1.8667690465374962,0.0010170209484826143,1.72,1.0
172,Linear,Poisson,0.0,0.3065390048325238,1.8667690465374966,0.002632199172186667,1.68,1.0
173,Linear,Poisson,0.0,0.26879888000847246,1.8667690465374924,0.00047335655791533093,1.68,1.0
174,Linear,Poisson,0.0,0.2500612925785562,1.8667690465374913,1.2267071781024707e-06,1.68,1.0
175,Linear,Poisson,0.0,0.25133786759228144,1.8667690465374964,5.072478702912942e-05,1.68,1.0
176,Linear,Poisson,0.0,0.450584223620097,1.866769046537496,0.021419941448784948,1.9000000000000001,1.0
177,Linear,Poisson,0.0,0.2627866362698086,1.866769046537497,0.000464304940457061,1.7,1.0
178,Linear,Poisson,0.0,0.25000000000224465,1.866769046537492,4.5047299224165727e-14,1.68,1.0
179,Linear,Poisson,0.0,0.34499534785178376,1.866769046537496,0.007522828117366336,1.8,1.0
180,Linear,Poisson,0.0,0.25009012358808225,1.8667690465374918,3.7098655010725513e-06,1.68,1.0
181,Linear,Poisson,0.0,0.2520782587010833,1.8667690465374918,4.173417112389388e-05,1.68,1.0
182,Linear,Poisson,0.0,0.27217503956887984,1.8667690465374986,0.000608016000237096,1.68,1.0
183,Linear,Poisson,0.0,0.35946565259888374,1.8667690465375055,0.007928572140621986,1.68,1.0
184,Linear,Poisson,0.0,0.5,1.866769046537496,0.03042553316697592,1.68,1.0
185,Linear,Poisson,0.0,0.29536332955433875,1.8667690465374966,0.0017973143450262252,1.68,1.0
186,Linear,Poisson,0.0,0.25003945675311007,1.8667690465374953,1.2197929825241706e-06,1.68,1.0
187,Linear,Poisson,0.0,0.3204679109548198,1.8667690465374933,0.0037940036235188934,1.68,1.0
188,Linear,Poisson,0.0,0.36566146256133547,1.8667690465374986,0.016608304270306386,1.68,1.0
189,Linear,Poisson,0.0,0.2698629058948957,1.8667690465375013,0.0005208399576600042,1.68,1.0
190,Linear,Poisson,0.0,0.25008071641490953,1.866769046537496,1.9680387745868446e-06,1.68,1.0
191,Linear,Poisson,0.0,0.3791249891865631,1.8667690465374929,0.010643966029550936,1.68,1.0
192,Linear,Poisson,0.0,0.2506539922683858,1.8667690465374898,1.3083679768737256e-05,1.68,1.0
193,Linear,Poisson,0.0,0.26879888000847246,1.866769046537491,0.0004967808831774689,1.68,1.0
194,Linear,Poisson,0.0,0.28845674261044324,1.8667690465374953,0.0014004367317878353,1.68,1.0
195,Linear,Poisson,0.0,0.2550150186773852,1.8667690465374907,0.00011890875243617982,1.68,1.0
196,Linear,Poisson,0.0,0.2502058001185729,1.8667690465374924,4.3510311886729715e-06,1.68,1.0
197,Linear,Poisson,0.0,0.2500316576087566,1.8667690465374949,6.83466302806579e-07,1.68,1.0
198,Linear,Poisson,0.0,0.2501479386073389,1.8667690465374998,4.954165967723246e-06,1.68,1.0
199,Linear,Poisson,0.0,0.43983922953568455,1.8667690465374944,0.019597570009851094,1.68,1.0
200,Linear,Poisson,0.0,0.25005490270941966,1.866769046537495,1.1864345878809244e-06,1.68,1.0
201,Linear,Poisson,0.0,0.2519691825095327,1.866769046537497,4.656822251318693e-05,1.68,1.0
202,Linear,Poisson,0.0,0.25025650087885815,1.8667690465374953,5.274073214938113e-06,1.68,1.0
203,Linear,Poisson,0.0,0.27475631624513464,1.8667690465374922,0.0006962946155080995,1.68,1.0
204,Linear,Poisson,0.0,0.2500000008580519,1.8667690465374935,1.7163491738969585e-11,1.68,1.0
205,Linear,Poisson,0.0,0.25024276051395494,1.8667690465374938,6.469800861790277e-06,1.68,1.0
206,Linear,Poisson,0.0,0.2500001998405702,1.8667690465374909,4.351363199761594e-09,1.68,1.0
207,Linear,Poisson,0.0,0.25016512102801947,1.8667690465374926,3.310169644288319e-06,1.68,1.0
208,Linear,Poisson,0.0,0.2586972238251799,1.866769046537504,0.0002078651569764511,1.68,1.0
209,Linear,Poisson,0.0,0.2500000000003268,1.8667690465374969,1.7622570069875112e-14,1.68,1.0
210,Linear,Poisson,0.0,0.3378283317584574,1.8667690465374973,0.005488563075122501,1.68,1.0
211,Linear,Poisson,0.0,0.25324080701364016,1.866769046537497,8.450999438467166e-05,1.68,1.0
212,Linear,Poisson,0.0,0.25090999177993356,1.8667690465374993,1.8335363043656684e-05,1.68,1.0
213,Linear,Poisson,0.0,0.25000225299000717,1.8667690465374958,4.824193380659203e-08,1.68,1.0
214,Linear,Poisson,0.0,0.25000000557803276,1.8667690465374982,1.2113248515355223e-10,1.68,1.0
215,Linear,Poisson,0.0,0.25003734311440456,1.8667690465374958,1.493778321915995e-06,1.68,1.0
216,Linear,Poisson,0.0,0.27217503956887984,1.8667690465374998,0.0005959686080478798,1.68,1.0
217,Linear,Poisson,0.0,0.2569781035544957,1.8667690465374955,0.00014898954719527402,1.68,1.0
218,Linear,Poisson,0.0,0.26210167546581814,1.8667690465374966,0.00024209281695406593,1.68,1.0
219,Linear,Poisson,0.0,0.25000116366924124,1.8667690465374902,2.327436500859648e-08,1.68,1.0
220,Linear,Poisson,0.0,0.25055442165691116,1.8667690465374944,1.1101411142885322e-05,1.68,1.0
221,Linear,Poisson,0.0,0.25058580219631993,1.8667690465374933,1.2174920777648922e-05,1.68,1.0
222,Linear,Poisson,0.0,0.25000137265685285,1.8667690465374964,2.7466618911509146e-08,1.68,1.0
223,Linear,Poisson,0.0,0.3791249891865631,1.866769046537502,0.010611939264097743,1.68,1.0
224,Linear,Poisson,0.0,0.25918949098608723,1.866769046537498,0.0003675823144711154,1.7,1.0
225,Linear,Poisson,0.0,0.2542514798705802,1.8667690465374962,8.726428427979104e-05,1.68,1.0
226,Linear,Poisson,0.0,0.2929332845134776,1.8667690465374986,0.0016528576109014006,1.68,1.0
227,Linear,Poisson,0.0,0.41093612306110827,1.8667690465374953,0.014988171040289816,1.68,1.0
228,Linear,Poisson,0.0,0.2844469581271734,1.8667690465374978,0.001259018268977965,1.68,1.0
229,Linear,Poisson,0.0,0.2500016191774162,1.8667690465374964,3.270747161887577e-08,1.68,1.0
230,Linear,Poisson,0.0,0.29293328446448297,1.866769046537502,0.0016885206808432518,1.68,1.0
231,Linear,Poisson,0.0,0.25002153289601087,1.8667690465374924,4.317245427598593e-07,1.68,1.0
232,Linear,Poisson,0.0,0.2508151093049374,1.8667690465374955,2.9421186707679904e-05,1.68,1.0
233,Linear,Poisson,0.0,0.25058580219631993,1.8667690465374973,1.984067907061959e-05,1.68,1.0
234,Linear,Poisson,0.0,0.2668387697067179,1.8667690465374922,0.00038766786668104617,1.68,1.0
235,Linear,Poisson,0.0,0.4642575672527349,1.8667690465375006,0.023950769316016106,1.68,1.0
236,Linear,Poisson,0.0,0.25529887120962275,1.866769046537504,0.00010604962541033379,1.68,1.0
237,Linear,Poisson,0.0,0.25133786759228144,1.8667690465374953,2.6831336910174697e-05,1.68,1.0
238,Linear,Poisson,0.0,0.34279945868252154,1.8667690465374955,0.00601163216636926,1.68,1.0
239,Linear,Poisson,0.0,0.2500009336547652,1.8667690465374949,1.867383939924139e-08,1.68,1.0
240,Linear,Poisson,0.0,0.250156281322572,1.8667690465375009,4.235502582689011e-06,1.68,1.0
241,Linear,Poisson,0.0,0.348051953843923,1.8667690465374944,0.006564608186596296,1.68,1.0
242,Linear,Poisson,0.0,0.47393315052717017,1.866769046537492,0.02605825239167654,1.68,1.0
243,Linear,Poisson,0.0,0.2577903869281126,1.8667690465374966,0.0003222141460461925,1.68,1.0
244,Linear,Poisson,0.0,0.26427505958776876,1.866769046537493,0.00029738291817638985,1.68,1.0
245,Linear,Poisson,0.0,0.35946565259888374,1.866769046537484,0.007923683361821005,1.68,1.0
246,Linear,Poisson,0.0,0.25529887120962275,1.8667690465374962,0.0001131155576715015,1.68,1.0
247,Linear,Poisson,0.0,0.2501562757437929,1.8667690465374907,3.1597313475462133e-06,1.68,1.0
248,Linear,Poisson,0.0,0.25000000009485956,1.8667690465374926,1.8971968440695264e-12,1.68,1.0
249,Linear,Poisson,0.0,0.4023150178762107,1.866769046537494,0.013691713862356302,1.68,1.0
250,Linear,Poisson,0.0,0.2544921157295179,1.8667690465374984,8.991627603465168e-05,1.68,1.0
251,Linear,Poisson,0.0,0.2627866362698086,1.8667690465374895,0.0002558051154178653,1.68,1.0
252,Linear,Poisson,0.0,0.25380818912728753,1.8667690465374998,0.00011339507340302424,1.68,1.0
253,Linear,Poisson,0.0,0.25000000000000816,1.8667690465374913,1.6542323066914832e-16,1.68,1.0
254,Linear,Poisson,0.0,0.2515781401223579,1.8667690465374993,3.1948720901231464e-05,1.68,1.0
255,Linear,Poisson,0.0,0.2544921157295179,1.8667690465374998,9.200859117342364e-05,1.68,1.0
256,Linear,Poisson,0.0,0.25737306765963275,1.8667690465374933,0.0002594371531993478,1.68,1.0
257,Linear,Poisson,0.0,0.2817652552178282,1.866769046537498,0.0011639294874849803,1.68,1.0
258,Linear,Poisson,0.0,0.2562505148546522,1.8667690465374929,0.00016733024663176277,1.68,1.0
259,Linear,Poisson,0.0,0.2500684273051187,1.8667690465374938,1.473313679086763e-06,1.68,1.0
260,Linear,Poisson,0.0,0.4866078773663137,1.8667690465374993,0.044397906827932425,1.92,1.0
261,Linear,Poisson,0.0,0.2809101651893812,1.8667690465374982,0.0009828251685750089,1.72,1.0
262,Linear,Poisson,0.0,0.25002683772385265,1.8667690465374944,5.367545213230685e-07,1.68,1.0
263,Linear,Poisson,0.0,0.2979309163955981,1.866769046537497,0.0019894995874101275,1.68,1.0
264,Linear,Poisson,0.0,0.3428021162952375,1.8667690465374926,0.006005415623001329,1.68,1.0
265,Linear,Poisson,0.0,0.25010629575234133,1.866769046537498,2.1261886667156563e-06,1.68,1.0
266,Linear,Poisson,0.0,0.2659367422310668,1.8667690465375004,0.0004423959699028568,1.68,1.0
267,Linear,Poisson,0.0,0.3536017428237608,1.8667690465374958,0.009499671073372113,1.68,1.0
268,Linear,Poisson,0.0,0.32046791095047394,1.8667690465374978,0.003875533178566132,1.68,1.0
269,Linear,Poisson,0.0,0.25024276051438527,1.8667690465374995,5.48872618898244e-06,1.68,1.0
270,Linear,Poisson,0.0,0.25000000776150477,1.8667690465374975,2.952496158670215e-10,1.68,1.0
271,Linear,Poisson,0.0,0.2506189588897467,1.866769046537499,1.5881893625442344e-05,1.68,1.0
272,Linear,Poisson,0.0,0.25,1.8667690465374907,0.0,1.68,1.0
273,Linear,Poisson,0.0,0.2508612448938835,1.8667690465374975,1.746414584748557e-05,1.68,1.0
274,Linear,Poisson,0.0,0.25013248269283456,1.86676904653749,3.749419971170731e-06,1.68,1.0
275,Linear,Poisson,0.0,0.250002657612716,1.8667690465374922,5.540633397971284e-08,1.68,1.0
276,Linear,Poisson,0.0,0.2500064130502141,1.8667690465374904,1.2826226899576021e-07,1.68,1.0
277,Linear,Poisson,0.0,0.2503025668090611,1.8667690465374986,6.7991095180397486e-06,1.68,1.0
278,Linear,Poisson,0.0,0.25000093365551157,1.8667690465374958,2.2670497353827202e-08,1.68,1.0
279,Linear,Poisson,0.0,0.2677918523826748,1.8667690465374913,0.0006987026616697334,1.68,1.0
280,Linear,Poisson,0.0,0.2500763925584015,1.8667690465374962,1.8229576065109666e-06,1.68,1.0
281,Linear,Poisson,0.0,0.3536017428239492,1.8667690465375002,0.007271985109283875,1.68,1.0
282,Linear,Poisson,0.0,0.4023150178762107,1.8667690465374984,0.013918869434114151,1.68,1.0
283,Linear,Poisson,0.0,0.29293328446448264,1.866769046537499,0.0016512958802012878,1.68,1.0
284,Linear,Poisson,0.0,0.2562505148546522,1.8667690465374998,0.00012682989832318967,1.68,1.0
285,Linear,Poisson,0.0,0.35946565259888374,1.8667690465374915,0.007937455903908123,1.68,1.0
286,Linear,Poisson,0.0,0.2506910085535456,1.8667690465374938,1.5252953235006529e-05,1.68,1.0
287,Linear,Poisson,0.0,0.2569781035544957,1.8667690465375029,0.00022983520761668097,1.68,1.0
288,Linear,Poisson,0.0,0.2500031349030958,1.8667690465374935,6.26987285978764e-08,1.68,1.0
289,Linear,Poisson,0.0,0.25019477571688875,1.8667690465374986,4.642441460416258e-06,1.68,1.0
290,Linear,Poisson,0.0,0.3035102956873088,1.8667690465374935,0.0023985357863454994,1.68,1.0
291,Linear,Poisson,0.0,0.25737306765963275,1.8667690465374946,0.00014875659065003322,1.68,1.0
292,Linear,Poisson,0.0,0.36566146256133547,1.8667690465374915,0.00866392547652875,1.68,1.0
293,Linear,Poisson,0.0,0.3038299879270907,1.8667690465374982,0.0024520045453509057,1.76,1.0
294,Linear,Poisson,0.0,0.3378283317584574,1.8667690465374982,0.005988230545335408,1.68,1.0
295,Linear,Poisson,0.0,0.260839865254872,1.8667690465374913,0.00021727809358186413,1.68,1.0
296,Linear,Poisson,0.0,0.3536017428237608,1.8667690465374902,0.007222076332770244,1.68,1.0
297,Linear,Poisson,0.0,0.2547463716968341,1.8667690465374924,9.757758266900174e-05,1.68,1.0
298,Linear,Poisson,0.0,0.26879888134137997,1.8667690465374944,0.00046402291701943876,1.68,1.0
299,Linear,Poisson,0.0,0.2528917747594017,1.8667690465374924,7.70671339588791e-05,1.68,1.0
0,Michaelis-Menten,Poisson,0.0,0.2506528313639592,1.9639726074813715,1.4247878753052002e-05,1.6600000000000001,1.0
1,Michaelis-Menten,Poisson,0.0,0.26761522398236015,1.9665533613108281,0.0007038345373197009,1.6600000000000001,1.0
2,Michaelis-Menten,Poisson,0.0,0.28515013854983995,1.970245854004969,0.0023084461912486185,1.7,1.0
3,Michaelis-Menten,Poisson,0.0,0.3228763800137828,1.9703893127924672,0.004723178800713286,1.6600000000000001,1.0
4,Michaelis-Menten,Poisson,0.0,0.27095247446923976,1.9659417831763584,0.0006308406462470205,1.6600000000000001,1.0
5,Michaelis-Menten,Poisson,0.0,0.25579423796889283,1.9644262218747328,0.00011614830567655776,1.6600000000000001,1.0
6,Michaelis-Menten,Poisson,0.0,0.4668028944039134,1.983138119705002,0.03107934060213452,1.6600000000000001,1.0
7,Michaelis-Menten,Poisson,0.0,0.2500001304555083,1.9639091858744244,2.610376704792472e-09,1.6600000000000001,1.0
8,Michaelis-Menten,Poisson,0.0,0.25614506516779356,1.9644639414213565,0.00012462228517168272,1.6600000000000001,1.0
9,Michaelis-Menten,Poisson,0.0,0.25212777424819377,1.9640986555304725,4.2561229651915114e-05,1.6600000000000001,1.0
10,Michaelis-Menten,Poisson,0.0,0.48851068246306156,1.9853432031028402,0.036613663179844734,1.6600000000000001,1.0
11,Michaelis-Menten,Poisson,0.0,0.2522571358290697,1.9641102499618635,4.516569397148063e-05,1.6600000000000001,1.0
12,Michaelis-Menten,Poisson,0.0,0.2500025121619413,1.9639095542400515,8.534871478560469e-08,1.6600000000000001,1.0
13,Michaelis-Menten,Poisson,0.0,0.26041800165468004,1.9648366225539584,0.00020836053103491457,1.6600000000000001,1.0
14,Michaelis-Menten,Poisson,0.0,0.25212777424819377,1.9642226330428205,7.040818116737512e-05,1.6600000000000001,1.0
15,Michaelis-Menten,Poisson,0.0,0.2513266632886947,1.9640285430834015,2.6812115690888483e-05,1.6600000000000001,1.0
16,Michaelis-Menten,Poisson,0.0,0.25003197262447685,1.9639120212059276,6.394525680253338e-07,1.6600000000000001,1.0
17,Michaelis-Menten,Poisson,0.0,0.25000000002932493,1.9639091742561012,7.935818668869389e-13,1.6600000000000001,1.0
18,Michaelis-Menten,Poisson,0.0,0.41121365701902945,1.9811771810312477,0.019948321791300124,1.6600000000000001,1.0
19,Michaelis-Menten,Poisson,0.0,0.25000001298629176,1.963909176596316,5.26426722213813e-10,1.6600000000000001,1.0
20,Michaelis-Menten,Poisson,0.0,0.2697736221625387,1.9656691452914803,0.0005468447735405347,1.68,1.0
21,Michaelis-Menten,Poisson,0.0,0.26395134923934493,1.9651510828367869,0.00031812231538029144,1.6600000000000001,1.0
22,Michaelis-Menten,Poisson,0.0,0.27960753547327133,1.968408764380849,0.0016253497958218955,1.6600000000000001,1.0
23,Michaelis-Menten,Poisson,0.0,0.3813221287495881,1.9770917795777607,0.013545357696010372,1.6600000000000001,1.0
24,Michaelis-Menten,Poisson,0.0,0.3682871221143216,1.9744173593566359,0.010952570944294079,1.6600000000000001,1.0
25,Michaelis-Menten,Poisson,0.0,0.45656751232487663,1.9826180446390886,0.0286934990218436,1.6600000000000001,1.0
26,Michaelis-Menten,Poisson,0.0,0.4774477419319605,1.990208314795306,0.03765041641231138,1.76,1.0
27,Michaelis-Menten,Poisson,0.0,0.2513266632885724,1.964027840954752,2.6654411017509313e-05,1.6600000000000001,1.0
28,Michaelis-Menten,Poisson,0.0,0.25000000333100636,1.9639091745620711,6.951709763391989e-11,1.6600000000000001,1.0
29,Michaelis-Menten,Poisson,0.0,0.2656749490595769,1.9654855912478735,0.00042651361950298174,1.68,1.0
30,Michaelis-Menten,Poisson,0.0,0.25000016528342733,1.9639091889699904,3.305668925257521e-09,1.6600000000000001,1.0
31,Michaelis-Menten,Poisson,0.0,0.2548568316244576,1.9643424280058377,9.732308829226932e-05,1.6600000000000001,1.0
32,Michaelis-Menten,Poisson,0.0,0.2656749490595769,1.9653044560375037,0.00038582721324957326,1.6600000000000001,1.0
33,Michaelis-Menten,Poisson,0.0,0.2500002653157751,1.963909212239373,8.532188353616021e-09,1.6600000000000001,1.0
34,Michaelis-Menten,Poisson,0.0,0.2500731886049068,1.9639156912170406,1.4637729874256157e-06,1.6600000000000001,1.0
35,Michaelis-Menten,Poisson,0.0,0.2500051091323083,1.9639096395106168,1.0450128186678675e-07,1.6600000000000001,1.0
36,Michaelis-Menten,Poisson,0.0,0.25212777424819377,1.9641815569984729,6.118204680032326e-05,1.6600000000000001,1.0
37,Michaelis-Menten,Poisson,0.0,0.3564154638546184,1.9733717237537538,0.009101384045222064,1.6600000000000001,1.0
38,Michaelis-Menten,Poisson,0.0,0.2534108954100945,1.9642137956869423,6.842587484619078e-05,1.6600000000000001,1.0
39,Michaelis-Menten,Poisson,0.0,0.3406124556757367,1.9719628933009978,0.006881751322495424,1.6600000000000001,1.0
40,Michaelis-Menten,Poisson,0.0,0.3682871221143216,1.974535924829786,0.010979202618331007,1.6600000000000001,1.0
41,Michaelis-Menten,Poisson,0.0,0.3564166782948593,1.9733650683299302,0.009100038505660631,1.82,1.0
42,Michaelis-Menten,Poisson,0.0,0.33583982768741777,1.9720279055731575,0.00638636634361982,1.6600000000000001,1.0
43,Michaelis-Menten,Poisson,0.0,0.2500823801707053,1.9639165096596645,1.6476034148382723e-06,1.6600000000000001,1.0
44,Michaelis-Menten,Poisson,0.0,0.2500002221712786,1.963909202611699,6.3697228658288185e-09,1.6600000000000001,1.0
45,Michaelis-Menten,Poisson,0.0,0.2893877230488841,1.9675098539954479,0.0016613249641505314,1.6600000000000001,1.0
46,Michaelis-Menten,Poisson,0.0,0.26104554623448195,1.9648924732701185,0.00022091092661548519,1.6600000000000001,1.0
47,Michaelis-Menten,Poisson,0.0,0.2507347102439849,1.9639747479648082,1.4728699869674955e-05,1.6600000000000001,1.0
48,Michaelis-Menten,Poisson,0.0,0.25018856363675807,1.963925972585751,3.773076940337683e-06,1.6600000000000001,1.0
49,Michaelis-Menten,Poisson,0.0,0.2966749566873067,1.9687268386647914,0.002342423922294385,1.6600000000000001,1.0
50,Michaelis-Menten,Poisson,0.0,0.2504315490784916,1.9639588016743337,1.1146864943875068e-05,1.6600000000000001,1.0
51,Michaelis-Menten,Poisson,0.0,0.25361796833389944,1.9642771897757347,8.266552503231494e-05,1.6600000000000001,1.0
52,Michaelis-Menten,Poisson,0.0,0.25077944819587633,1.9639796844273503,1.5837504810201074e-05,1.6600000000000001,1.0
53,Michaelis-Menten,Poisson,0.0,0.25000001745596184,1.9639091775865778,7.488476005956813e-10,1.6600000000000001,1.0
54,Michaelis-Menten,Poisson,0.0,0.25269421079410614,1.9641491267372466,5.389872215049496e-05,1.6600000000000001,1.0
55,Michaelis-Menten,Poisson,0.0,0.2500001557892864,1.9639091881245982,3.115786462171144e-09,1.6600000000000001,1.0
56,Michaelis-Menten,Poisson,0.0,0.2551512070314553,1.9644050975714458,0.00011140059254073132,1.6600000000000001,1.0
57,Michaelis-Menten,Poisson,0.0,0.2686598101884578,1.9656482484187843,0.0005206514941281093,1.6600000000000001,1.0
58,Michaelis-Menten,Poisson,0.0,0.39560252834788123,1.9768378331244105,0.01569591882612601,1.6600000000000001,1.0
59,Michaelis-Menten,Poisson,0.0,0.25732919665974,1.9645616885244956,0.00014658410666110622,1.6600000000000001,1.0
60,Michaelis-Menten,Poisson,0.0,0.5,1.9909842766388135,0.04249466484341573,1.6600000000000001,1.0
61,Michaelis-Menten,Poisson,0.0,0.25777220238240156,1.964601525813916,0.00015553482843754573,1.6600000000000001,1.0
62,Michaelis-Menten,Poisson,0.0,0.25000081640492516,1.9639092873454476,2.5401708843020292e-08,1.6600000000000001,1.0
63,Michaelis-Menten,Poisson,0.0,0.3682871221143216,1.974430344787247,0.01095548760171017,1.6600000000000001,1.0
64,Michaelis-Menten,Poisson,0.0,0.2916864681552488,1.9676179324071728,0.0018141815369306258,1.6600000000000001,1.0
65,Michaelis-Menten,Poisson,0.0,0.2813538155359044,1.9670835706197711,0.0012196534820597593,1.6600000000000001,1.0
66,Michaelis-Menten,Poisson,0.0,0.2500000000001002,1.9639091742525805,2.1238566461079247e-15,1.6600000000000001,1.0
67,Michaelis-Menten,Poisson,0.0,0.2551512070314553,1.9643678056948195,0.000103024432976081,1.6600000000000001,1.0
68,Michaelis-Menten,Poisson,0.0,0.2709524744692398,1.9657796370434044,0.0005944203441875285,1.6600000000000001,1.0
69,Michaelis-Menten,Poisson,0.0,0.27639355513701935,1.9662795127101165,0.0008509151171676144,1.6600000000000001,1.0
70,Michaelis-Menten,Poisson,0.0,0.25002840511015095,1.963911743839468,5.771533945986286e-07,1.6600000000000001,1.0
71,Michaelis-Menten,Poisson,0.0,0.2507347102439849,1.9639746168188295,1.4699243264570949e-05,1.6600000000000001,1.0
72,Michaelis-Menten,Poisson,0.0,0.4282273784536865,1.980184831110391,0.022332123140438885,1.6600000000000001,1.0
73,Michaelis-Menten,Poisson,0.0,0.4467701971382142,1.981401637958563,0.026346510067377885,1.6600000000000001,1.0
74,Michaelis-Menten,Poisson,0.0,0.2525398667387799,1.964147094669872,5.3441956317196174e-05,1.6600000000000001,1.0
75,Michaelis-Menten,Poisson,0.0,0.25000000005964007,1.9639091742581365,1.2502987534190882e-12,1.6600000000000001,1.0
76,Michaelis-Menten,Poisson,0.0,0.4774477419318496,1.986448922776017,0.03434789190619644,1.6600000000000001,1.0
77,Michaelis-Menten,Poisson,0.0,0.2500224198307622,1.9639117492670721,5.783723689067877e-07,1.6600000000000001,1.0
78,Michaelis-Menten,Poisson,0.0,0.27491643981753844,1.9661266398565895,0.0007605739630303887,1.6600000000000001,1.0
79,Michaelis-Menten,Poisson,0.0,0.25007318860490685,1.963915691718211,1.4638855552140396e-06,1.6600000000000001,1.0
80,Michaelis-Menten,Poisson,0.0,0.25178241747671865,1.9640781257307047,3.7949461153383714e-05,1.6600000000000001,1.0
81,Michaelis-Menten,Poisson,0.0,0.2510474237569567,1.9640030888573488,2.1094570759705447e-05,1.6600000000000001,1.0
82,Michaelis-Menten,Poisson,0.0,0.2500004518440029,1.9639092238095741,1.113096181781792e-08,1.6600000000000001,1.0
83,Michaelis-Menten,Poisson,0.0,0.3746540929250965,1.9749828155267632,0.011975311565089112,1.6600000000000001,1.0
84,Michaelis-Menten,Poisson,0.0,0.25546332446068637,1.9644124032779628,0.00011304291851185423,1.6600000000000001,1.0
85,Michaelis-Menten,Poisson,0.0,0.2500131647027513,1.9639103576760113,2.6580795235209286e-07,1.6600000000000001,1.0
86,Michaelis-Menten,Poisson,0.0,0.25178241747671865,1.964068070813265,3.5691029116183823e-05,1.6600000000000001,1.0
87,Michaelis-Menten,Poisson,0.0,0.2500176956940644,1.9639107563693208,3.5535822781818105e-07,1.6600000000000001,1.0
88,Michaelis-Menten,Poisson,0.0,0.331298712844569,1.9711364883132994,0.005701279970287007,1.6600000000000001,1.0
89,Michaelis-Menten,Poisson,0.0,0.2545791933583093,1.964316881087654,9.158387445397987e-05,1.6600000000000001,1.0
90,Michaelis-Menten,Poisson,0.0,0.25003197262447696,1.9639138344522151,1.0467246683953937e-06,1.6600000000000001,1.0
91,Michaelis-Menten,Poisson,0.0,0.2505153078913362,1.963955078490732,1.031063367553986e-05,1.6600000000000001,1.0
92,Michaelis-Menten,Poisson,0.0,0.25002378611021037,1.963911328158218,4.83787425831217e-07,1.6600000000000001,1.0
93,Michaelis-Menten,Poisson,0.0,0.3117464347464127,1.969430608858041,0.003542377198138151,1.6600000000000001,1.0
94,Michaelis-Menten,Poisson,0.0,0.2500072861230876,1.9639098230345071,1.4572246190946993e-07,1.6600000000000001,1.0
95,Michaelis-Menten,Poisson,0.0,0.25000000233574327,1.9639091744605501,4.6714873080944135e-11,1.6600000000000001,1.0
96,Michaelis-Menten,Poisson,0.0,0.27802071832481046,1.9675079276322642,0.0011980686977806543,1.6600000000000001,1.0
97,Michaelis-Menten,Poisson,0.0,0.25021224159072,1.9639357919170848,5.9785961709391e-06,1.6600000000000001,1.0
98,Michaelis-Menten,Poisson,0.0,0.26395134923934493,1.9664973413039881,0.0006205428348890108,1.6600000000000001,1.0
99,Michaelis-Menten,Poisson,0.0,0.25028526959543995,1.9639486435812408,8.865223686363998e-06,1.6600000000000001,1.0
100,Michaelis-Menten,Poisson,0.0,0.26395134923934493,1.965156866950634,0.0003194214828293818,1.6600000000000001,1.0
101,Michaelis-Menten,Poisson,0.0,0.40323545119931403,1.9775522657459348,0.017143617270197763,1.6600000000000001,1.0
102,Michaelis-Menten,Poisson,0.0,0.25777220238240156,1.9647437209621124,0.00018747411708119443,1.6600000000000001,1.0
103,Michaelis-Menten,Poisson,0.0,0.27491643981753844,1.9661266398421673,0.0007605739597911342,1.6600000000000001,1.0
104,Michaelis-Menten,Poisson,0.0,0.4467326550512044,1.9813738136266892,0.026332324259861976,1.6600000000000001,1.0
105,Michaelis-Menten,Poisson,0.0,0.2500148181418637,1.9639104949860002,2.9664906848747567e-07,1.6600000000000001,1.0
106,Michaelis-Menten,Poisson,0.0,0.272199992242129,1.9658850002351405,0.0006421725386834509,1.6600000000000001,1.0
107,Michaelis-Menten,Poisson,0.0,0.2500021036459162,1.963909549697868,8.432849780470874e-08,1.6600000000000001,1.0
108,Michaelis-Menten,Poisson,0.0,0.2551512070314553,1.9643678043982526,0.00010302414175498599,1.6600000000000001,1.0
109,Michaelis-Menten,Poisson,0.0,0.272199992242129,1.965885006309887,0.0006421739031277485,1.6600000000000001,1.0
110,Michaelis-Menten,Poisson,0.0,0.2551512070314553,1.964387854898723,0.00010752769224853465,1.6600000000000001,1.0
111,Michaelis-Menten,Poisson,0.0,0.25000000638534614,1.963909174821459,1.2777720326262456e-10,1.6600000000000001,1.0
112,Michaelis-Menten,Poisson,0.0,0.250406770903533,1.96394595916723,8.262305298359918e-06,1.6600000000000001,1.0
113,Michaelis-Menten,Poisson,0.0,0.2500000766014359,1.9639091824567962,1.8427447712188183e-09,1.6600000000000001,1.0
114,Michaelis-Menten,Poisson,0.0,0.2565169883562326,1.9645498408033777,0.00014391826252402093,1.6600000000000001,1.0
115,Michaelis-Menten,Poisson,0.0,0.25000022217128537,1.9639091945713962,4.5637969414702436e-09,1.6600000000000001,1.0
116,Michaelis-Menten,Poisson,0.0,0.2500082012402587,1.9639099455668063,1.7324435699239694e-07,1.6600000000000001,1.0
117,Michaelis-Menten,Poisson,0.0,0.25777220238240156,1.964603423571741,0.00015596108260597984,1.6600000000000001,1.0
118,Michaelis-Menten,Poisson,0.0,0.2666136747515393,1.9656859602971137,0.0004896335697370391,1.6600000000000001,1.0
119,Michaelis-Menten,Poisson,0.0,0.2500612877632877,1.9639147351945796,1.2490407786558412e-06,1.6600000000000001,1.0
120,Michaelis-Menten,Poisson,0.0,0.2500000018435639,1.9639091744541346,4.5273517157440327e-11,1.6600000000000001,1.0
121,Michaelis-Menten,Poisson,0.0,0.32287388865509586,1.9738928734082748,0.0063624643610950445,1.6600000000000001,1.0
122,Michaelis-Menten,Poisson,0.0,0.2500157211770414,1.9639105767693683,3.150183842692833e-07,1.6600000000000001,1.0
123,Michaelis-Menten,Poisson,0.0,0.2500000000231457,1.9639091742551678,5.835676386567457e-13,1.6600000000000001,1.0
124,Michaelis-Menten,Poisson,0.0,0.2508772545295754,1.9639872873860225,1.7545270599499397e-05,1.6600000000000001,1.0
125,Michaelis-Menten,Poisson,0.0,0.2624148133958096,1.965049176569788,0.00026559167876001876,1.6600000000000001,1.0
126,Michaelis-Menten,Poisson,0.0,0.25005444944650523,1.9639140685631116,1.0993088223298918e-06,1.6600000000000001,1.0
127,Michaelis-Menten,Poisson,0.0,0.2500483740907923,1.9639135468035438,9.821165106072005e-07,1.6600000000000001,1.0
128,Michaelis-Menten,Poisson,0.0,0.30897668994664695,1.9726594190459892,0.004916746470217829,1.6600000000000001,1.0
129,Michaelis-Menten,Poisson,0.0,0.26104554623448195,1.9648926046108837,0.00022094042696983675,1.6600000000000001,1.0
130,Michaelis-Menten,Poisson,0.0,0.2500429765797067,1.9639130022919429,8.598139427473673e-07,1.6600000000000001,1.0
131,Michaelis-Menten,Poisson,0.0,0.2500000035340052,1.9639091745765052,7.2757896374398e-11,1.6600000000000001,1.0
132,Michaelis-Menten,Poisson,0.0,0.4668028944039134,1.985824414383317,0.03200823458112344,1.6600000000000001,1.0
133,Michaelis-Menten,Poisson,0.0,0.25614516337702703,1.9645233218071512,0.00013795985818872093,1.6600000000000001,1.0
134,Michaelis-Menten,Poisson,0.0,0.2500139669768771,1.9639104179473423,2.79345461040581e-07,1.6600000000000001,1.0
135,Michaelis-Menten,Poisson,0.0,0.2511788141924268,1.9640165838869599,2.412580753970217e-05,1.6600000000000001,1.0
136,Michaelis-Menten,Poisson,0.0,0.28991654548658746,1.9687794166016788,0.0020313855534285466,1.6600000000000001,1.0
137,Michaelis-Menten,Poisson,0.0,0.2500176956940644,1.9639107973947703,3.645729238155316e-07,1.6600000000000001,1.0
138,Michaelis-Menten,Poisson,0.0,0.3456261175588923,1.9801088983706754,0.011833087663206525,1.6600000000000001,1.0
139,Michaelis-Menten,Poisson,0.0,0.26478844607378077,1.9652263092686129,0.0003511694327895687,1.6600000000000001,1.0
140,Michaelis-Menten,Poisson,0.0,0.4467326550512044,1.9979821672525668,0.05052917220529568,1.6600000000000001,1.0
141,Michaelis-Menten,Poisson,0.0,0.25012468261704507,1.9639267933643345,3.95742500774232e-06,1.6600000000000001,1.0
142,Michaelis-Menten,Poisson,0.0,0.25045784045249936,1.9639501365896488,9.200612410846798e-06,1.6600000000000001,1.0
143,Michaelis-Menten,Poisson,0.0,0.2525398667387799,1.9641353208597014,5.07974417378787e-05,1.6600000000000001,1.0
144,Michaelis-Menten,Poisson,0.0,0.39560252834788123,1.9768379548067763,0.015695946157115004,1.6600000000000001,1.0
145,Michaelis-Menten,Poisson,0.0,0.2530315146801405,1.9641802653654798,6.089358880270513e-05,1.6600000000000001,1.0
146,Michaelis-Menten,Poisson,0.0,0.26395134923934493,1.9651514216647263,0.00031819841928256153,1.6600000000000001,1.0
147,Michaelis-Menten,Poisson,0.0,0.25000012296193774,1.9639091852586288,2.472062451408519e-09,1.6600000000000001,1.0
148,Michaelis-Menten,Poisson,0.0,0.2506153127441966,1.9639646963740658,1.2470948930284333e-05,1.6600000000000001,1.0
149,Michaelis-Menten,Poisson,0.0,0.2624148133958096,1.9650143769861932,0.00025777530529084487,1.6600000000000001,1.0
150,Michaelis-Menten,Poisson,0.0,0.28515013854983995,1.9670883799970489,0.0013647780768117923,1.6600000000000001,1.0
151,Michaelis-Menten,Poisson,0.0,0.2966749566873067,1.9681266315830899,0.002207598533336094,1.6600000000000001,1.0
152,Michaelis-Menten,Poisson,0.0,0.2504316995399029,1.9639610949240267,1.1661950794658038e-05,1.6600000000000001,1.0
153,Michaelis-Menten,Poisson,0.0,0.267607588361141,1.9654872915095736,0.0004641898689322388,1.6600000000000001,1.0
154,Michaelis-Menten,Poisson,0.0,0.2500002814846986,1.9639091997657239,5.73049113716806e-09,1.6600000000000001,1.0
155,Michaelis-Menten,Poisson,0.0,0.2500004518440029,1.9639092147666988,9.099849140881134e-09,1.6600000000000001,1.0
156,Michaelis-Menten,Poisson,0.0,0.2500000000036985,1.963909174252899,7.415956737588658e-14,1.6600000000000001,1.0
157,Michaelis-Menten,Poisson,0.0,0.2813574635768944,1.9690827227194612,0.0019873270059501814,1.7,1.0
158,Michaelis-Menten,Poisson,0.0,0.3084058165139667,1.9691071789483363,0.003224382625344666,1.6600000000000001,1.0
159,Michaelis-Menten,Poisson,0.0,0.25021224159072,1.9639289220181975,4.435550987964553e-06,1.6600000000000001,1.0
160,Michaelis-Menten,Poisson,0.0,0.29937788467660864,1.968558182130456,0.002455858099147684,1.6600000000000001,1.0
161,Michaelis-Menten,Poisson,0.0,0.2515838623280965,1.9641491469642434,5.3901732364866056e-05,1.6600000000000001,1.0
162,Michaelis-Menten,Poisson,0.0,0.25303151468014057,1.9641790931292553,6.063029360299344e-05,1.6600000000000001,1.0
163,Michaelis-Menten,Poisson,0.0,0.25026888792852364,1.9639375920323494,6.382928883141848e-06,1.6600000000000001,1.0
164,Michaelis-Menten,Poisson,0.0,0.26395134923934493,1.965164330133915,0.000321097790835565,1.6600000000000001,1.0
165,Michaelis-Menten,Poisson,0.0,0.25000000000230405,1.963909174252773,4.608091686009175e-14,1.6600000000000001,1.0
166,Michaelis-Menten,Poisson,0.0,0.2502251729730096,1.9639347082120286,5.735187867462743e-06,1.6600000000000001,1.0
167,Michaelis-Menten,Poisson,0.0,0.2534108954100945,1.9642398464084219,7.427714845879453e-05,1.6600000000000001,1.0
168,Michaelis-Menten,Poisson,0.0,0.2500874001346083,1.9639170140558657,1.7608958507586702e-06,1.6600000000000001,1.0
169,Michaelis-Menten,Poisson,0.0,0.38830152062571766,1.9823239460089037,0.018636391543981713,1.6600000000000001,1.0
170,Michaelis-Menten,Poisson,0.0,0.2500003361475459,1.9639092041876982,6.723706579281341e-09,1.6600000000000001,1.0
171,Michaelis-Menten,Poisson,0.0,0.2831995959173347,1.9670778902067567,0.0012884033872884882,1.7,1.0
172,Michaelis-Menten,Poisson,0.0,0.3117464347464127,1.9694370763987474,0.003543829889380501,1.6600000000000001,1.0
173,Michaelis-Menten,Poisson,0.0,0.2697736221625387,1.9657018758854572,0.0005541964069942462,1.6600000000000001,1.0
174,Michaelis-Menten,Poisson,0.0,0.25004297658349794,1.9639130025896705,8.598808152826542e-07,1.6600000000000001,1.0
175,Michaelis-Menten,Poisson,0.0,0.2511788141924268,1.9641074014764246,4.452475973075187e-05,1.6600000000000001,1.0
176,Michaelis-Menten,Poisson,0.0,0.45656751232487663,1.9822331095177934,0.02860703089868305,1.94,1.0
177,Michaelis-Menten,Poisson,0.0,0.26316098435245366,1.9659877203925074,0.0004908181185224037,1.68,1.0
178,Michaelis-Menten,Poisson,0.0,0.25000000000043965,1.9639091742526078,8.812950369474494e-15,1.6600000000000001,1.0
179,Michaelis-Menten,Poisson,0.0,0.3535675304564698,1.9769388472722613,0.010283360000305117,1.8,1.0
180,Michaelis-Menten,Poisson,0.0,0.2500650294612293,1.9639206996616128,2.5887163657223326e-06,1.6600000000000001,1.0
181,Michaelis-Menten,Poisson,0.0,0.2518908245326931,1.9640779880407204,3.791870421719912e-05,1.6600000000000001,1.0
182,Michaelis-Menten,Poisson,0.0,0.2735199822883722,1.9660489554094953,0.0007044877068504219,1.6600000000000001,1.0
183,Michaelis-Menten,Poisson,0.0,0.3682871221143216,1.9744391195029094,0.010957458497239381,1.6600000000000001,1.0
184,Michaelis-Menten,Poisson,0.0,0.5,1.9860788476018518,0.0395686988559222,1.6600000000000001,1.0
185,Michaelis-Menten,Poisson,0.0,0.29937788467660864,1.9683014392543015,0.0023981894876839473,1.6600000000000001,1.0
186,Michaelis-Menten,Poisson,0.0,0.2500267735218548,1.9639128019281786,8.148099746463355e-07,1.6600000000000001,1.0
187,Michaelis-Menten,Poisson,0.0,0.32697977740582423,1.970757888965261,0.005176932543866986,1.6600000000000001,1.0
188,Michaelis-Menten,Poisson,0.0,0.3746540929250965,1.9855831820686305,0.022948587794694355,1.6600000000000001,1.0
189,Michaelis-Menten,Poisson,0.0,0.27095247446923976,1.9658321833991341,0.0006062229276456166,1.6600000000000001,1.0
190,Michaelis-Menten,Poisson,0.0,0.25005776751253195,1.963915275413513,1.3703788018937234e-06,1.6600000000000001,1.0
191,Michaelis-Menten,Poisson,0.0,0.38830151059157636,1.9771743714843995,0.014564862662856042,1.6600000000000001,1.0
192,Michaelis-Menten,Poisson,0.0,0.2505466936925727,1.963957860954447,1.0935615404802367e-05,1.6600000000000001,1.0
193,Michaelis-Menten,Poisson,0.0,0.2697736221625387,1.9657953739611012,0.0005751975356577732,1.6600000000000001,1.0
194,Michaelis-Menten,Poisson,0.0,0.2916864681552488,1.9676298996329062,0.0018168694944402353,1.6600000000000001,1.0
195,Michaelis-Menten,Poisson,0.0,0.25485682939055093,1.9644121752745654,0.00011298923729372135,1.6600000000000001,1.0
196,Michaelis-Menten,Poisson,0.0,0.25015790536591054,1.9639238834404222,3.3038309042487942e-06,1.6600000000000001,1.0
197,Michaelis-Menten,Poisson,0.0,0.2500211320289498,1.9639111797420339,4.504517238945738e-07,1.6600000000000001,1.0
198,Michaelis-Menten,Poisson,0.0,0.25011075342236233,1.9639251750211455,3.5939274135987636e-06,1.6600000000000001,1.0
199,Michaelis-Menten,Poisson,0.0,0.4467326550512044,1.981363353805294,0.026329974880957778,1.6600000000000001,1.0
200,Michaelis-Menten,Poisson,0.0,0.25003818177545933,1.9639127998878814,8.143519465031445e-07,1.6600000000000001,1.0
201,Michaelis-Menten,Poisson,0.0,0.2517844424894477,1.9640927223551792,4.1228020503032424e-05,1.6600000000000001,1.0
202,Michaelis-Menten,Poisson,0.0,0.25020005268286893,1.9639273700478408,4.0869618445515956e-06,1.6600000000000001,1.0
203,Michaelis-Menten,Poisson,0.0,0.27639355513701935,1.966259197150992,0.0008463520288346161,1.6600000000000001,1.0
204,Michaelis-Menten,Poisson,0.0,0.2500000002617166,1.9639091742758754,5.234717104229958e-12,1.6600000000000001,1.0
205,Michaelis-Menten,Poisson,0.0,0.25018856363675807,1.9639311087755758,4.926714255769626e-06,1.6600000000000001,1.0
206,Michaelis-Menten,Poisson,0.0,0.25000009147703556,1.9639091830012607,1.9650365989942747e-09,1.6600000000000001,1.0
207,Michaelis-Menten,Poisson,0.0,0.2501246365179573,1.9639202888764375,2.4964543692251872e-06,1.6600000000000001,1.0
208,Michaelis-Menten,Poisson,0.0,0.258739411150604,1.9648172924314198,0.0002040055596890233,1.6600000000000001,1.0
209,Michaelis-Menten,Poisson,0.0,0.25000000000005546,1.963909174252584,2.9654056987737932e-15,1.6600000000000001,1.0
210,Michaelis-Menten,Poisson,0.0,0.3456261175588923,1.9724277727587591,0.007564020012528072,1.6600000000000001,1.0
211,Michaelis-Menten,Poisson,0.0,0.2530441529125064,1.9642551514097835,7.771402120740234e-05,1.6600000000000001,1.0
212,Michaelis-Menten,Poisson,0.0,0.2507794481229818,1.963978936955182,1.566961557131319e-05,1.6600000000000001,1.0
213,Michaelis-Menten,Poisson,0.0,0.2500012352290767,1.9639092905357916,2.611828973098085e-08,1.6600000000000001,1.0
214,Michaelis-Menten,Poisson,0.0,0.25000000195591476,1.9639091744390869,4.189192326364832e-11,1.6600000000000001,1.0
215,Michaelis-Menten,Poisson,0.0,0.2500252356494115,1.9639136684693421,1.009443313071401e-06,1.6600000000000001,1.0
216,Michaelis-Menten,Poisson,0.0,0.2735199822883722,1.966004093471697,0.0006944111836301892,1.6600000000000001,1.0
217,Michaelis-Menten,Poisson,0.0,0.2569112580470924,1.9645586858510147,0.00014590716366437496,1.6600000000000001,1.0
218,Michaelis-Menten,Poisson,0.0,0.2624148133958096,1.9650144813616326,0.00025779874898475665,1.6600000000000001,1.0
219,Michaelis-Menten,Poisson,0.0,0.2500006073612519,1.9639092283352273,1.2147466560419318e-08,1.6600000000000001,1.0
220,Michaelis-Menten,Poisson,0.0,0.25045783586673354,1.963949969505097,9.16308366905816e-06,1.6600000000000001,1.0
221,Michaelis-Menten,Poisson,0.0,0.2504857230279141,1.9639536952133192,9.99992384253745e-06,1.6600000000000001,1.0
222,Michaelis-Menten,Poisson,0.0,0.2500007253075625,1.9639092388535868,1.4509987370514566e-08,1.6600000000000001,1.0
223,Michaelis-Menten,Poisson,0.0,0.38830151059157636,1.9769831770803277,0.014521883041646326,1.6600000000000001,1.0
224,Michaelis-Menten,Poisson,0.0,0.2592668266349374,1.9655591494941622,0.0003706742610941593,1.68,1.0
225,Michaelis-Menten,Poisson,0.0,0.2540704257468787,1.9642785778389464,8.297869692167393e-05,1.6600000000000001,1.0
226,Michaelis-Menten,Poisson,0.0,0.2966749567053268,1.9680661552502172,0.0021940147544403763,1.6600000000000001,1.0
227,Michaelis-Menten,Poisson,0.0,0.4195377994658911,1.9790826719516508,0.02042625972492486,1.6600000000000001,1.0
228,Michaelis-Menten,Poisson,0.0,0.2872109373077485,1.9676051319545023,0.001561006907633048,1.6600000000000001,1.0
229,Michaelis-Menten,Poisson,0.0,0.2500008661584219,1.9639092519223136,1.74453443924083e-08,1.6600000000000001,1.0
230,Michaelis-Menten,Poisson,0.0,0.29667495668730676,1.9682108181844604,0.002226508622246881,1.6600000000000001,1.0
231,Michaelis-Menten,Poisson,0.0,0.25001396697687683,1.9639104198906623,2.797819500566234e-07,1.6600000000000001,1.0
232,Michaelis-Menten,Poisson,0.0,0.25069253829444954,1.9640196082158337,2.4804832613368742e-05,1.6600000000000001,1.0
233,Michaelis-Menten,Poisson,0.0,0.2504857230279141,1.9639802600880047,1.5966669836218196e-05,1.6600000000000001,1.0
234,Michaelis-Menten,Poisson,0.0,0.267607588361141,1.9654764217536331,0.0004617484174792263,1.6600000000000001,1.0
235,Michaelis-Menten,Poisson,0.0,0.46906846278180636,1.983948866112629,0.03177209225684563,1.6600000000000001,1.0
236,Michaelis-Menten,Poisson,0.0,0.2551512070314553,1.9643679784632635,0.00010306323837044219,1.6600000000000001,1.0
237,Michaelis-Menten,Poisson,0.0,0.2511788141924268,1.9640143202922145,2.361738298190752e-05,1.6600000000000001,1.0
238,Michaelis-Menten,Poisson,0.0,0.3508905052086713,1.972899309496371,0.008316258002455232,1.6600000000000001,1.0
239,Michaelis-Menten,Poisson,0.0,0.2500004793803586,1.9639092169390815,9.58778682336181e-09,1.6600000000000001,1.0
240,Michaelis-Menten,Poisson,0.0,0.2501174813086542,1.9639228445133536,3.0704736176689896e-06,1.6600000000000001,1.0
241,Michaelis-Menten,Poisson,0.0,0.3564154638546184,1.9733832894210481,0.00910398180927431,1.6600000000000001,1.0
242,Michaelis-Menten,Poisson,0.0,0.4774477419318496,1.985943954082255,0.03428582070581541,1.6600000000000001,1.0
243,Michaelis-Menten,Poisson,0.0,0.2577722023824168,1.965321610643646,0.00031729393744557853,1.6600000000000001,1.0
244,Michaelis-Menten,Poisson,0.0,0.26478844607378077,1.9652582671754921,0.00035834751205169766,1.6600000000000001,1.0
245,Michaelis-Menten,Poisson,0.0,0.3682871221143216,1.9744216965027963,0.010953545108281207,1.6600000000000001,1.0
246,Michaelis-Menten,Poisson,0.0,0.2551512070314553,1.9643932056646738,0.00010872953731372094,1.6600000000000001,1.0
247,Michaelis-Menten,Poisson,0.0,0.25011747809037316,1.963919716714282,2.36794068648738e-06,1.6600000000000001,1.0
248,Michaelis-Menten,Poisson,0.0,0.25000000002455625,1.9639091742547545,4.911260287343566e-13,1.6600000000000001,1.0
249,Michaelis-Menten,Poisson,0.0,0.411210496800129,1.97822080851207,0.018707036816837424,1.6600000000000001,1.0
250,Michaelis-Menten,Poisson,0.0,0.25431735580688897,1.9642937579490993,8.638918989070543e-05,1.6600000000000001,1.0
251,Michaelis-Menten,Poisson,0.0,0.26316098435245366,1.9650809202795017,0.0002871154886992122,1.6600000000000001,1.0
252,Michaelis-Menten,Poisson,0.0,0.25361796833389944,1.964380912210671,0.00010596366323854079,1.6600000000000001,1.0
253,Michaelis-Menten,Poisson,0.0,0.25000000000000105,1.963909174252568,2.1094237467877975e-17,1.6600000000000001,1.0
254,Michaelis-Menten,Poisson,0.0,0.25140739257435685,1.9640355947460466,2.8396080919110832e-05,1.6600000000000001,1.0
255,Michaelis-Menten,Poisson,0.0,0.25431735580688897,1.964300582430602,8.792203434740187e-05,1.6600000000000001,1.0
256,Michaelis-Menten,Poisson,0.0,0.25732919665974,1.9650481035205694,0.00025585042273501774,1.6600000000000001,1.0
257,Michaelis-Menten,Poisson,0.0,0.28439431379151175,1.967622059158811,0.001455986061836817,1.6600000000000001,1.0
258,Michaelis-Menten,Poisson,0.0,0.25614506516779356,1.9646249346490958,0.00016078424895147215,1.6600000000000001,1.0
259,Michaelis-Menten,Poisson,0.0,0.2500483740907923,1.9639137523492733,1.0282839931152755e-06,1.6600000000000001,1.0
260,Michaelis-Menten,Poisson,0.0,0.48851068246305784,2.00146040944409,0.05891019910112763,1.96,1.0
261,Michaelis-Menten,Poisson,0.0,0.2832581906840602,1.9669217227635607,0.001255547693834087,1.7,1.0
262,Michaelis-Menten,Poisson,0.0,0.2500176956940644,1.963910749938871,3.539138898434047e-07,1.6600000000000001,1.0
263,Michaelis-Menten,Poisson,0.0,0.3022291453584794,1.9685633200202777,0.002648888619993734,1.6600000000000001,1.0
264,Michaelis-Menten,Poisson,0.0,0.35089247639362686,1.9728753380782487,0.008311115906898169,1.6600000000000001,1.0
265,Michaelis-Menten,Poisson,0.0,0.2500776485125653,1.9639160887774905,1.5530690439768958e-06,1.6600000000000001,1.0
266,Michaelis-Menten,Poisson,0.0,0.2666136747515393,1.965772382141232,0.0005090505098675802,1.6600000000000001,1.0
267,Michaelis-Menten,Poisson,0.0,0.36221097243916467,1.9798451602320553,0.012973338618913087,1.6600000000000001,1.0
268,Michaelis-Menten,Poisson,0.0,0.3269797774045701,1.9710801229170343,0.005249311312620119,1.6600000000000001,1.0
269,Michaelis-Menten,Poisson,0.0,0.2501885636368807,1.96392784683774,4.194051509186503e-06,1.6600000000000001,1.0
270,Michaelis-Menten,Poisson,0.0,0.2500000027893325,1.9639091747226198,1.0557774765551641e-10,1.6600000000000001,1.0
271,Michaelis-Menten,Poisson,0.0,0.2505153078913362,1.9639664912154877,1.2874042957004006e-05,1.6600000000000001,1.0
272,Michaelis-Menten,Poisson,0.0,0.25,1.9639091742525672,0.0,1.6600000000000001,1.0
273,Michaelis-Menten,Poisson,0.0,0.2507347102439849,1.9639752518111713,1.4841868453945307e-05,1.6600000000000001,1.0
274,Michaelis-Menten,Poisson,0.0,0.2500983763031203,1.9639212358940363,2.709161198179988e-06,1.6600000000000001,1.0
275,Michaelis-Menten,Poisson,0.0,0.2500014751037741,1.963909309691568,3.0420854839618985e-08,1.6600000000000001,1.0
276,Michaelis-Menten,Poisson,0.0,0.2500038009234346,1.9639095127015378,7.601878297402998e-08,1.6600000000000001,1.0
277,Michaelis-Menten,Poisson,0.0,0.2502388920345248,1.9639326957212566,5.283165202029094e-06,1.6600000000000001,1.0
278,Michaelis-Menten,Poisson,0.0,0.25000047938058023,1.9639092250843424,1.1417287744119875e-08,1.6600000000000001,1.0
279,Michaelis-Menten,Poisson,0.0,0.2686598101884578,1.966811013443857,0.0008057496956923915,1.6600000000000001,1.0
280,Michaelis-Menten,Poisson,0.0,0.25005444944650523,1.9639148488529339,1.2745691889515243e-06,1.6600000000000001,1.0
281,Michaelis-Menten,Poisson,0.0,0.36221097243920475,1.9740695192534956,0.010033374190222526,1.6600000000000001,1.0
282,Michaelis-Menten,Poisson,0.0,0.411210496800129,1.9791985207947589,0.018926666128898036,1.6600000000000001,1.0
283,Michaelis-Menten,Poisson,0.0,0.2966749566873067,1.9680612258780497,0.0021929075694423717,1.6600000000000001,1.0
284,Michaelis-Menten,Poisson,0.0,0.25614506516779356,1.964461695082763,0.0001241177357410328,1.6600000000000001,1.0
285,Michaelis-Menten,Poisson,0.0,0.3682871221143216,1.9744702374123924,0.010964447901897876,1.6600000000000001,1.0
286,Michaelis-Menten,Poisson,0.0,0.25057998993025277,1.9639651866078767,1.2581042316166525e-05,1.6600000000000001,1.0
287,Michaelis-Menten,Poisson,0.0,0.2569112580470924,1.9649101248182281,0.0002248516758035746,1.6600000000000001,1.0
288,Michaelis-Menten,Poisson,0.0,0.2500017615607322,1.9639093311088396,3.52313742724153e-08,1.6600000000000001,1.0
289,Michaelis-Menten,Poisson,0.0,0.250148836462523,1.9639246742985377,3.481464007665247e-06,1.6600000000000001,1.0
290,Michaelis-Menten,Poisson,0.0,0.3084058165139667,1.9691035353754542,0.003223564244570601,1.6600000000000001,1.0
291,Michaelis-Menten,Poisson,0.0,0.25732919665974,1.9645657477382472,0.00014749584461472564,1.6600000000000001,1.0
292,Michaelis-Menten,Poisson,0.0,0.3746540929250965,1.9749875721045154,0.011976379938151203,1.6600000000000001,1.0
293,Michaelis-Menten,Poisson,0.0,0.3087749374090907,1.9692544609365048,0.0032845684767560564,1.74,1.0
294,Michaelis-Menten,Poisson,0.0,0.3456261175588923,1.9742725683876654,0.008152675250338044,1.6600000000000001,1.0
295,Michaelis-Menten,Poisson,0.0,0.26104554623448195,1.9648938731299943,0.00022122534823046716,1.6600000000000001,1.0
296,Michaelis-Menten,Poisson,0.0,0.36221097243916467,1.9738786570329785,0.00999050388475635,1.6600000000000001,1.0
297,Michaelis-Menten,Poisson,0.0,0.2545791933583093,1.9643256416705719,9.355158683838183e-05,1.6600000000000001,1.0
298,Michaelis-Menten,Poisson,0.0,0.2697736228256484,1.9656692637052564,0.0005468713831732619,1.6600000000000001,1.0
299,Michaelis-Menten,Poisson,0.0,0.25269421079410614,1.9642226948017338,7.042309060855679e-05,1.6600000000000001,1.0
0,Transporter-state,Poisson,0.0,0.2750497503702299,2.9130966382778065,0.0013900603951469382,10.32,0.06696652455840124
1,Transporter-state,Poisson,0.0,0.348773338456267,4.583193008853138,0.051825990347856385,2.36,0.03424425235066375
2,Transporter-state,Poisson,0.0,0.3555232246077863,3.7579126661015683,0.03803975970385519,13.84,0.03893065296136988
3,Transporter-state,Poisson,0.0,0.3545313400338843,3.7600788216381194,0.02026147470201792,2.42,0.040514377705260785
4,Transporter-state,Poisson,0.0,0.27250912251451687,2.6902598516556817,0.000803503477972224,5.5,0.14977338222674785
5,Transporter-state,Poisson,0.0,0.2643742341514302,2.53465198837074,0.00034244791619198795,2.02,0.17245718495448303
6,Transporter-state,Poisson,0.0,0.44633578154840375,2.5932987477268314,0.01956524749076991,7.12,0.12794562472863746
7,Transporter-state,Poisson,0.0,0.2500130329240716,2.204417528663795,2.763504250757887e-07,2.88,0.24176390929438063
8,Transporter-state,Poisson,0.0,0.27309211162805136,3.722976088947709,0.0019785378086783416,5.22,0.05501627521892072
9,Transporter-state,Poisson,0.0,0.26131248914761795,2.573201837813974,0.00023771412381194733,2.16,0.15845224880677045
10,Transporter-state,Poisson,0.0,0.4831600428561761,2.643729180046528,0.03213130063989697,2.1,0.0982776957496303
11,Transporter-state,Poisson,0.0,0.2572903537898033,3.0731510819075734,0.00022859430232322842,2.04,0.07788248227625294
12,Transporter-state,Poisson,0.0,0.2783165699609405,5.002564699268236,0.003968404233870723,5.28,0.045010520079242444
13,Transporter-state,Poisson,0.0,0.28372259705624914,2.3811396677209604,0.0015784303673496115,2.96,0.11058742641651842
14,Transporter-state,Poisson,0.0,0.27217756053910597,3.295433352448664,0.0013258955646014193,6.12,0.09332528671148155
15,Transporter-state,Poisson,0.0,0.28840815893067023,3.653358247928245,0.006635934752035199,2.12,0.0414014132401509
16,Transporter-state,Poisson,0.0,0.2507302698322303,2.2559001572828477,1.4605554259803367e-05,4.84,0.21839585373508885
17,Transporter-state,Poisson,0.0,0.250000019771451,2.184577798932439,7.570612747809236e-10,3.52,0.2922612204175279
18,Transporter-state,Poisson,0.0,0.4122625122715829,2.8986051342351185,0.027904801003210997,2.02,0.06877294277046031
19,Transporter-state,Poisson,0.0,0.2513601023578737,3.046682842889427,2.9768706674812014e-05,2.54,0.08824502688405367
20,Transporter-state,Poisson,0.0,0.27422448326539345,2.210619424000746,0.0006707912141407235,4.58,0.23856800435805514
21,Transporter-state,Poisson,0.0,0.27241306526766695,2.6741397284131314,0.0006500459262704538,8.16,0.10212689714486822
22,Transporter-state,Poisson,0.0,0.3588606719537915,4.266254666764149,0.05283035111284902,2.24,0.03490787019985109
23,Transporter-state,Poisson,0.0,0.3453862336445805,3.8706761711449476,0.013194865499965064,10.52,0.06451427497269369
24,Transporter-state,Poisson,0.0,0.3451083386140418,2.3433918193836196,0.006447858833968112,2.12,0.20240847435655374
25,Transporter-state,Poisson,0.0,0.4515113552430912,4.498648754610465,0.03604997956568786,3.7,0.05665981684590016
26,Transporter-state,Poisson,0.0,0.46693291612463045,3.6084226337130665,0.03925205432848244,10.02,0.0748413916634949
27,Transporter-state,Poisson,0.0,0.2533672850232703,2.378864788566799,7.287988469127483e-05,2.4,0.18403951196520763
28,Transporter-state,Poisson,0.0,0.25001434348881785,2.3119976606795243,3.021456747986928e-07,2.04,0.17550284968498764
29,Transporter-state,Poisson,0.0,0.37146594251042225,6.185183320462237,0.28349003254577304,4.0600000000000005,0.024395224623199097
30,Transporter-state,Poisson,0.0,0.2500599052424478,2.182169958685743,1.1981802764871043e-06,3.98,0.21371283897425386
31,Transporter-state,Poisson,0.0,0.2802577879166561,3.1581095718579975,0.0015738419497892864,3.08,0.09089133422137252
32,Transporter-state,Poisson,0.0,0.2756149403943481,2.3482684492298165,0.0007696819169891955,2.18,0.1919949998661037
33,Transporter-state,Poisson,0.0,0.2500210762418862,2.353387068286477,6.442470506928811e-07,3.42,0.25860520898094397
34,Transporter-state,Poisson,0.0,0.2504673723228996,2.2723334863768905,9.5578242522254e-06,2.22,0.17500539131945314
35,Transporter-state,Poisson,0.0,0.2500957433700637,2.3643793583055315,2.1973948174103253e-06,2.7,0.2450353050461871
36,Transporter-state,Poisson,0.0,0.2796208236138347,3.055418040549906,0.0017290071214510992,2.04,0.07356949601088647
37,Transporter-state,Poisson,0.0,0.3579767794010402,3.343578194516718,0.011242711727777238,2.02,0.0912580497350457
38,Transporter-state,Poisson,0.0,0.2723890521618144,2.4961964547746947,0.0008236719073463472,2.5,0.10686635133644085
39,Transporter-state,Poisson,0.0,0.3309558043581179,2.301466301542855,0.005364238293516557,5.12,0.1747336060880389
40,Transporter-state,Poisson,0.0,0.34261660878395095,2.995290967241928,0.006035621627169768,7.1000000000000005,0.1284201988770851
41,Transporter-state,Poisson,0.0,0.37129812763830233,2.65267282779264,0.016952704572280385,10.1,0.07450020786929012
42,Transporter-state,Poisson,0.0,0.313904837261002,2.8406306722592207,0.0035453627813702504,6.72,0.13576317006343908
43,Transporter-state,Poisson,0.0,0.25486077967740145,2.754563588332173,9.733101769429097e-05,6.36,0.12092037188155513
44,Transporter-state,Poisson,0.0,0.2500107309563446,2.496727753148252,5.542435756855646e-07,2.18,0.18792979467443083
45,Transporter-state,Poisson,0.0,0.29256610212623146,2.729803317734778,0.002094447079133872,2.18,0.0877680575683899
46,Transporter-state,Poisson,0.0,0.27308497987869895,2.228086458322253,0.0006763037083555278,3.2800000000000002,0.17433685330941795
47,Transporter-state,Poisson,0.0,0.2523302482740236,2.505011791533123,4.819419851886164e-05,2.22,0.20673302670375138
48,Transporter-state,Poisson,0.0,0.2565566002579927,2.8804787888122716,0.00013431000009708096,2.04,0.12021999284953766
49,Transporter-state,Poisson,0.0,0.29374859584714075,3.4037159335228897,0.005919020699831173,2.7600000000000002,0.06705820644531524
50,Transporter-state,Poisson,0.0,0.26694981226893894,3.283877437281699,0.0009263024477680348,2.38,0.058707696103800444
51,Transporter-state,Poisson,0.0,0.273877914334978,4.343119131904435,0.0024353258760039303,2.92,0.051438908282783746
52,Transporter-state,Poisson,0.0,0.2844103738037418,3.187941452618572,0.0030054468350010108,7.62,0.055528185194968716
53,Transporter-state,Poisson,0.0,0.25004228698743447,2.7836837315450533,1.8650291858046676e-06,4.76,0.1724300087526106
54,Transporter-state,Poisson,0.0,0.26438008001090424,2.533796246192029,0.00037422741442403755,2.18,0.14323247533418992
55,Transporter-state,Poisson,0.0,0.2500073622386392,2.282582091183847,1.4747295920991557e-07,2.16,0.268203983072662
56,Transporter-state,Poisson,0.0,0.2779458632992545,3.2251754262716568,0.0013551119094847943,4.0,0.100361090368428
57,Transporter-state,Poisson,0.0,0.30577506405272786,5.524886234637662,0.02777687860193973,3.22,0.03382688937094036
58,Transporter-state,Poisson,0.0,0.3753635012977178,2.703609594666707,0.011358232171398606,2.1,0.1517035644450414
59,Transporter-state,Poisson,0.0,0.2642998224263726,2.359181365297487,0.0003015345124863267,2.98,0.21731312275230985
60,Transporter-state,Poisson,0.0,0.5,2.282481757632738,0.02458779054849604,2.14,0.20632487579903824
61,Transporter-state,Poisson,0.0,0.26339390771235216,2.291164800586105,0.0002691717847065522,3.0,0.24055843320527048
62,Transporter-state,Poisson,0.0,0.25081100131583517,2.649338022485369,1.928175046302605e-05,2.02,0.1033438245969639
63,Transporter-state,Poisson,0.0,0.3368475451870411,2.7260246190915973,0.0053921928177570935,2.68,0.07940032208033176
64,Transporter-state,Poisson,0.0,0.29031291373349105,3.2449984204699143,0.0015864000987437232,2.02,0.08817981146862797
65,Transporter-state,Poisson,0.0,0.29571894825997386,2.786225300852506,0.0027564084685534865,3.8200000000000003,0.14417362881864082
66,Transporter-state,Poisson,0.0,0.25000000066682354,2.2258040631954223,2.075073890495105e-11,2.16,0.29804964033127257
67,Transporter-state,Poisson,0.0,0.2588313167032937,2.224296815146961,0.00017670326745568453,2.54,0.2715032070520387
68,Transporter-state,Poisson,0.0,0.3122635817033932,2.9168807602695397,0.006178411508300874,2.04,0.07055486606925698
69,Transporter-state,Poisson,0.0,0.2760224222226013,3.167080997482733,0.0011948283785262405,2.06,0.07963700590536416
70,Transporter-state,Poisson,0.0,0.25143643098161955,2.454448435273692,2.9243086072159312e-05,2.24,0.16879673965408892
71,Transporter-state,Poisson,0.0,0.2565082837089859,2.3482341904824025,0.00013035393523835203,2.56,0.1644278451015473
72,Transporter-state,Poisson,0.0,0.42493530253517947,2.8912504668632923,0.029002195675012745,2.2,0.07042846575823425
73,Transporter-state,Poisson,0.0,0.44131737873090315,5.194213846487251,0.1699559268461359,2.02,0.026639500242713998
74,Transporter-state,Poisson,0.0,0.2651841985688961,2.6687884052033986,0.00045094423598015073,2.94,0.13431979940284966
75,Transporter-state,Poisson,0.0,0.2500026713160305,2.3079310006230807,5.3705078750798664e-08,2.24,0.20921366996973978
76,Transporter-state,Poisson,0.0,0.46169770217166994,5.266391331992691,0.05265715129245674,2.3000000000000003,0.03935580246333059
77,Transporter-state,Poisson,0.0,0.25790416225369456,3.3520699223423716,0.0002787260257322877,10.16,0.06769526593922881
78,Transporter-state,Poisson,0.0,0.2755760467391844,2.4118993011333023,0.0007033487705878671,3.3000000000000003,0.1737559257917186
79,Transporter-state,Poisson,0.0,0.25287442052508025,2.254862389726749,5.751753454633412e-05,2.3000000000000003,0.14995684123286113
80,Transporter-state,Poisson,0.0,0.2541445158983368,2.384421149613698,0.00010327645583804722,2.14,0.15572023982542138
81,Transporter-state,Poisson,0.0,0.25362825887363993,2.362054707184503,7.715007527573257e-05,2.06,0.23713182404014044
82,Transporter-state,Poisson,0.0,0.2501226823056946,2.47013219234776,2.6440563379714897e-06,3.62,0.16724458633775918
83,Transporter-state,Poisson,0.0,0.36392336614821497,3.814021044946637,0.01413766849944811,2.04,0.04548469808766986
84,Transporter-state,Poisson,0.0,0.2643748005675144,2.654406376694963,0.00034537803804838505,2.4,0.14591840568741887
85,Transporter-state,Poisson,0.0,0.25047729887517955,2.2040793251060173,9.83617107531809e-06,2.3000000000000003,0.2161690869500431
86,Transporter-state,Poisson,0.0,0.26563932198614704,3.166120507772468,0.00047157456657304195,2.18,0.10193472698573769
87,Transporter-state,Poisson,0.0,0.2512920981253879,2.5001564043974147,2.7291555982084102e-05,2.1,0.16321926207229853
88,Transporter-state,Poisson,0.0,0.32460941866749426,2.846619894600027,0.004686670731536861,2.52,0.10340133900598991
89,Transporter-state,Poisson,0.0,0.25989274735626083,2.2970580126156945,0.00019798225342833821,2.24,0.19646231529486258
90,Transporter-state,Poisson,0.0,0.37529884413290704,6.744264919827862,0.24613510235293473,2.12,0.024039820709038207
91,Transporter-state,Poisson,0.0,0.2534895693850784,2.876934989816942,0.00013060905025262802,8.98,0.08613291019947145
92,Transporter-state,Poisson,0.0,0.2509732555999265,2.457519728178312,2.0020741205668546e-05,2.94,0.1689082343669588
93,Transporter-state,Poisson,0.0,0.30497394878179807,2.4535778199097775,0.002580398856439137,3.06,0.21905298085611336
94,Transporter-state,Poisson,0.0,0.25021996230437255,2.1936774077931562,4.399249736406485e-06,2.82,0.24677252332885136
95,Transporter-state,Poisson,0.0,0.2500116984655725,2.268594035324529,2.3400686402275106e-07,2.2800000000000002,0.20669206739309942
96,Transporter-state,Poisson,0.0,0.3220735929624236,2.887679737406132,0.008419494636465841,2.22,0.06836722450381871
97,Transporter-state,Poisson,0.0,0.2522910002898928,2.7417582391455455,8.0899853217834e-05,5.88,0.16332233321595302
98,Transporter-state,Poisson,0.0,0.27477300830541146,3.3871486784434603,0.0013666293633733395,4.04,0.09567925292242307
99,Transporter-state,Poisson,0.0,0.258875685528775,3.0110014403209284,0.0002090485862913549,2.18,0.10793570487307158
100,Transporter-state,Poisson,0.0,0.2687640653176527,2.447732956373268,0.000513509288748767,2.72,0.14557307997307722
101,Transporter-state,Poisson,0.0,0.3635390342346063,2.5146937919520664,0.007503585818039964,2.32,0.14946197470745026
102,Transporter-state,Poisson,0.0,0.2926047093928015,3.2165263793171777,0.005025815621873762,2.04,0.05275910211046397
103,Transporter-state,Poisson,0.0,0.2754187434994919,2.1699518392306367,0.0006959200727216897,2.36,0.26763516205177185
104,Transporter-state,Poisson,0.0,0.41610426449270227,2.7225957850293856,0.014386032080716468,2.02,0.1237667712414281
105,Transporter-state,Poisson,0.0,0.25020153920933186,2.4659208790817155,5.0084798954674885e-06,2.82,0.1496733548039315
106,Transporter-state,Poisson,0.0,0.28411282274138183,2.481879002052012,0.0012913360256484063,2.18,0.1719711896888595
107,Transporter-state,Poisson,0.0,0.2500626164545847,2.5310071391394717,2.240571584565254e-06,3.04,0.17107911377098195
108,Transporter-state,Poisson,0.0,0.2687704154866395,2.4096328761210963,0.0005339965562994176,3.18,0.14694660004378268
109,Transporter-state,Poisson,0.0,0.27653204656968644,2.206650500377505,0.0007627227912521294,2.5,0.23405055595221358
110,Transporter-state,Poisson,0.0,0.28371391219735587,3.432109817828091,0.004010712322804892,2.44,0.04981320191097305
111,Transporter-state,Poisson,0.0,0.2500483203231609,2.471480344278974,1.4642270643383528e-06,2.24,0.13490818461695508
112,Transporter-state,Poisson,0.0,0.25151527485376984,2.244262759808717,3.4592238105950474e-05,2.12,0.24914755605646366
113,Transporter-state,Poisson,0.0,0.2500073010966739,2.2535195642719508,2.746867342007242e-07,2.1,0.2534032447318434
114,Transporter-state,Poisson,0.0,0.259944572839614,2.502559840803938,0.00028276056343484735,2.06,0.19425393578701478
115,Transporter-state,Poisson,0.0,0.25032182294317123,2.3554254596793345,6.447059513345898e-06,2.7800000000000002,0.15227393111046206
116,Transporter-state,Poisson,0.0,0.26411856090707264,4.272669492785203,0.0006217627665851643,3.7,0.06115783116832241
117,Transporter-state,Poisson,0.0,0.2640335387110027,3.070123677695896,0.0007708536084776418,2.2800000000000002,0.06319284989550844
118,Transporter-state,Poisson,0.0,0.2945304775548406,3.812997668279242,0.006842740233816252,4.0,0.051239069218625866
119,Transporter-state,Poisson,0.0,0.2509291256916951,2.2521167599899723,1.9336135194697457e-05,2.44,0.22652507885095197
120,Transporter-state,Poisson,0.0,0.2500028992447659,2.0950200065281943,5.943171238587119e-08,2.2600000000000002,0.24861960451105636
121,Transporter-state,Poisson,0.0,0.3069333455406298,2.553883640894413,0.003842101908446315,3.18,0.1746682735789986
122,Transporter-state,Poisson,0.0,0.25021585688952885,2.6703676356249297,7.87758725464105e-06,2.14,0.11695695663062722
123,Transporter-state,Poisson,0.0,0.250000815762397,2.3416001696809836,1.7758100387954558e-08,2.22,0.22993556967340212
124,Transporter-state,Poisson,0.0,0.2586122865284971,3.2352351965576736,0.00026692122435422296,2.62,0.07135933799720706
125,Transporter-state,Poisson,0.0,0.27696011043715185,2.4649803095477707,0.000989843541082095,2.04,0.1572814990182151
126,Transporter-state,Poisson,0.0,0.2565924376525932,2.8575347287059065,0.00016825485315410396,2.24,0.07061381348600604
127,Transporter-state,Poisson,0.0,0.2507261193412097,3.0377358549298723,2.669699733286679e-05,2.04,0.12829791671562474
128,Transporter-state,Poisson,0.0,0.3577908841647374,3.101132950046635,0.02042282989805985,2.84,0.05587040957483269
129,Transporter-state,Poisson,0.0,0.2651767494348048,2.3523687892893186,0.0003083723751894551,2.64,0.25600108209247385
130,Transporter-state,Poisson,0.0,0.29113280090576554,4.46271721236548,0.00945472084015802,7.68,0.037832702762924275
131,Transporter-state,Poisson,0.0,0.2503806234538903,2.770578700754268,1.1234065979702778e-05,2.2800000000000002,0.10225786685748961
132,Transporter-state,Poisson,0.0,0.6497545345330811,10.089663700755832,2.8406418087845178,3.94,0.012523230100976557
133,Transporter-state,Poisson,0.0,0.5154871189966033,9.76276357345113,1.3052902713928602,2.52,0.016119669782320267
134,Transporter-state,Poisson,0.0,0.25233167687982533,2.515027413705879,4.666696517060198e-05,2.1,0.12793332731902407
135,Transporter-state,Poisson,0.0,0.2559652549295514,2.9917376101598467,0.00020222162718058878,2.96,0.0923217002069141
136,Transporter-state,Poisson,0.0,0.3343877736305814,3.4656765649277212,0.011331531518014514,2.12,0.06555113781211086
137,Transporter-state,Poisson,0.0,0.2578352792350968,3.6818232360722534,0.00031771047141338046,5.0,0.06684326973219101
138,Transporter-state,Poisson,0.0,0.3608810388864415,3.7464056312131113,0.026215797518266883,2.02,0.05273372883650007
139,Transporter-state,Poisson,0.0,0.2734297491738819,2.785027729941027,0.000834693569604198,2.12,0.07636919446987822
140,Transporter-state,Poisson,0.0,0.4325929625253012,2.836795830645101,0.036675827284477325,3.22,0.10257130448644725
141,Transporter-state,Poisson,0.0,0.2703182184443326,3.4415773157720366,0.0010793111910767817,2.1,0.06238163401641206
142,Transporter-state,Poisson,0.0,0.41386399589741873,6.56099910923003,0.4627239187586614,2.62,0.021042690125705588
143,Transporter-state,Poisson,0.0,0.25524089793134996,2.2744203996587222,0.00010483758836310365,2.06,0.22333068984622972
144,Transporter-state,Poisson,0.0,0.3568751698640693,2.541279850392339,0.006720575100844856,2.6,0.19156901679053007
145,Transporter-state,Poisson,0.0,0.2559110535862835,2.5937404155677903,0.00012295264313964995,2.06,0.16668280085912057
146,Transporter-state,Poisson,0.0,0.2772110519523655,3.4680170912985915,0.003107075725663773,2.04,0.04587556539685811
147,Transporter-state,Poisson,0.0,0.25004231037631774,2.2737064665281492,8.623165484744622e-07,2.44,0.22274579509460057
148,Transporter-state,Poisson,0.0,0.2520318034362768,2.1829264701806914,4.759633825838106e-05,3.5,0.22140162375768413
149,Transporter-state,Poisson,0.0,0.2664130346028027,2.983603647728947,0.00036880896912328215,6.74,0.12278151581051044
150,Transporter-state,Poisson,0.0,0.2878714472668522,2.6041285858753738,0.0014348140227011107,2.04,0.18863009859788116
151,Transporter-state,Poisson,0.0,0.28925143531723085,2.3259242667637645,0.0014990296773722612,3.12,0.15795808849225423
152,Transporter-state,Poisson,0.0,0.4659676409603721,6.5642448571914285,0.7744925872270904,2.8000000000000003,0.018219446005020012
153,Transporter-state,Poisson,0.0,0.2698756221330866,2.667874610330454,0.0005014324122031622,3.2,0.18912633247954547
154,Transporter-state,Poisson,0.0,0.2500206299908461,2.4463424942454974,6.00351785015052e-07,3.66,0.19841662832831708
155,Transporter-state,Poisson,0.0,0.2502466497269037,2.4575246236823354,5.798540955199716e-06,2.7600000000000002,0.1330303646245914
156,Transporter-state,Poisson,0.0,0.25000000894584784,2.1207915578489103,1.8193917150632898e-10,2.08,0.32726272632382725
157,Transporter-state,Poisson,0.0,0.31652092375885216,4.115514544546585,0.022875343525191025,4.12,0.03565519879164292
158,Transporter-state,Poisson,0.0,0.30593237493654213,2.7051654856795917,0.002873147400930153,3.92,0.09709709033957947
159,Transporter-state,Poisson,0.0,0.2571988567640313,2.7469061461270643,0.00015039905264088162,2.02,0.11695818454918672
160,Transporter-state,Poisson,0.0,0.3089591002613742,2.646697725916003,0.003650734737137076,2.16,0.12593994907419237
161,Transporter-state,Poisson,0.0,0.25432337066950844,2.45629290526479,0.00017158619186391502,3.1,0.23557971259296562
162,Transporter-state,Poisson,0.0,0.2677188295980139,2.637169893222239,0.0005153140890503348,2.02,0.12457772585807436
163,Transporter-state,Poisson,0.0,0.2906704903712579,4.580253186653876,0.009336900867823548,2.06,0.03839637240524141
164,Transporter-state,Poisson,0.0,0.2667688769484084,2.249074128190581,0.0003793609960397493,2.2600000000000002,0.26560267130767545
165,Transporter-state,Poisson,0.0,0.2500000057592342,2.2504498544284535,1.1632135699102265e-10,2.7,0.29616294983500857
166,Transporter-state,Poisson,0.0,0.2537675026126766,2.6226513893183303,0.00011168450171574085,7.08,0.129470870815505
167,Transporter-state,Poisson,0.0,0.2615882577856111,2.8159365040279325,0.00048252914362148963,8.52,0.09554653404979963
168,Transporter-state,Poisson,0.0,0.2515390925725269,2.361676770021001,3.198918333553569e-05,5.18,0.20072930119964727
169,Transporter-state,Poisson,0.0,0.3868047835438384,2.9867703466862943,0.01988046873218462,2.08,0.08854374439127832
170,Transporter-state,Poisson,0.0,0.25029681555802546,2.72149627160521,6.256450745069086e-06,4.44,0.1097791571024681
171,Transporter-state,Poisson,0.0,0.3118215246960608,3.195740654339677,0.0052002748614345925,8.76,0.08689149380476202
172,Transporter-state,Poisson,0.0,0.29938158586194086,2.7097087908636928,0.002030556886658017,5.36,0.1625170483238202
173,Transporter-state,Poisson,0.0,0.27128137048479983,2.7303041823005016,0.0006815145548906098,2.74,0.11844602759129086
174,Transporter-state,Poisson,0.0,0.27023965549059903,3.0893190557651633,0.0011256946230124522,2.02,0.05752644936383877
175,Transporter-state,Poisson,0.0,0.25363222155072923,2.4883241443887525,0.00013655310845913984,2.62,0.15597641880472435
176,Transporter-state,Poisson,0.0,0.4366872617238468,2.416806688122825,0.020166513545502616,7.0,0.14277937136022434
177,Transporter-state,Poisson,0.0,0.29231057255789755,2.8705497556573065,0.0032022616266879776,8.700000000000001,0.09415113862838675
178,Transporter-state,Poisson,0.0,0.2500000003965111,2.088418082942917,9.28219945350861e-12,3.2600000000000002,0.3372111690409314
179,Transporter-state,Poisson,0.0,0.3800205602376102,3.1309313067103615,0.024088949289475664,11.16,0.061388652162227775
180,Transporter-state,Poisson,0.0,0.2693924890345989,3.4486049831081687,0.0010797361191267696,5.74,0.060458088173359625
181,Transporter-state,Poisson,0.0,0.25639198037913397,3.091364349315997,0.00028933652474383845,2.04,0.06633465790529258
182,Transporter-state,Poisson,0.0,0.27935283294321445,2.752258660742006,0.0010449174680710793,2.46,0.09516592398981127
183,Transporter-state,Poisson,0.0,0.3738073073959013,6.109472651499405,0.21456729666019367,2.36,0.02431939651583348
184,Transporter-state,Poisson,0.0,0.5,3.6693445540428176,0.02616215183345505,4.68,0.04577020644868901
185,Transporter-state,Poisson,0.0,0.29140412440952274,2.5457434404817336,0.0014898743503609568,2.42,0.1609685667482913
186,Transporter-state,Poisson,0.0,0.2502310478043305,2.3429093699340604,7.4868470820499414e-06,2.24,0.2567835831822568
187,Transporter-state,Poisson,0.0,0.3389970731167411,3.2930211626084356,0.00880656898403066,2.92,0.05464006714726233
188,Transporter-state,Poisson,0.0,0.3588342996476154,2.7797277782285628,0.0166162189851455,9.14,0.08456090705084096
189,Transporter-state,Poisson,0.0,0.2731112256500251,3.8773394144969395,0.0015029539664784474,2.2,0.056731067521906486
190,Transporter-state,Poisson,0.0,0.25038777865323747,2.3155444491010617,1.749838476978738e-05,2.52,0.2137884863696342
191,Transporter-state,Poisson,0.0,0.3632768316728101,3.119868612863758,0.01554539942328553,2.24,0.05902992169450694
192,Transporter-state,Poisson,0.0,0.2682764672396702,2.9500647014840338,0.000703531093682116,2.02,0.07998610977256038
193,Transporter-state,Poisson,0.0,0.27540186732871286,2.514085039088172,0.0008186892172580452,3.2,0.2263750128984876
194,Transporter-state,Poisson,0.0,0.28616373147565105,2.9879797490194195,0.001243926396584022,2.86,0.11369350417105706
195,Transporter-state,Poisson,0.0,0.27528408785504244,2.6179575348990265,0.0010769563313779004,2.66,0.10827015575525012
196,Transporter-state,Poisson,0.0,0.25078021512933346,2.3340019459681423,2.8197599196574385e-05,5.58,0.18235321815842487
197,Transporter-state,Poisson,0.0,0.254139384306706,2.859538535628787,9.312798258312217e-05,2.86,0.08600246063716077
198,Transporter-state,Poisson,0.0,0.25943553652260415,2.7319891307157094,0.0002520162258815772,5.5,0.09152739688106071
199,Transporter-state,Poisson,0.0,0.42177050054904647,2.6419178960112366,0.016751356612673924,2.02,0.1642501196024604
200,Transporter-state,Poisson,0.0,0.2762577967873305,3.587920591342588,0.0021306092565245576,2.06,0.05068189944598489
201,Transporter-state,Poisson,0.0,0.39547995629952454,5.5367749863475195,0.31168390546941477,2.02,0.022533238124391675
202,Transporter-state,Poisson,0.0,0.2551761504343882,2.847674293007969,0.00018123222945557347,2.34,0.07261842038699506
203,Transporter-state,Poisson,0.0,0.2859344914804378,2.2619525067612174,0.001370173783780646,2.92,0.1828847426834569
204,Transporter-state,Poisson,0.0,0.2500008577127988,2.145155859030573,1.7155254348200093e-08,2.04,0.25783666371255676
205,Transporter-state,Poisson,0.0,0.27420148254394994,4.3927246496649675,0.002955153274373697,2.02,0.04854350548700759
206,Transporter-state,Poisson,0.0,0.2500681972564183,2.3198837846510223,1.3754899362106168e-06,2.24,0.19770274897776097
207,Transporter-state,Poisson,0.0,0.2510636788013253,2.760001592358179,4.311798418096702e-05,2.22,0.09772673200564996
208,Transporter-state,Poisson,0.0,0.2689434829344921,3.33648817789373,0.0013297900616029456,2.18,0.07041840516846665
209,Transporter-state,Poisson,0.0,0.2500000951095965,2.37768847381982,1.95186675155945e-09,4.66,0.22910208115378938
210,Transporter-state,Poisson,0.0,0.3249458421701841,2.2923375203987253,0.004173692364929138,2.38,0.18399880620177445
211,Transporter-state,Poisson,0.0,0.3080158434450985,3.5684027552450024,0.009885679617061527,2.2600000000000002,0.04578891560245213
212,Transporter-state,Poisson,0.0,0.25242478371051463,2.5142031905375752,5.243001228629973e-05,2.48,0.1458109301732653
213,Transporter-state,Poisson,0.0,0.2596589227883841,3.762587201067913,0.0005315865983961753,2.04,0.056905124543039975
214,Transporter-state,Poisson,0.0,0.2500003845463074,2.3651075053983797,1.452533475054807e-08,2.02,0.21957950083077393
215,Transporter-state,Poisson,0.0,0.2509608184070249,2.868272670097754,4.117545057751859e-05,2.1,0.09472315715063695
216,Transporter-state,Poisson,0.0,0.29139025391510426,2.5627853374325675,0.0019773648274149618,2.52,0.1375552229180781
217,Transporter-state,Poisson,0.0,0.2756671537047183,3.9780969717770396,0.002236409852958472,2.16,0.061405396470940454
218,Transporter-state,Poisson,0.0,0.2656760649112304,2.4363071099012257,0.0003266438731004684,2.04,0.1748802893589554
219,Transporter-state,Poisson,0.0,0.2500800048931097,2.3379041282622968,1.6104965025331984e-06,2.94,0.2293678133467073
220,Transporter-state,Poisson,0.0,0.25865125114134097,3.0753430366554895,0.00020277554958648026,2.16,0.09411876883567827
221,Transporter-state,Poisson,0.0,0.25630411291624944,3.0919151314471245,0.0002698310876968268,2.12,0.06817712063836012
222,Transporter-state,Poisson,0.0,0.25020749485241717,2.6321174217881276,6.604920697781402e-06,2.12,0.11822279167217864
223,Transporter-state,Poisson,0.0,0.3508763248887709,3.9644024180787722,0.008033496726247657,2.12,0.053111710998897
224,Transporter-state,Poisson,0.0,0.2716691079908127,3.593857791268329,0.0010820171861857298,5.96,0.07019658322141809
225,Transporter-state,Poisson,0.0,0.2574114907686977,2.8188279312609743,0.00022251160124098554,4.0200000000000005,0.12396388732299313
226,Transporter-state,Poisson,0.0,0.3322055629742844,3.339240282466526,0.009446890642526191,2.04,0.07352008537831267
227,Transporter-state,Poisson,0.0,0.3790634836297083,3.8148662805459104,0.019784563944383535,2.3000000000000003,0.04249896435212219
228,Transporter-state,Poisson,0.0,0.314566763808061,2.6398286856772866,0.0053262149731337785,2.32,0.09581938788721889
229,Transporter-state,Poisson,0.0,0.2528180209437337,2.589820750092771,5.648595827321468e-05,2.38,0.09420372784298103
230,Transporter-state,Poisson,0.0,0.3152226714299649,3.9958975696661634,0.004886217396362071,2.1,0.07825379921876996
231,Transporter-state,Poisson,0.0,0.25042222894238203,2.425668649841884,1.0747113404026011e-05,2.02,0.16115794824544039
232,Transporter-state,Poisson,0.0,0.263824362530172,2.866399955194652,0.0005180529434567627,2.02,0.0957615104284899
233,Transporter-state,Poisson,0.0,0.27447368895103924,3.6919508914430863,0.0017833197354586593,4.54,0.060317085282093785
234,Transporter-state,Poisson,0.0,0.27710289416902517,2.555255938229914,0.0008524281890823194,2.04,0.12248998405494493
235,Transporter-state,Poisson,0.0,0.47339797577051773,3.721822736722668,0.053400051835680966,2.06,0.04974667224978602
236,Transporter-state,Poisson,0.0,0.26839567271801457,2.870014858557217,0.0005798630770152003,2.12,0.09404225019118106
237,Transporter-state,Poisson,0.0,0.25766656045790104,3.11559713822458,0.00025806675530654186,2.52,0.07125422038666318
238,Transporter-state,Poisson,0.0,0.3287610089088313,3.17798375164473,0.005463749783513226,2.02,0.06736873215147576
239,Transporter-state,Poisson,0.0,0.25001452730287843,2.1951099070182805,2.908498418674466e-07,2.2800000000000002,0.31632428278795044
240,Transporter-state,Poisson,0.0,0.3245180613666553,5.11365509566708,0.0462595763923748,12.8,0.03187760059838651
241,Transporter-state,Poisson,0.0,0.331868613689149,2.7444782751266072,0.005413063645789624,2.7800000000000002,0.07055565455250501
242,Transporter-state,Poisson,0.0,0.46201407001617406,2.2722021460387345,0.022351491574176117,2.54,0.16892596138815208
243,Transporter-state,Poisson,0.0,0.40517189938394355,6.390340002177463,0.390341967589047,2.1,0.021642073057641764
244,Transporter-state,Poisson,0.0,0.3172184672946474,5.8799549658721775,0.050882579421233295,2.02,0.03368753204340469
245,Transporter-state,Poisson,0.0,0.3397680298383301,2.465238531686376,0.005464108156709966,4.86,0.2180314016841196
246,Transporter-state,Poisson,0.0,0.25984498863175876,3.1316008788800085,0.00037401128727391537,2.46,0.11226013838712823
247,Transporter-state,Poisson,0.0,0.2507266207845546,2.277562380305144,1.4946740192751661e-05,2.1,0.22438949471426928
248,Transporter-state,Poisson,0.0,0.2500000222323945,2.106558390799527,4.446556467474494e-10,2.68,0.3330462984390574
249,Transporter-state,Poisson,0.0,0.37336535421785777,2.614428118492016,0.008695779188328227,2.12,0.11753679291531816
250,Transporter-state,Poisson,0.0,0.26271482853588524,2.6189595568705464,0.00026600553973680444,2.02,0.15310369011058567
251,Transporter-state,Poisson,0.0,0.2660638603035203,2.8374540709442586,0.00039435700467827287,2.06,0.08119709745377357
252,Transporter-state,Poisson,0.0,0.2648762918801845,2.4924354588338513,0.00046823670395354955,2.48,0.15564465944065464
253,Transporter-state,Poisson,0.0,0.2500000000056605,1.9808562704735477,1.3059442416363253e-13,2.2800000000000002,0.3733059139625887
254,Transporter-state,Poisson,0.0,0.27210231209963126,2.9766673296261565,0.0009298456291963086,9.16,0.0843976918836239
255,Transporter-state,Poisson,0.0,0.25768556803685566,2.2868558083677177,0.00017855425831021625,3.2800000000000002,0.21596445720226987
256,Transporter-state,Poisson,0.0,0.27018487881503894,2.4241681161381754,0.000825971868813894,2.32,0.1611966462743354
257,Transporter-state,Poisson,0.0,0.34726597713720075,5.10717234518807,0.02494833106005856,3.08,0.042984558622708
258,Transporter-state,Poisson,0.0,0.2872751061180471,3.504065298410594,0.005259245329493378,2.02,0.045438028331132085
259,Transporter-state,Poisson,0.0,0.25187545922445553,2.7407283718541073,6.090718510469718e-05,2.04,0.13598974862333024
260,Transporter-state,Poisson,0.0,0.4800948319846301,4.504146077343688,0.04656633351484536,6.58,0.039941194108496614
261,Transporter-state,Poisson,0.0,0.3964834511166103,4.474468024699463,0.14439984826184082,16.46,0.028123947655138926
262,Transporter-state,Poisson,0.0,0.25177099056986263,2.514166717309551,3.5429859338995676e-05,2.64,0.14586159809613686
263,Transporter-state,Poisson,0.0,0.33525509813504023,2.9299954548704177,0.009842269233988787,2.34,0.07516266097579427
264,Transporter-state,Poisson,0.0,0.36553244617294045,3.021193421398348,0.015099079136341483,2.02,0.07876134381597089
265,Transporter-state,Poisson,0.0,0.28514103169194344,3.5875092870894334,0.004250862950953297,2.42,0.04567897844661273
266,Transporter-state,Poisson,0.0,0.272642479332999,2.6840940223701923,0.0008070364460400469,2.72,0.11754329535180352
267,Transporter-state,Poisson,0.0,0.3311615858717541,4.234802806255689,0.010707642950555351,3.2800000000000002,0.06800319529659682
268,Transporter-state,Poisson,0.0,0.3224321005728902,2.759087352905074,0.004773846582987639,2.08,0.12254920463717645
269,Transporter-state,Poisson,0.0,0.27392273724826405,3.9881647053165987,0.0026823977310984435,3.62,0.04516908072729464
270,Transporter-state,Poisson,0.0,0.25486017410672956,3.317595567276848,0.00013758449930371342,2.1,0.0663916570083658
271,Transporter-state,Poisson,0.0,0.27696949321369413,3.411584599661058,0.0020997660808126004,11.540000000000001,0.05329384791348568
272,Transporter-state,Poisson,0.0,0.2500000000000022,1.9969891837441232,4.4408920985006264e-17,2.04,0.40765706373705
273,Transporter-state,Poisson,0.0,0.2563127164552136,2.6427606548079416,0.0002021718278467211,2.48,0.10003408616084741
274,Transporter-state,Poisson,0.0,0.2505720275183723,2.34503596490059,2.0319697277977334e-05,2.7600000000000002,0.22202135957332614
275,Transporter-state,Poisson,0.0,0.25719930488824067,3.0835409090417945,0.00017776675571450797,2.14,0.07198866264975345
276,Transporter-state,Poisson,0.0,0.2502922433898112,2.363233890056357,5.91497314408107e-06,4.14,0.16746459801477542
277,Transporter-state,Poisson,0.0,0.26078286920053106,2.8434802681066658,0.0003525041856762001,2.7,0.07354826029100547
278,Transporter-state,Poisson,0.0,0.2520107569837682,2.868849325815752,4.10420884099627e-05,3.58,0.10034167694500329
279,Transporter-state,Poisson,0.0,0.27232590262660406,2.509343669574979,0.0010589768716992756,3.04,0.21321134223137528
280,Transporter-state,Poisson,0.0,0.25039838435680456,2.2819250584764763,1.3283888343256223e-05,3.7800000000000002,0.24360518638197526
281,Transporter-state,Poisson,0.0,0.37344729078592964,3.329165184284398,0.01801659177896705,2.02,0.07770596331500601
282,Transporter-state,Poisson,0.0,0.37117148970929553,3.1204930619984146,0.012658852884693343,2.2800000000000002,0.059057717387048125
283,Transporter-state,Poisson,0.0,0.29709790365122507,2.715881582707118,0.0021062397701047757,2.7800000000000002,0.08506315680055299
284,Transporter-state,Poisson,0.0,0.290349401249073,3.9148038097292814,0.007535980089572524,2.06,0.04055304880534227
285,Transporter-state,Poisson,0.0,0.3476171727019632,2.7038908817008105,0.0073301178365916715,3.1,0.09211254838905558
286,Transporter-state,Poisson,0.0,0.2563212441299075,2.7373306283691186,0.00016892284844673646,2.64,0.09819037640261996
287,Transporter-state,Poisson,0.0,0.26632588861902484,2.90359618820124,0.0007170549878835953,2.02,0.10576059492815948
288,Transporter-state,Poisson,0.0,0.250104768012092,2.235093915668823,2.0960870848030223e-06,2.06,0.24467956983238504
289,Transporter-state,Poisson,0.0,0.3038818346796253,3.781989933144756,0.014111861668188118,2.2600000000000002,0.037863994817961766
290,Transporter-state,Poisson,0.0,0.3024374912227269,2.3270383761716427,0.0023532944272979628,2.04,0.17488423143974807
291,Transporter-state,Poisson,0.0,0.26673511282055895,2.592348153771357,0.0004268967316623684,2.08,0.11931455077484177
292,Transporter-state,Poisson,0.0,0.3413586983425205,4.230576786318545,0.044991760258804116,2.7800000000000002,0.031715000805258464
293,Transporter-state,Poisson,0.0,0.3583832886801526,3.141478601865984,0.020685688841052274,11.98,0.052575837174740014
294,Transporter-state,Poisson,0.0,0.3220737874452959,3.0199662970754826,0.0043576703883339086,9.16,0.08276988150991826
295,Transporter-state,Poisson,0.0,0.2739261994797907,2.2911371269548835,0.0007356778274471899,2.38,0.1678368681842849
296,Transporter-state,Poisson,0.0,0.35190400582781295,2.3706133577375677,0.00852190697668516,2.04,0.14467492320025388
297,Transporter-state,Poisson,0.0,0.26342170103841933,2.8409928929345347,0.0005349850329833273,3.48,0.089401423815059
298,Transporter-state,Poisson,0.0,0.30509692952436795,2.7739498816569816,0.004445479683125269,3.68,0.08146816108931665
299,Transporter-state,Poisson,0.0,0.25546800129862646,2.7876047364428733,0.0002339169087173576,2.32,0.0934975332160718
0,Linear,Burst,0.0,0.25,1.8667690465374907,0.0,1.68,1.0
1,Linear,Burst,0.0,0.25,1.8667690465374907,0.0,1.68,1.0
2,Linear,Burst,0.0,0.25,1.8667690465374907,0.0,1.68,1.0
3,Linear,Burst,0.0,0.25,1.8667690465374907,0.0,1.68,1.0
4,Linear,Burst,0.0,0.25,1.8667690465374907,0.0,1.68,1.0
5,Linear,Burst,0.0,0.25,1.8667690465374907,0.0,1.68,1.0
6,Linear,Burst,0.0,0.25,1.8667690465374907,0.0,1.68,1.0
7,Linear,Burst,0.0,0.25,1.8667690465374907,0.0,1.68,1.0
8,Linear,Burst,0.0,0.25,1.8667690465374907,0.0,1.68,1.0
9,Linear,Burst,0.0,0.25,1.8667690465374907,0.0,1.68,1.0
10,Linear,Burst,0.0,0.25,1.8667690465374907,0.0,1.68,1.0
11,Linear,Burst,0.0,0.25,1.8667690465374907,0.0,1.68,1.0
12,Linear,Burst,0.0,0.25,1.8667690465374907,0.0,1.68,1.0
13,Linear,Burst,0.0,0.25,1.8667690465374907,0.0,1.68,1.0
14,Linear,Burst,0.0,0.25,1.8667690465374907,0.0,1.68,1.0
15,Linear,Burst,0.0,0.25,1.8667690465374907,0.0,1.68,1.0
16,Linear,Burst,0.0,0.25,1.8667690465374907,0.0,1.68,1.0
17,Linear,Burst,0.0,0.25,1.8667690465374907,0.0,1.68,1.0
18,Linear,Burst,0.0,0.25,1.8667690465374907,0.0,1.68,1.0
19,Linear,Burst,0.0,0.25,1.8667690465374907,0.0,1.68,1.0
20,Linear,Burst,0.0,0.25,1.8667690465374907,0.0,1.68,1.0
21,Linear,Burst,0.0,0.25,1.8667690465374907,0.0,1.68,1.0
22,Linear,Burst,0.0,0.25,1.8667690465374907,0.0,1.68,1.0
23,Linear,Burst,0.0,0.25,1.8667690465374907,0.0,1.68,1.0
24,Linear,Burst,0.0,0.25,1.8667690465374907,0.0,1.68,1.0
25,Linear,Burst,0.0,0.25,1.8667690465374907,0.0,1.68,1.0
26,Linear,Burst,0.0,0.25,1.8667690465374907,0.0,1.68,1.0
27,Linear,Burst,0.0,0.25,1.8667690465374907,0.0,1.68,1.0
28,Linear,Burst,0.0,0.25,1.8667690465374907,0.0,1.68,1.0
29,Linear,Burst,0.0,0.25,1.8667690465374907,0.0,1.68,1.0
30,Linear,Burst,0.0,0.25,1.8667690465374907,0.0,1.68,1.0
31,Linear,Burst,0.0,0.25,1.8667690465374907,0.0,1.68,1.0
32,Linear,Burst,0.0,0.25,1.8667690465374907,0.0,1.68,1.0
33,Linear,Burst,0.0,0.25,1.8667690465374907,0.0,1.68,1.0
34,Linear,Burst,0.0,0.25,1.8667690465374907,0.0,1.68,1.0
35,Linear,Burst,0.0,0.25,1.8667690465374907,0.0,1.68,1.0
36,Linear,Burst,0.0,0.25,1.8667690465374907,0.0,1.68,1.0
37,Linear,Burst,0.0,0.25,1.8667690465374907,0.0,1.68,1.0
38,Linear,Burst,0.0,0.25,1.8667690465374907,0.0,1.68,1.0
39,Linear,Burst,0.0,0.25,1.8667690465374907,0.0,1.68,1.0
40,Linear,Burst,0.0,0.25,1.8667690465374907,0.0,1.68,1.0
41,Linear,Burst,0.0,0.25,1.8667690465374907,0.0,1.68,1.0
42,Linear,Burst,0.0,0.25,1.8667690465374907,0.0,1.68,1.0
43,Linear,Burst,0.0,0.25,1.8667690465374907,0.0,1.68,1.0
44,Linear,Burst,0.0,0.25,1.8667690465374907,0.0,1.68,1.0
45,Linear,Burst,0.0,0.25,1.8667690465374907,0.0,1.68,1.0
46,Linear,Burst,0.0,0.25,1.8667690465374907,0.0,1.68,1.0
47,Linear,Burst,0.0,0.25,1.8667690465374907,0.0,1.68,1.0
48,Linear,Burst,0.0,0.25,1.8667690465374907,0.0,1.68,1.0
49,Linear,Burst,0.0,0.25,1.8667690465374907,0.0,1.68,1.0
50,Linear,Burst,0.0,0.25,1.8667690465374907,0.0,1.68,1.0
51,Linear,Burst,0.0,0.25,1.8667690465374907,0.0,1.68,1.0
52,Linear,Burst,0.0,0.25,1.8667690465374907,0.0,1.68,1.0
53,Linear,Burst,0.0,0.25,1.8667690465374907,0.0,1.68,1.0
54,Linear,Burst,0.0,0.25,1.8667690465374907,0.0,1.68,1.0
55,Linear,Burst,0.0,0.25,1.8667690465374907,0.0,1.68,1.0
56,Linear,Burst,0.0,0.25,1.8667690465374907,0.0,1.68,1.0
57,Linear,Burst,0.0,0.25,1.8667690465374907,0.0,1.68,1.0
58,Linear,Burst,0.0,0.25,1.8667690465374907,0.0,1.68,1.0
59,Linear,Burst,0.0,0.25,1.8667690465374907,0.0,1.68,1.0
60,Linear,Burst,0.0,0.25,1.8667690465374907,0.0,1.68,1.0
61,Linear,Burst,0.0,0.25,1.8667690465374907,0.0,1.68,1.0
62,Linear,Burst,0.0,0.25,1.8667690465374907,0.0,1.68,1.0
63,Linear,Burst,0.0,0.25,1.8667690465374907,0.0,1.68,1.0
64,Linear,Burst,0.0,0.25,1.8667690465374907,0.0,1.68,1.0
65,Linear,Burst,0.0,0.25,1.8667690465374907,0.0,1.68,1.0
66,Linear,Burst,0.0,0.25,1.8667690465374907,0.0,1.68,1.0
67,Linear,Burst,0.0,0.25,1.8667690465374907,0.0,1.68,1.0
68,Linear,Burst,0.0,0.25,1.8667690465374907,0.0,1.68,1.0
69,Linear,Burst,0.0,0.25,1.8667690465374907,0.0,1.68,1.0
70,Linear,Burst,0.0,0.25,1.8667690465374907,0.0,1.68,1.0
71,Linear,Burst,0.0,0.25,1.8667690465374907,0.0,1.68,1.0
72,Linear,Burst,0.0,0.25,1.8667690465374907,0.0,1.68,1.0
73,Linear,Burst,0.0,0.25,1.8667690465374907,0.0,1.68,1.0
74,Linear,Burst,0.0,0.25,1.8667690465374907,0.0,1.68,1.0
75,Linear,Burst,0.0,0.25,1.8667690465374907,0.0,1.68,1.0
76,Linear,Burst,0.0,0.25,1.8667690465374907,0.0,1.68,1.0
77,Linear,Burst,0.0,0.25,1.8667690465374907,0.0,1.68,1.0
78,Linear,Burst,0.0,0.25,1.8667690465374907,0.0,1.68,1.0
79,Linear,Burst,0.0,0.25,1.8667690465374907,0.0,1.68,1.0
80,Linear,Burst,0.0,0.25,1.8667690465374907,0.0,1.68,1.0
81,Linear,Burst,0.0,0.25,1.8667690465374907,0.0,1.68,1.0
82,Linear,Burst,0.0,0.25,1.8667690465374907,0.0,1.68,1.0
83,Linear,Burst,0.0,0.25,1.8667690465374907,0.0,1.68,1.0
84,Linear,Burst,0.0,0.25,1.8667690465374907,0.0,1.68,1.0
85,Linear,Burst,0.0,0.25,1.8667690465374907,0.0,1.68,1.0
86,Linear,Burst,0.0,0.25,1.8667690465374907,0.0,1.68,1.0
87,Linear,Burst,0.0,0.25,1.8667690465374907,0.0,1.68,1.0
88,Linear,Burst,0.0,0.25,1.8667690465374907,0.0,1.68,1.0
89,Linear,Burst,0.0,0.25,1.8667690465374907,0.0,1.68,1.0
90,Linear,Burst,0.0,0.25,1.8667690465374907,0.0,1.68,1.0
91,Linear,Burst,0.0,0.25,1.8667690465374907,0.0,1.68,1.0
92,Linear,Burst,0.0,0.25,1.8667690465374907,0.0,1.68,1.0
93,Linear,Burst,0.0,0.25,1.8667690465374907,0.0,1.68,1.0
94,Linear,Burst,0.0,0.25,1.8667690465374907,0.0,1.68,1.0
95,Linear,Burst,0.0,0.25,1.8667690465374907,0.0,1.68,1.0
96,Linear,Burst,0.0,0.25,1.8667690465374907,0.0,1.68,1.0
97,Linear,Burst,0.0,0.25,1.8667690465374907,0.0,1.68,1.0
98,Linear,Burst,0.0,0.25,1.8667690465374907,0.0,1.68,1.0
99,Linear,Burst,0.0,0.25,1.8667690465374907,0.0,1.68,1.0
100,Linear,Burst,0.0,0.25,1.8667690465374907,0.0,1.68,1.0
101,Linear,Burst,0.0,0.25,1.8667690465374907,0.0,1.68,1.0
102,Linear,Burst,0.0,0.25,1.8667690465374907,0.0,1.68,1.0
103,Linear,Burst,0.0,0.25,1.8667690465374907,0.0,1.68,1.0
104,Linear,Burst,0.0,0.25,1.8667690465374907,0.0,1.68,1.0
105,Linear,Burst,0.0,0.25,1.8667690465374907,0.0,1.68,1.0
106,Linear,Burst,0.0,0.25,1.8667690465374907,0.0,1.68,1.0
107,Linear,Burst,0.0,0.25,1.8667690465374907,0.0,1.68,1.0
108,Linear,Burst,0.0,0.25,1.8667690465374907,0.0,1.68,1.0
109,Linear,Burst,0.0,0.25,1.8667690465374907,0.0,1.68,1.0
110,Linear,Burst,0.0,0.25,1.8667690465374907,0.0,1.68,1.0
111,Linear,Burst,0.0,0.25,1.8667690465374907,0.0,1.68,1.0
112,Linear,Burst,0.0,0.25,1.8667690465374907,0.0,1.68,1.0
113,Linear,Burst,0.0,0.25,1.8667690465374907,0.0,1.68,1.0
114,Linear,Burst,0.0,0.25,1.8667690465374907,0.0,1.68,1.0
115,Linear,Burst,0.0,0.25,1.8667690465374907,0.0,1.68,1.0
116,Linear,Burst,0.0,0.25,1.8667690465374907,0.0,1.68,1.0
117,Linear,Burst,0.0,0.25,1.8667690465374907,0.0,1.68,1.0
118,Linear,Burst,0.0,0.25,1.8667690465374907,0.0,1.68,1.0
119,Linear,Burst,0.0,0.25,1.8667690465374907,0.0,1.68,1.0
120,Linear,Burst,0.0,0.25,1.8667690465374907,0.0,1.68,1.0
121,Linear,Burst,0.0,0.25,1.8667690465374907,0.0,1.68,1.0
122,Linear,Burst,0.0,0.25,1.8667690465374907,0.0,1.68,1.0
123,Linear,Burst,0.0,0.25,1.8667690465374907,0.0,1.68,1.0
124,Linear,Burst,0.0,0.25,1.8667690465374907,0.0,1.68,1.0
125,Linear,Burst,0.0,0.25,1.8667690465374907,0.0,1.68,1.0
126,Linear,Burst,0.0,0.25,1.8667690465374907,0.0,1.68,1.0
127,Linear,Burst,0.0,0.25,1.8667690465374907,0.0,1.68,1.0
128,Linear,Burst,0.0,0.25,1.8667690465374907,0.0,1.68,1.0
129,Linear,Burst,0.0,0.25,1.8667690465374907,0.0,1.68,1.0
130,Linear,Burst,0.0,0.25,1.8667690465374907,0.0,1.68,1.0
131,Linear,Burst,0.0,0.25,1.8667690465374907,0.0,1.68,1.0
132,Linear,Burst,0.0,0.25,1.8667690465374907,0.0,1.68,1.0
133,Linear,Burst,0.0,0.25,1.8667690465374907,0.0,1.68,1.0
134,Linear,Burst,0.0,0.25,1.8667690465374907,0.0,1.68,1.0
135,Linear,Burst,0.0,0.25,1.8667690465374907,0.0,1.68,1.0
136,Linear,Burst,0.0,0.25,1.8667690465374907,0.0,1.68,1.0
137,Linear,Burst,0.0,0.25,1.8667690465374907,0.0,1.68,1.0
138,Linear,Burst,0.0,0.25,1.8667690465374907,0.0,1.68,1.0
139,Linear,Burst,0.0,0.25,1.8667690465374907,0.0,1.68,1.0
140,Linear,Burst,0.0,0.25,1.8667690465374907,0.0,1.68,1.0
141,Linear,Burst,0.0,0.25,1.8667690465374907,0.0,1.68,1.0
142,Linear,Burst,0.0,0.25,1.8667690465374907,0.0,1.68,1.0
143,Linear,Burst,0.0,0.25,1.8667690465374907,0.0,1.68,1.0
144,Linear,Burst,0.0,0.25,1.8667690465374907,0.0,1.68,1.0
145,Linear,Burst,0.0,0.25,1.8667690465374907,0.0,1.68,1.0
146,Linear,Burst,0.0,0.25,1.8667690465374907,0.0,1.68,1.0
147,Linear,Burst,0.0,0.25,1.8667690465374907,0.0,1.68,1.0
148,Linear,Burst,0.0,0.25,1.8667690465374907,0.0,1.68,1.0
149,Linear,Burst,0.0,0.25,1.8667690465374907,0.0,1.68,1.0
150,Linear,Burst,0.0,0.25,1.8667690465374907,0.0,1.68,1.0
151,Linear,Burst,0.0,0.25,1.8667690465374907,0.0,1.68,1.0
152,Linear,Burst,0.0,0.25,1.8667690465374907,0.0,1.68,1.0
153,Linear,Burst,0.0,0.25,1.8667690465374907,0.0,1.68,1.0
154,Linear,Burst,0.0,0.25,1.8667690465374907,0.0,1.68,1.0
155,Linear,Burst,0.0,0.25,1.8667690465374907,0.0,1.68,1.0
156,Linear,Burst,0.0,0.25,1.8667690465374907,0.0,1.68,1.0
157,Linear,Burst,0.0,0.25,1.8667690465374907,0.0,1.68,1.0
158,Linear,Burst,0.0,0.25,1.8667690465374907,0.0,1.68,1.0
159,Linear,Burst,0.0,0.25,1.8667690465374907,0.0,1.68,1.0
160,Linear,Burst,0.0,0.25,1.8667690465374907,0.0,1.68,1.0
161,Linear,Burst,0.0,0.25,1.8667690465374907,0.0,1.68,1.0
162,Linear,Burst,0.0,0.25,1.8667690465374907,0.0,1.68,1.0
163,Linear,Burst,0.0,0.25,1.8667690465374907,0.0,1.68,1.0
164,Linear,Burst,0.0,0.25,1.8667690465374907,0.0,1.68,1.0
165,Linear,Burst,0.0,0.25,1.8667690465374907,0.0,1.68,1.0
166,Linear,Burst,0.0,0.25,1.8667690465374907,0.0,1.68,1.0
167,Linear,Burst,0.0,0.25,1.8667690465374907,0.0,1.68,1.0
168,Linear,Burst,0.0,0.25,1.8667690465374907,0.0,1.68,1.0
169,Linear,Burst,0.0,0.25,1.8667690465374907,0.0,1.68,1.0
170,Linear,Burst,0.0,0.25,1.8667690465374907,0.0,1.68,1.0
171,Linear,Burst,0.0,0.25,1.8667690465374907,0.0,1.68,1.0
172,Linear,Burst,0.0,0.25,1.8667690465374907,0.0,1.68,1.0
173,Linear,Burst,0.0,0.25,1.8667690465374907,0.0,1.68,1.0
174,Linear,Burst,0.0,0.25,1.8667690465374907,0.0,1.68,1.0
175,Linear,Burst,0.0,0.25,1.8667690465374907,0.0,1.68,1.0
176,Linear,Burst,0.0,0.25,1.8667690465374907,0.0,1.68,1.0
177,Linear,Burst,0.0,0.25,1.8667690465374907,0.0,1.68,1.0
178,Linear,Burst,0.0,0.25,1.8667690465374907,0.0,1.68,1.0
179,Linear,Burst,0.0,0.25,1.8667690465374907,0.0,1.68,1.0
180,Linear,Burst,0.0,0.25,1.8667690465374907,0.0,1.68,1.0
181,Linear,Burst,0.0,0.25,1.8667690465374907,0.0,1.68,1.0
182,Linear,Burst,0.0,0.25,1.8667690465374907,0.0,1.68,1.0
183,Linear,Burst,0.0,0.25,1.8667690465374907,0.0,1.68,1.0
184,Linear,Burst,0.0,0.25,1.8667690465374907,0.0,1.68,1.0
185,Linear,Burst,0.0,0.25,1.8667690465374907,0.0,1.68,1.0
186,Linear,Burst,0.0,0.25,1.8667690465374907,0.0,1.68,1.0
187,Linear,Burst,0.0,0.25,1.8667690465374907,0.0,1.68,1.0
188,Linear,Burst,0.0,0.25,1.8667690465374907,0.0,1.68,1.0
189,Linear,Burst,0.0,0.25,1.8667690465374907,0.0,1.68,1.0
190,Linear,Burst,0.0,0.25,1.8667690465374907,0.0,1.68,1.0
191,Linear,Burst,0.0,0.25,1.8667690465374907,0.0,1.68,1.0
192,Linear,Burst,0.0,0.25,1.8667690465374907,0.0,1.68,1.0
193,Linear,Burst,0.0,0.25,1.8667690465374907,0.0,1.68,1.0
194,Linear,Burst,0.0,0.25,1.8667690465374907,0.0,1.68,1.0
195,Linear,Burst,0.0,0.25,1.8667690465374907,0.0,1.68,1.0
196,Linear,Burst,0.0,0.25,1.8667690465374907,0.0,1.68,1.0
197,Linear,Burst,0.0,0.25,1.8667690465374907,0.0,1.68,1.0
198,Linear,Burst,0.0,0.25,1.8667690465374907,0.0,1.68,1.0
199,Linear,Burst,0.0,0.25,1.8667690465374907,0.0,1.68,1.0
200,Linear,Burst,0.0,0.25,1.8667690465374907,0.0,1.68,1.0
201,Linear,Burst,0.0,0.25,1.8667690465374907,0.0,1.68,1.0
202,Linear,Burst,0.0,0.25,1.8667690465374907,0.0,1.68,1.0
203,Linear,Burst,0.0,0.25,1.8667690465374907,0.0,1.68,1.0
204,Linear,Burst,0.0,0.25,1.8667690465374907,0.0,1.68,1.0
205,Linear,Burst,0.0,0.25,1.8667690465374907,0.0,1.68,1.0
206,Linear,Burst,0.0,0.25,1.8667690465374907,0.0,1.68,1.0
207,Linear,Burst,0.0,0.25,1.8667690465374907,0.0,1.68,1.0
208,Linear,Burst,0.0,0.25,1.8667690465374907,0.0,1.68,1.0
209,Linear,Burst,0.0,0.25,1.8667690465374907,0.0,1.68,1.0
210,Linear,Burst,0.0,0.25,1.8667690465374907,0.0,1.68,1.0
211,Linear,Burst,0.0,0.25,1.8667690465374907,0.0,1.68,1.0
212,Linear,Burst,0.0,0.25,1.8667690465374907,0.0,1.68,1.0
213,Linear,Burst,0.0,0.25,1.8667690465374907,0.0,1.68,1.0
214,Linear,Burst,0.0,0.25,1.8667690465374907,0.0,1.68,1.0
215,Linear,Burst,0.0,0.25,1.8667690465374907,0.0,1.68,1.0
216,Linear,Burst,0.0,0.25,1.8667690465374907,0.0,1.68,1.0
217,Linear,Burst,0.0,0.25,1.8667690465374907,0.0,1.68,1.0
218,Linear,Burst,0.0,0.25,1.8667690465374907,0.0,1.68,1.0
219,Linear,Burst,0.0,0.25,1.8667690465374907,0.0,1.68,1.0
220,Linear,Burst,0.0,0.25,1.8667690465374907,0.0,1.68,1.0
221,Linear,Burst,0.0,0.25,1.8667690465374907,0.0,1.68,1.0
222,Linear,Burst,0.0,0.25,1.8667690465374907,0.0,1.68,1.0
223,Linear,Burst,0.0,0.25,1.8667690465374907,0.0,1.68,1.0
224,Linear,Burst,0.0,0.25,1.8667690465374907,0.0,1.68,1.0
225,Linear,Burst,0.0,0.25,1.8667690465374907,0.0,1.68,1.0
226,Linear,Burst,0.0,0.25,1.8667690465374907,0.0,1.68,1.0
227,Linear,Burst,0.0,0.25,1.8667690465374907,0.0,1.68,1.0
228,Linear,Burst,0.0,0.25,1.8667690465374907,0.0,1.68,1.0
229,Linear,Burst,0.0,0.25,1.8667690465374907,0.0,1.68,1.0
230,Linear,Burst,0.0,0.25,1.8667690465374907,0.0,1.68,1.0
231,Linear,Burst,0.0,0.25,1.8667690465374907,0.0,1.68,1.0
232,Linear,Burst,0.0,0.25,1.8667690465374907,0.0,1.68,1.0
233,Linear,Burst,0.0,0.25,1.8667690465374907,0.0,1.68,1.0
234,Linear,Burst,0.0,0.25,1.8667690465374907,0.0,1.68,1.0
235,Linear,Burst,0.0,0.25,1.8667690465374907,0.0,1.68,1.0
236,Linear,Burst,0.0,0.25,1.8667690465374907,0.0,1.68,1.0
237,Linear,Burst,0.0,0.25,1.8667690465374907,0.0,1.68,1.0
238,Linear,Burst,0.0,0.25,1.8667690465374907,0.0,1.68,1.0
239,Linear,Burst,0.0,0.25,1.8667690465374907,0.0,1.68,1.0
240,Linear,Burst,0.0,0.25,1.8667690465374907,0.0,1.68,1.0
241,Linear,Burst,0.0,0.25,1.8667690465374907,0.0,1.68,1.0
242,Linear,Burst,0.0,0.25,1.8667690465374907,0.0,1.68,1.0
243,Linear,Burst,0.0,0.25,1.8667690465374907,0.0,1.68,1.0
244,Linear,Burst,0.0,0.25,1.8667690465374907,0.0,1.68,1.0
245,Linear,Burst,0.0,0.25,1.8667690465374907,0.0,1.68,1.0
246,Linear,Burst,0.0,0.25,1.8667690465374907,0.0,1.68,1.0
247,Linear,Burst,0.0,0.25,1.8667690465374907,0.0,1.68,1.0
248,Linear,Burst,0.0,0.25,1.8667690465374907,0.0,1.68,1.0
249,Linear,Burst,0.0,0.25,1.8667690465374907,0.0,1.68,1.0
250,Linear,Burst,0.0,0.25,1.8667690465374907,0.0,1.68,1.0
251,Linear,Burst,0.0,0.25,1.8667690465374907,0.0,1.68,1.0
252,Linear,Burst,0.0,0.25,1.8667690465374907,0.0,1.68,1.0
253,Linear,Burst,0.0,0.25,1.8667690465374907,0.0,1.68,1.0
254,Linear,Burst,0.0,0.25,1.8667690465374907,0.0,1.68,1.0
255,Linear,Burst,0.0,0.25,1.8667690465374907,0.0,1.68,1.0
256,Linear,Burst,0.0,0.25,1.8667690465374907,0.0,1.68,1.0
257,Linear,Burst,0.0,0.25,1.8667690465374907,0.0,1.68,1.0
258,Linear,Burst,0.0,0.25,1.8667690465374907,0.0,1.68,1.0
259,Linear,Burst,0.0,0.25,1.8667690465374907,0.0,1.68,1.0
260,Linear,Burst,0.0,0.25,1.8667690465374907,0.0,1.68,1.0
261,Linear,Burst,0.0,0.25,1.8667690465374907,0.0,1.68,1.0
262,Linear,Burst,0.0,0.25,1.8667690465374907,0.0,1.68,1.0
263,Linear,Burst,0.0,0.25,1.8667690465374907,0.0,1.68,1.0
264,Linear,Burst,0.0,0.25,1.8667690465374907,0.0,1.68,1.0
265,Linear,Burst,0.0,0.25,1.8667690465374907,0.0,1.68,1.0
266,Linear,Burst,0.0,0.25,1.8667690465374907,0.0,1.68,1.0
267,Linear,Burst,0.0,0.25,1.8667690465374907,0.0,1.68,1.0
268,Linear,Burst,0.0,0.25,1.8667690465374907,0.0,1.68,1.0
269,Linear,Burst,0.0,0.25,1.8667690465374907,0.0,1.68,1.0
270,Linear,Burst,0.0,0.25,1.8667690465374907,0.0,1.68,1.0
271,Linear,Burst,0.0,0.25,1.8667690465374907,0.0,1.68,1.0
272,Linear,Burst,0.0,0.25,1.8667690465374907,0.0,1.68,1.0
273,Linear,Burst,0.0,0.25,1.8667690465374907,0.0,1.68,1.0
274,Linear,Burst,0.0,0.25,1.8667690465374907,0.0,1.68,1.0
275,Linear,Burst,0.0,0.25,1.8667690465374907,0.0,1.68,1.0
276,Linear,Burst,0.0,0.25,1.8667690465374907,0.0,1.68,1.0
277,Linear,Burst,0.0,0.25,1.8667690465374907,0.0,1.68,1.0
278,Linear,Burst,0.0,0.25,1.8667690465374907,0.0,1.68,1.0
279,Linear,Burst,0.0,0.25,1.8667690465374907,0.0,1.68,1.0
280,Linear,Burst,0.0,0.25,1.8667690465374907,0.0,1.68,1.0
281,Linear,Burst,0.0,0.25,1.8667690465374907,0.0,1.68,1.0
282,Linear,Burst,0.0,0.25,1.8667690465374907,0.0,1.68,1.0
283,Linear,Burst,0.0,0.25,1.8667690465374907,0.0,1.68,1.0
284,Linear,Burst,0.0,0.25,1.8667690465374907,0.0,1.68,1.0
285,Linear,Burst,0.0,0.25,1.8667690465374907,0.0,1.68,1.0
286,Linear,Burst,0.0,0.25,1.8667690465374907,0.0,1.68,1.0
287,Linear,Burst,0.0,0.25,1.8667690465374907,0.0,1.68,1.0
288,Linear,Burst,0.0,0.25,1.8667690465374907,0.0,1.68,1.0
289,Linear,Burst,0.0,0.25,1.8667690465374907,0.0,1.68,1.0
290,Linear,Burst,0.0,0.25,1.8667690465374907,0.0,1.68,1.0
291,Linear,Burst,0.0,0.25,1.8667690465374907,0.0,1.68,1.0
292,Linear,Burst,0.0,0.25,1.8667690465374907,0.0,1.68,1.0
293,Linear,Burst,0.0,0.25,1.8667690465374907,0.0,1.68,1.0
294,Linear,Burst,0.0,0.25,1.8667690465374907,0.0,1.68,1.0
295,Linear,Burst,0.0,0.25,1.8667690465374907,0.0,1.68,1.0
296,Linear,Burst,0.0,0.25,1.8667690465374907,0.0,1.68,1.0
297,Linear,Burst,0.0,0.25,1.8667690465374907,0.0,1.68,1.0
298,Linear,Burst,0.0,0.25,1.8667690465374907,0.0,1.68,1.0
299,Linear,Burst,0.0,0.25,1.8667690465374907,0.0,1.68,1.0
0,Michaelis-Menten,Burst,0.0,0.25,1.9639091742525672,0.0,1.6600000000000001,1.0
1,Michaelis-Menten,Burst,0.0,0.25,1.9639091742525672,0.0,1.6600000000000001,1.0
2,Michaelis-Menten,Burst,0.0,0.25,1.9639091742525672,0.0,1.6600000000000001,1.0
3,Michaelis-Menten,Burst,0.0,0.25,1.9639091742525672,0.0,1.6600000000000001,1.0
4,Michaelis-Menten,Burst,0.0,0.25,1.9639091742525672,0.0,1.6600000000000001,1.0
5,Michaelis-Menten,Burst,0.0,0.25,1.9639091742525672,0.0,1.6600000000000001,1.0
6,Michaelis-Menten,Burst,0.0,0.25,1.9639091742525672,0.0,1.6600000000000001,1.0
7,Michaelis-Menten,Burst,0.0,0.25,1.9639091742525672,0.0,1.6600000000000001,1.0
8,Michaelis-Menten,Burst,0.0,0.25,1.9639091742525672,0.0,1.6600000000000001,1.0
9,Michaelis-Menten,Burst,0.0,0.25,1.9639091742525672,0.0,1.6600000000000001,1.0
10,Michaelis-Menten,Burst,0.0,0.25,1.9639091742525672,0.0,1.6600000000000001,1.0
11,Michaelis-Menten,Burst,0.0,0.25,1.9639091742525672,0.0,1.6600000000000001,1.0
12,Michaelis-Menten,Burst,0.0,0.25,1.9639091742525672,0.0,1.6600000000000001,1.0
13,Michaelis-Menten,Burst,0.0,0.25,1.9639091742525672,0.0,1.6600000000000001,1.0
14,Michaelis-Menten,Burst,0.0,0.25,1.9639091742525672,0.0,1.6600000000000001,1.0
15,Michaelis-Menten,Burst,0.0,0.25,1.9639091742525672,0.0,1.6600000000000001,1.0
16,Michaelis-Menten,Burst,0.0,0.25,1.9639091742525672,0.0,1.6600000000000001,1.0
17,Michaelis-Menten,Burst,0.0,0.25,1.9639091742525672,0.0,1.6600000000000001,1.0
18,Michaelis-Menten,Burst,0.0,0.25,1.9639091742525672,0.0,1.6600000000000001,1.0
19,Michaelis-Menten,Burst,0.0,0.25,1.9639091742525672,0.0,1.6600000000000001,1.0
20,Michaelis-Menten,Burst,0.0,0.25,1.9639091742525672,0.0,1.6600000000000001,1.0
21,Michaelis-Menten,Burst,0.0,0.25,1.9639091742525672,0.0,1.6600000000000001,1.0
22,Michaelis-Menten,Burst,0.0,0.25,1.9639091742525672,0.0,1.6600000000000001,1.0
23,Michaelis-Menten,Burst,0.0,0.25,1.9639091742525672,0.0,1.6600000000000001,1.0
24,Michaelis-Menten,Burst,0.0,0.25,1.9639091742525672,0.0,1.6600000000000001,1.0
25,Michaelis-Menten,Burst,0.0,0.25,1.9639091742525672,0.0,1.6600000000000001,1.0
26,Michaelis-Menten,Burst,0.0,0.25,1.9639091742525672,0.0,1.6600000000000001,1.0
27,Michaelis-Menten,Burst,0.0,0.25,1.9639091742525672,0.0,1.6600000000000001,1.0
28,Michaelis-Menten,Burst,0.0,0.25,1.9639091742525672,0.0,1.6600000000000001,1.0
29,Michaelis-Menten,Burst,0.0,0.25,1.9639091742525672,0.0,1.6600000000000001,1.0
30,Michaelis-Menten,Burst,0.0,0.25,1.9639091742525672,0.0,1.6600000000000001,1.0
31,Michaelis-Menten,Burst,0.0,0.25,1.9639091742525672,0.0,1.6600000000000001,1.0
32,Michaelis-Menten,Burst,0.0,0.25,1.9639091742525672,0.0,1.6600000000000001,1.0
33,Michaelis-Menten,Burst,0.0,0.25,1.9639091742525672,0.0,1.6600000000000001,1.0
34,Michaelis-Menten,Burst,0.0,0.25,1.9639091742525672,0.0,1.6600000000000001,1.0
35,Michaelis-Menten,Burst,0.0,0.25,1.9639091742525672,0.0,1.6600000000000001,1.0
36,Michaelis-Menten,Burst,0.0,0.25,1.9639091742525672,0.0,1.6600000000000001,1.0
37,Michaelis-Menten,Burst,0.0,0.25,1.9639091742525672,0.0,1.6600000000000001,1.0
38,Michaelis-Menten,Burst,0.0,0.25,1.9639091742525672,0.0,1.6600000000000001,1.0
39,Michaelis-Menten,Burst,0.0,0.25,1.9639091742525672,0.0,1.6600000000000001,1.0
40,Michaelis-Menten,Burst,0.0,0.25,1.9639091742525672,0.0,1.6600000000000001,1.0
41,Michaelis-Menten,Burst,0.0,0.25,1.9639091742525672,0.0,1.6600000000000001,1.0
42,Michaelis-Menten,Burst,0.0,0.25,1.9639091742525672,0.0,1.6600000000000001,1.0
43,Michaelis-Menten,Burst,0.0,0.25,1.9639091742525672,0.0,1.6600000000000001,1.0
44,Michaelis-Menten,Burst,0.0,0.25,1.9639091742525672,0.0,1.6600000000000001,1.0
45,Michaelis-Menten,Burst,0.0,0.25,1.9639091742525672,0.0,1.6600000000000001,1.0
46,Michaelis-Menten,Burst,0.0,0.25,1.9639091742525672,0.0,1.6600000000000001,1.0
47,Michaelis-Menten,Burst,0.0,0.25,1.9639091742525672,0.0,1.6600000000000001,1.0
48,Michaelis-Menten,Burst,0.0,0.25,1.9639091742525672,0.0,1.6600000000000001,1.0
49,Michaelis-Menten,Burst,0.0,0.25,1.9639091742525672,0.0,1.6600000000000001,1.0
50,Michaelis-Menten,Burst,0.0,0.25,1.9639091742525672,0.0,1.6600000000000001,1.0
51,Michaelis-Menten,Burst,0.0,0.25,1.9639091742525672,0.0,1.6600000000000001,1.0
52,Michaelis-Menten,Burst,0.0,0.25,1.9639091742525672,0.0,1.6600000000000001,1.0
53,Michaelis-Menten,Burst,0.0,0.25,1.9639091742525672,0.0,1.6600000000000001,1.0
54,Michaelis-Menten,Burst,0.0,0.25,1.9639091742525672,0.0,1.6600000000000001,1.0
55,Michaelis-Menten,Burst,0.0,0.25,1.9639091742525672,0.0,1.6600000000000001,1.0
56,Michaelis-Menten,Burst,0.0,0.25,1.9639091742525672,0.0,1.6600000000000001,1.0
57,Michaelis-Menten,Burst,0.0,0.25,1.9639091742525672,0.0,1.6600000000000001,1.0
58,Michaelis-Menten,Burst,0.0,0.25,1.9639091742525672,0.0,1.6600000000000001,1.0
59,Michaelis-Menten,Burst,0.0,0.25,1.9639091742525672,0.0,1.6600000000000001,1.0
60,Michaelis-Menten,Burst,0.0,0.25,1.9639091742525672,0.0,1.6600000000000001,1.0
61,Michaelis-Menten,Burst,0.0,0.25,1.9639091742525672,0.0,1.6600000000000001,1.0
62,Michaelis-Menten,Burst,0.0,0.25,1.9639091742525672,0.0,1.6600000000000001,1.0
63,Michaelis-Menten,Burst,0.0,0.25,1.9639091742525672,0.0,1.6600000000000001,1.0
64,Michaelis-Menten,Burst,0.0,0.25,1.9639091742525672,0.0,1.6600000000000001,1.0
65,Michaelis-Menten,Burst,0.0,0.25,1.9639091742525672,0.0,1.6600000000000001,1.0
66,Michaelis-Menten,Burst,0.0,0.25,1.9639091742525672,0.0,1.6600000000000001,1.0
67,Michaelis-Menten,Burst,0.0,0.25,1.9639091742525672,0.0,1.6600000000000001,1.0
68,Michaelis-Menten,Burst,0.0,0.25,1.9639091742525672,0.0,1.6600000000000001,1.0
69,Michaelis-Menten,Burst,0.0,0.25,1.9639091742525672,0.0,1.6600000000000001,1.0
70,Michaelis-Menten,Burst,0.0,0.25,1.9639091742525672,0.0,1.6600000000000001,1.0
71,Michaelis-Menten,Burst,0.0,0.25,1.9639091742525672,0.0,1.6600000000000001,1.0
72,Michaelis-Menten,Burst,0.0,0.25,1.9639091742525672,0.0,1.6600000000000001,1.0
73,Michaelis-Menten,Burst,0.0,0.25,1.9639091742525672,0.0,1.6600000000000001,1.0
74,Michaelis-Menten,Burst,0.0,0.25,1.9639091742525672,0.0,1.6600000000000001,1.0
75,Michaelis-Menten,Burst,0.0,0.25,1.9639091742525672,0.0,1.6600000000000001,1.0
76,Michaelis-Menten,Burst,0.0,0.25,1.9639091742525672,0.0,1.6600000000000001,1.0
77,Michaelis-Menten,Burst,0.0,0.25,1.9639091742525672,0.0,1.6600000000000001,1.0
78,Michaelis-Menten,Burst,0.0,0.25,1.9639091742525672,0.0,1.6600000000000001,1.0
79,Michaelis-Menten,Burst,0.0,0.25,1.9639091742525672,0.0,1.6600000000000001,1.0
80,Michaelis-Menten,Burst,0.0,0.25,1.9639091742525672,0.0,1.6600000000000001,1.0
81,Michaelis-Menten,Burst,0.0,0.25,1.9639091742525672,0.0,1.6600000000000001,1.0
82,Michaelis-Menten,Burst,0.0,0.25,1.9639091742525672,0.0,1.6600000000000001,1.0
83,Michaelis-Menten,Burst,0.0,0.25,1.9639091742525672,0.0,1.6600000000000001,1.0
84,Michaelis-Menten,Burst,0.0,0.25,1.9639091742525672,0.0,1.6600000000000001,1.0
85,Michaelis-Menten,Burst,0.0,0.25,1.9639091742525672,0.0,1.6600000000000001,1.0
86,Michaelis-Menten,Burst,0.0,0.25,1.9639091742525672,0.0,1.6600000000000001,1.0
87,Michaelis-Menten,Burst,0.0,0.25,1.9639091742525672,0.0,1.6600000000000001,1.0
88,Michaelis-Menten,Burst,0.0,0.25,1.9639091742525672,0.0,1.6600000000000001,1.0
89,Michaelis-Menten,Burst,0.0,0.25,1.9639091742525672,0.0,1.6600000000000001,1.0
90,Michaelis-Menten,Burst,0.0,0.25,1.9639091742525672,0.0,1.6600000000000001,1.0
91,Michaelis-Menten,Burst,0.0,0.25,1.9639091742525672,0.0,1.6600000000000001,1.0
92,Michaelis-Menten,Burst,0.0,0.25,1.9639091742525672,0.0,1.6600000000000001,1.0
93,Michaelis-Menten,Burst,0.0,0.25,1.9639091742525672,0.0,1.6600000000000001,1.0
94,Michaelis-Menten,Burst,0.0,0.25,1.9639091742525672,0.0,1.6600000000000001,1.0
95,Michaelis-Menten,Burst,0.0,0.25,1.9639091742525672,0.0,1.6600000000000001,1.0
96,Michaelis-Menten,Burst,0.0,0.25,1.9639091742525672,0.0,1.6600000000000001,1.0
97,Michaelis-Menten,Burst,0.0,0.25,1.9639091742525672,0.0,1.6600000000000001,1.0
98,Michaelis-Menten,Burst,0.0,0.25,1.9639091742525672,0.0,1.6600000000000001,1.0
99,Michaelis-Menten,Burst,0.0,0.25,1.9639091742525672,0.0,1.6600000000000001,1.0
100,Michaelis-Menten,Burst,0.0,0.25,1.9639091742525672,0.0,1.6600000000000001,1.0
101,Michaelis-Menten,Burst,0.0,0.25,1.9639091742525672,0.0,1.6600000000000001,1.0
102,Michaelis-Menten,Burst,0.0,0.25,1.9639091742525672,0.0,1.6600000000000001,1.0
103,Michaelis-Menten,Burst,0.0,0.25,1.9639091742525672,0.0,1.6600000000000001,1.0
104,Michaelis-Menten,Burst,0.0,0.25,1.9639091742525672,0.0,1.6600000000000001,1.0
105,Michaelis-Menten,Burst,0.0,0.25,1.9639091742525672,0.0,1.6600000000000001,1.0
106,Michaelis-Menten,Burst,0.0,0.25,1.9639091742525672,0.0,1.6600000000000001,1.0
107,Michaelis-Menten,Burst,0.0,0.25,1.9639091742525672,0.0,1.6600000000000001,1.0
108,Michaelis-Menten,Burst,0.0,0.25,1.9639091742525672,0.0,1.6600000000000001,1.0
109,Michaelis-Menten,Burst,0.0,0.25,1.9639091742525672,0.0,1.6600000000000001,1.0
110,Michaelis-Menten,Burst,0.0,0.25,1.9639091742525672,0.0,1.6600000000000001,1.0
111,Michaelis-Menten,Burst,0.0,0.25,1.9639091742525672,0.0,1.6600000000000001,1.0
112,Michaelis-Menten,Burst,0.0,0.25,1.9639091742525672,0.0,1.6600000000000001,1.0
113,Michaelis-Menten,Burst,0.0,0.25,1.9639091742525672,0.0,1.6600000000000001,1.0
114,Michaelis-Menten,Burst,0.0,0.25,1.9639091742525672,0.0,1.6600000000000001,1.0
115,Michaelis-Menten,Burst,0.0,0.25,1.9639091742525672,0.0,1.6600000000000001,1.0
116,Michaelis-Menten,Burst,0.0,0.25,1.9639091742525672,0.0,1.6600000000000001,1.0
117,Michaelis-Menten,Burst,0.0,0.25,1.9639091742525672,0.0,1.6600000000000001,1.0
118,Michaelis-Menten,Burst,0.0,0.25,1.9639091742525672,0.0,1.6600000000000001,1.0
119,Michaelis-Menten,Burst,0.0,0.25,1.9639091742525672,0.0,1.6600000000000001,1.0
120,Michaelis-Menten,Burst,0.0,0.25,1.9639091742525672,0.0,1.6600000000000001,1.0
121,Michaelis-Menten,Burst,0.0,0.25,1.9639091742525672,0.0,1.6600000000000001,1.0
122,Michaelis-Menten,Burst,0.0,0.25,1.9639091742525672,0.0,1.6600000000000001,1.0
123,Michaelis-Menten,Burst,0.0,0.25,1.9639091742525672,0.0,1.6600000000000001,1.0
124,Michaelis-Menten,Burst,0.0,0.25,1.9639091742525672,0.0,1.6600000000000001,1.0
125,Michaelis-Menten,Burst,0.0,0.25,1.9639091742525672,0.0,1.6600000000000001,1.0
126,Michaelis-Menten,Burst,0.0,0.25,1.9639091742525672,0.0,1.6600000000000001,1.0
127,Michaelis-Menten,Burst,0.0,0.25,1.9639091742525672,0.0,1.6600000000000001,1.0
128,Michaelis-Menten,Burst,0.0,0.25,1.9639091742525672,0.0,1.6600000000000001,1.0
129,Michaelis-Menten,Burst,0.0,0.25,1.9639091742525672,0.0,1.6600000000000001,1.0
130,Michaelis-Menten,Burst,0.0,0.25,1.9639091742525672,0.0,1.6600000000000001,1.0
131,Michaelis-Menten,Burst,0.0,0.25,1.9639091742525672,0.0,1.6600000000000001,1.0
132,Michaelis-Menten,Burst,0.0,0.25,1.9639091742525672,0.0,1.6600000000000001,1.0
133,Michaelis-Menten,Burst,0.0,0.25,1.9639091742525672,0.0,1.6600000000000001,1.0
134,Michaelis-Menten,Burst,0.0,0.25,1.9639091742525672,0.0,1.6600000000000001,1.0
135,Michaelis-Menten,Burst,0.0,0.25,1.9639091742525672,0.0,1.6600000000000001,1.0
136,Michaelis-Menten,Burst,0.0,0.25,1.9639091742525672,0.0,1.6600000000000001,1.0
137,Michaelis-Menten,Burst,0.0,0.25,1.9639091742525672,0.0,1.6600000000000001,1.0
138,Michaelis-Menten,Burst,0.0,0.25,1.9639091742525672,0.0,1.6600000000000001,1.0
139,Michaelis-Menten,Burst,0.0,0.25,1.9639091742525672,0.0,1.6600000000000001,1.0
140,Michaelis-Menten,Burst,0.0,0.25,1.9639091742525672,0.0,1.6600000000000001,1.0
141,Michaelis-Menten,Burst,0.0,0.25,1.9639091742525672,0.0,1.6600000000000001,1.0
142,Michaelis-Menten,Burst,0.0,0.25,1.9639091742525672,0.0,1.6600000000000001,1.0
143,Michaelis-Menten,Burst,0.0,0.25,1.9639091742525672,0.0,1.6600000000000001,1.0
144,Michaelis-Menten,Burst,0.0,0.25,1.9639091742525672,0.0,1.6600000000000001,1.0
145,Michaelis-Menten,Burst,0.0,0.25,1.9639091742525672,0.0,1.6600000000000001,1.0
146,Michaelis-Menten,Burst,0.0,0.25,1.9639091742525672,0.0,1.6600000000000001,1.0
147,Michaelis-Menten,Burst,0.0,0.25,1.9639091742525672,0.0,1.6600000000000001,1.0
148,Michaelis-Menten,Burst,0.0,0.25,1.9639091742525672,0.0,1.6600000000000001,1.0
149,Michaelis-Menten,Burst,0.0,0.25,1.9639091742525672,0.0,1.6600000000000001,1.0
150,Michaelis-Menten,Burst,0.0,0.25,1.9639091742525672,0.0,1.6600000000000001,1.0
151,Michaelis-Menten,Burst,0.0,0.25,1.9639091742525672,0.0,1.6600000000000001,1.0
152,Michaelis-Menten,Burst,0.0,0.25,1.9639091742525672,0.0,1.6600000000000001,1.0
153,Michaelis-Menten,Burst,0.0,0.25,1.9639091742525672,0.0,1.6600000000000001,1.0
154,Michaelis-Menten,Burst,0.0,0.25,1.9639091742525672,0.0,1.6600000000000001,1.0
155,Michaelis-Menten,Burst,0.0,0.25,1.9639091742525672,0.0,1.6600000000000001,1.0
156,Michaelis-Menten,Burst,0.0,0.25,1.9639091742525672,0.0,1.6600000000000001,1.0
157,Michaelis-Menten,Burst,0.0,0.25,1.9639091742525672,0.0,1.6600000000000001,1.0
158,Michaelis-Menten,Burst,0.0,0.25,1.9639091742525672,0.0,1.6600000000000001,1.0
159,Michaelis-Menten,Burst,0.0,0.25,1.9639091742525672,0.0,1.6600000000000001,1.0
160,Michaelis-Menten,Burst,0.0,0.25,1.9639091742525672,0.0,1.6600000000000001,1.0
161,Michaelis-Menten,Burst,0.0,0.25,1.9639091742525672,0.0,1.6600000000000001,1.0
162,Michaelis-Menten,Burst,0.0,0.25,1.9639091742525672,0.0,1.6600000000000001,1.0
163,Michaelis-Menten,Burst,0.0,0.25,1.9639091742525672,0.0,1.6600000000000001,1.0
164,Michaelis-Menten,Burst,0.0,0.25,1.9639091742525672,0.0,1.6600000000000001,1.0
165,Michaelis-Menten,Burst,0.0,0.25,1.9639091742525672,0.0,1.6600000000000001,1.0
166,Michaelis-Menten,Burst,0.0,0.25,1.9639091742525672,0.0,1.6600000000000001,1.0
167,Michaelis-Menten,Burst,0.0,0.25,1.9639091742525672,0.0,1.6600000000000001,1.0
168,Michaelis-Menten,Burst,0.0,0.25,1.9639091742525672,0.0,1.6600000000000001,1.0
169,Michaelis-Menten,Burst,0.0,0.25,1.9639091742525672,0.0,1.6600000000000001,1.0
170,Michaelis-Menten,Burst,0.0,0.25,1.9639091742525672,0.0,1.6600000000000001,1.0
171,Michaelis-Menten,Burst,0.0,0.25,1.9639091742525672,0.0,1.6600000000000001,1.0
172,Michaelis-Menten,Burst,0.0,0.25,1.9639091742525672,0.0,1.6600000000000001,1.0
173,Michaelis-Menten,Burst,0.0,0.25,1.9639091742525672,0.0,1.6600000000000001,1.0
174,Michaelis-Menten,Burst,0.0,0.25,1.9639091742525672,0.0,1.6600000000000001,1.0
175,Michaelis-Menten,Burst,0.0,0.25,1.9639091742525672,0.0,1.6600000000000001,1.0
176,Michaelis-Menten,Burst,0.0,0.25,1.9639091742525672,0.0,1.6600000000000001,1.0
177,Michaelis-Menten,Burst,0.0,0.25,1.9639091742525672,0.0,1.6600000000000001,1.0
178,Michaelis-Menten,Burst,0.0,0.25,1.9639091742525672,0.0,1.6600000000000001,1.0
179,Michaelis-Menten,Burst,0.0,0.25,1.9639091742525672,0.0,1.6600000000000001,1.0
180,Michaelis-Menten,Burst,0.0,0.25,1.9639091742525672,0.0,1.6600000000000001,1.0
181,Michaelis-Menten,Burst,0.0,0.25,1.9639091742525672,0.0,1.6600000000000001,1.0
182,Michaelis-Menten,Burst,0.0,0.25,1.9639091742525672,0.0,1.6600000000000001,1.0
183,Michaelis-Menten,Burst,0.0,0.25,1.9639091742525672,0.0,1.6600000000000001,1.0
184,Michaelis-Menten,Burst,0.0,0.25,1.9639091742525672,0.0,1.6600000000000001,1.0
185,Michaelis-Menten,Burst,0.0,0.25,1.9639091742525672,0.0,1.6600000000000001,1.0
186,Michaelis-Menten,Burst,0.0,0.25,1.9639091742525672,0.0,1.6600000000000001,1.0
187,Michaelis-Menten,Burst,0.0,0.25,1.9639091742525672,0.0,1.6600000000000001,1.0
188,Michaelis-Menten,Burst,0.0,0.25,1.9639091742525672,0.0,1.6600000000000001,1.0
189,Michaelis-Menten,Burst,0.0,0.25,1.9639091742525672,0.0,1.6600000000000001,1.0
190,Michaelis-Menten,Burst,0.0,0.25,1.9639091742525672,0.0,1.6600000000000001,1.0
191,Michaelis-Menten,Burst,0.0,0.25,1.9639091742525672,0.0,1.6600000000000001,1.0
192,Michaelis-Menten,Burst,0.0,0.25,1.9639091742525672,0.0,1.6600000000000001,1.0
193,Michaelis-Menten,Burst,0.0,0.25,1.9639091742525672,0.0,1.6600000000000001,1.0
194,Michaelis-Menten,Burst,0.0,0.25,1.9639091742525672,0.0,1.6600000000000001,1.0
195,Michaelis-Menten,Burst,0.0,0.25,1.9639091742525672,0.0,1.6600000000000001,1.0
196,Michaelis-Menten,Burst,0.0,0.25,1.9639091742525672,0.0,1.6600000000000001,1.0
197,Michaelis-Menten,Burst,0.0,0.25,1.9639091742525672,0.0,1.6600000000000001,1.0
198,Michaelis-Menten,Burst,0.0,0.25,1.9639091742525672,0.0,1.6600000000000001,1.0
199,Michaelis-Menten,Burst,0.0,0.25,1.9639091742525672,0.0,1.6600000000000001,1.0
200,Michaelis-Menten,Burst,0.0,0.25,1.9639091742525672,0.0,1.6600000000000001,1.0
201,Michaelis-Menten,Burst,0.0,0.25,1.9639091742525672,0.0,1.6600000000000001,1.0
202,Michaelis-Menten,Burst,0.0,0.25,1.9639091742525672,0.0,1.6600000000000001,1.0
203,Michaelis-Menten,Burst,0.0,0.25,1.9639091742525672,0.0,1.6600000000000001,1.0
204,Michaelis-Menten,Burst,0.0,0.25,1.9639091742525672,0.0,1.6600000000000001,1.0
205,Michaelis-Menten,Burst,0.0,0.25,1.9639091742525672,0.0,1.6600000000000001,1.0
206,Michaelis-Menten,Burst,0.0,0.25,1.9639091742525672,0.0,1.6600000000000001,1.0
207,Michaelis-Menten,Burst,0.0,0.25,1.9639091742525672,0.0,1.6600000000000001,1.0
208,Michaelis-Menten,Burst,0.0,0.25,1.9639091742525672,0.0,1.6600000000000001,1.0
209,Michaelis-Menten,Burst,0.0,0.25,1.9639091742525672,0.0,1.6600000000000001,1.0
210,Michaelis-Menten,Burst,0.0,0.25,1.9639091742525672,0.0,1.6600000000000001,1.0
211,Michaelis-Menten,Burst,0.0,0.25,1.9639091742525672,0.0,1.6600000000000001,1.0
212,Michaelis-Menten,Burst,0.0,0.25,1.9639091742525672,0.0,1.6600000000000001,1.0
213,Michaelis-Menten,Burst,0.0,0.25,1.9639091742525672,0.0,1.6600000000000001,1.0
214,Michaelis-Menten,Burst,0.0,0.25,1.9639091742525672,0.0,1.6600000000000001,1.0
215,Michaelis-Menten,Burst,0.0,0.25,1.9639091742525672,0.0,1.6600000000000001,1.0
216,Michaelis-Menten,Burst,0.0,0.25,1.9639091742525672,0.0,1.6600000000000001,1.0
217,Michaelis-Menten,Burst,0.0,0.25,1.9639091742525672,0.0,1.6600000000000001,1.0
218,Michaelis-Menten,Burst,0.0,0.25,1.9639091742525672,0.0,1.6600000000000001,1.0
219,Michaelis-Menten,Burst,0.0,0.25,1.9639091742525672,0.0,1.6600000000000001,1.0
220,Michaelis-Menten,Burst,0.0,0.25,1.9639091742525672,0.0,1.6600000000000001,1.0
221,Michaelis-Menten,Burst,0.0,0.25,1.9639091742525672,0.0,1.6600000000000001,1.0
222,Michaelis-Menten,Burst,0.0,0.25,1.9639091742525672,0.0,1.6600000000000001,1.0
223,Michaelis-Menten,Burst,0.0,0.25,1.9639091742525672,0.0,1.6600000000000001,1.0
224,Michaelis-Menten,Burst,0.0,0.25,1.9639091742525672,0.0,1.6600000000000001,1.0
225,Michaelis-Menten,Burst,0.0,0.25,1.9639091742525672,0.0,1.6600000000000001,1.0
226,Michaelis-Menten,Burst,0.0,0.25,1.9639091742525672,0.0,1.6600000000000001,1.0
227,Michaelis-Menten,Burst,0.0,0.25,1.9639091742525672,0.0,1.6600000000000001,1.0
228,Michaelis-Menten,Burst,0.0,0.25,1.9639091742525672,0.0,1.6600000000000001,1.0
229,Michaelis-Menten,Burst,0.0,0.25,1.9639091742525672,0.0,1.6600000000000001,1.0
230,Michaelis-Menten,Burst,0.0,0.25,1.9639091742525672,0.0,1.6600000000000001,1.0
231,Michaelis-Menten,Burst,0.0,0.25,1.9639091742525672,0.0,1.6600000000000001,1.0
232,Michaelis-Menten,Burst,0.0,0.25,1.9639091742525672,0.0,1.6600000000000001,1.0
233,Michaelis-Menten,Burst,0.0,0.25,1.9639091742525672,0.0,1.6600000000000001,1.0
234,Michaelis-Menten,Burst,0.0,0.25,1.9639091742525672,0.0,1.6600000000000001,1.0
235,Michaelis-Menten,Burst,0.0,0.25,1.9639091742525672,0.0,1.6600000000000001,1.0
236,Michaelis-Menten,Burst,0.0,0.25,1.9639091742525672,0.0,1.6600000000000001,1.0
237,Michaelis-Menten,Burst,0.0,0.25,1.9639091742525672,0.0,1.6600000000000001,1.0
238,Michaelis-Menten,Burst,0.0,0.25,1.9639091742525672,0.0,1.6600000000000001,1.0
239,Michaelis-Menten,Burst,0.0,0.25,1.9639091742525672,0.0,1.6600000000000001,1.0
240,Michaelis-Menten,Burst,0.0,0.25,1.9639091742525672,0.0,1.6600000000000001,1.0
241,Michaelis-Menten,Burst,0.0,0.25,1.9639091742525672,0.0,1.6600000000000001,1.0
242,Michaelis-Menten,Burst,0.0,0.25,1.9639091742525672,0.0,1.6600000000000001,1.0
243,Michaelis-Menten,Burst,0.0,0.25,1.9639091742525672,0.0,1.6600000000000001,1.0
244,Michaelis-Menten,Burst,0.0,0.25,1.9639091742525672,0.0,1.6600000000000001,1.0
245,Michaelis-Menten,Burst,0.0,0.25,1.9639091742525672,0.0,1.6600000000000001,1.0
246,Michaelis-Menten,Burst,0.0,0.25,1.9639091742525672,0.0,1.6600000000000001,1.0
247,Michaelis-Menten,Burst,0.0,0.25,1.9639091742525672,0.0,1.6600000000000001,1.0
248,Michaelis-Menten,Burst,0.0,0.25,1.9639091742525672,0.0,1.6600000000000001,1.0
249,Michaelis-Menten,Burst,0.0,0.25,1.9639091742525672,0.0,1.6600000000000001,1.0
250,Michaelis-Menten,Burst,0.0,0.25,1.9639091742525672,0.0,1.6600000000000001,1.0
251,Michaelis-Menten,Burst,0.0,0.25,1.9639091742525672,0.0,1.6600000000000001,1.0
252,Michaelis-Menten,Burst,0.0,0.25,1.9639091742525672,0.0,1.6600000000000001,1.0
253,Michaelis-Menten,Burst,0.0,0.25,1.9639091742525672,0.0,1.6600000000000001,1.0
254,Michaelis-Menten,Burst,0.0,0.25,1.9639091742525672,0.0,1.6600000000000001,1.0
255,Michaelis-Menten,Burst,0.0,0.25,1.9639091742525672,0.0,1.6600000000000001,1.0
256,Michaelis-Menten,Burst,0.0,0.25,1.9639091742525672,0.0,1.6600000000000001,1.0
257,Michaelis-Menten,Burst,0.0,0.25,1.9639091742525672,0.0,1.6600000000000001,1.0
258,Michaelis-Menten,Burst,0.0,0.25,1.9639091742525672,0.0,1.6600000000000001,1.0
259,Michaelis-Menten,Burst,0.0,0.25,1.9639091742525672,0.0,1.6600000000000001,1.0
260,Michaelis-Menten,Burst,0.0,0.25,1.9639091742525672,0.0,1.6600000000000001,1.0
261,Michaelis-Menten,Burst,0.0,0.25,1.9639091742525672,0.0,1.6600000000000001,1.0
262,Michaelis-Menten,Burst,0.0,0.25,1.9639091742525672,0.0,1.6600000000000001,1.0
263,Michaelis-Menten,Burst,0.0,0.25,1.9639091742525672,0.0,1.6600000000000001,1.0
264,Michaelis-Menten,Burst,0.0,0.25,1.9639091742525672,0.0,1.6600000000000001,1.0
265,Michaelis-Menten,Burst,0.0,0.25,1.9639091742525672,0.0,1.6600000000000001,1.0
266,Michaelis-Menten,Burst,0.0,0.25,1.9639091742525672,0.0,1.6600000000000001,1.0
267,Michaelis-Menten,Burst,0.0,0.25,1.9639091742525672,0.0,1.6600000000000001,1.0
268,Michaelis-Menten,Burst,0.0,0.25,1.9639091742525672,0.0,1.6600000000000001,1.0
269,Michaelis-Menten,Burst,0.0,0.25,1.9639091742525672,0.0,1.6600000000000001,1.0
270,Michaelis-Menten,Burst,0.0,0.25,1.9639091742525672,0.0,1.6600000000000001,1.0
271,Michaelis-Menten,Burst,0.0,0.25,1.9639091742525672,0.0,1.6600000000000001,1.0
272,Michaelis-Menten,Burst,0.0,0.25,1.9639091742525672,0.0,1.6600000000000001,1.0
273,Michaelis-Menten,Burst,0.0,0.25,1.9639091742525672,0.0,1.6600000000000001,1.0
274,Michaelis-Menten,Burst,0.0,0.25,1.9639091742525672,0.0,1.6600000000000001,1.0
275,Michaelis-Menten,Burst,0.0,0.25,1.9639091742525672,0.0,1.6600000000000001,1.0
276,Michaelis-Menten,Burst,0.0,0.25,1.9639091742525672,0.0,1.6600000000000001,1.0
277,Michaelis-Menten,Burst,0.0,0.25,1.9639091742525672,0.0,1.6600000000000001,1.0
278,Michaelis-Menten,Burst,0.0,0.25,1.9639091742525672,0.0,1.6600000000000001,1.0
279,Michaelis-Menten,Burst,0.0,0.25,1.9639091742525672,0.0,1.6600000000000001,1.0
280,Michaelis-Menten,Burst,0.0,0.25,1.9639091742525672,0.0,1.6600000000000001,1.0
281,Michaelis-Menten,Burst,0.0,0.25,1.9639091742525672,0.0,1.6600000000000001,1.0
282,Michaelis-Menten,Burst,0.0,0.25,1.9639091742525672,0.0,1.6600000000000001,1.0
283,Michaelis-Menten,Burst,0.0,0.25,1.9639091742525672,0.0,1.6600000000000001,1.0
284,Michaelis-Menten,Burst,0.0,0.25,1.9639091742525672,0.0,1.6600000000000001,1.0
285,Michaelis-Menten,Burst,0.0,0.25,1.9639091742525672,0.0,1.6600000000000001,1.0
286,Michaelis-Menten,Burst,0.0,0.25,1.9639091742525672,0.0,1.6600000000000001,1.0
287,Michaelis-Menten,Burst,0.0,0.25,1.9639091742525672,0.0,1.6600000000000001,1.0
288,Michaelis-Menten,Burst,0.0,0.25,1.9639091742525672,0.0,1.6600000000000001,1.0
289,Michaelis-Menten,Burst,0.0,0.25,1.9639091742525672,0.0,1.6600000000000001,1.0
290,Michaelis-Menten,Burst,0.0,0.25,1.9639091742525672,0.0,1.6600000000000001,1.0
291,Michaelis-Menten,Burst,0.0,0.25,1.9639091742525672,0.0,1.6600000000000001,1.0
292,Michaelis-Menten,Burst,0.0,0.25,1.9639091742525672,0.0,1.6600000000000001,1.0
293,Michaelis-Menten,Burst,0.0,0.25,1.9639091742525672,0.0,1.6600000000000001,1.0
294,Michaelis-Menten,Burst,0.0,0.25,1.9639091742525672,0.0,1.6600000000000001,1.0
295,Michaelis-Menten,Burst,0.0,0.25,1.9639091742525672,0.0,1.6600000000000001,1.0
296,Michaelis-Menten,Burst,0.0,0.25,1.9639091742525672,0.0,1.6600000000000001,1.0
297,Michaelis-Menten,Burst,0.0,0.25,1.9639091742525672,0.0,1.6600000000000001,1.0
298,Michaelis-Menten,Burst,0.0,0.25,1.9639091742525672,0.0,1.6600000000000001,1.0
299,Michaelis-Menten,Burst,0.0,0.25,1.9639091742525672,0.0,1.6600000000000001,1.0
0,Transporter-state,Burst,0.0,0.25,2.221838049926361,0.0,2.9,0.4003872034738677
1,Transporter-state,Burst,0.0,0.25,2.221838049926361,0.0,2.9,0.4003872034738677
2,Transporter-state,Burst,0.0,0.25,2.221838049926361,0.0,2.9,0.4003872034738677
3,Transporter-state,Burst,0.0,0.25,2.221838049926361,0.0,2.9,0.4003872034738677
4,Transporter-state,Burst,0.0,0.25,2.221838049926361,0.0,2.9,0.4003872034738677
5,Transporter-state,Burst,0.0,0.25,2.221838049926361,0.0,2.9,0.4003872034738677
6,Transporter-state,Burst,0.0,0.25,2.221838049926361,0.0,2.9,0.4003872034738677
7,Transporter-state,Burst,0.0,0.25,2.221838049926361,0.0,2.9,0.4003872034738677
8,Transporter-state,Burst,0.0,0.25,2.221838049926361,0.0,2.9,0.4003872034738677
9,Transporter-state,Burst,0.0,0.25,2.221838049926361,0.0,2.9,0.4003872034738677
10,Transporter-state,Burst,0.0,0.25,2.221838049926361,0.0,2.9,0.4003872034738677
11,Transporter-state,Burst,0.0,0.25,2.221838049926361,0.0,2.9,0.4003872034738677
12,Transporter-state,Burst,0.0,0.25,2.221838049926361,0.0,2.9,0.4003872034738677
13,Transporter-state,Burst,0.0,0.25,2.221838049926361,0.0,2.9,0.4003872034738677
14,Transporter-state,Burst,0.0,0.25,2.221838049926361,0.0,2.9,0.4003872034738677
15,Transporter-state,Burst,0.0,0.25,2.221838049926361,0.0,2.9,0.4003872034738677
16,Transporter-state,Burst,0.0,0.25,2.221838049926361,0.0,2.9,0.4003872034738677
17,Transporter-state,Burst,0.0,0.25,2.221838049926361,0.0,2.9,0.4003872034738677
18,Transporter-state,Burst,0.0,0.25,2.221838049926361,0.0,2.9,0.4003872034738677
19,Transporter-state,Burst,0.0,0.25,2.221838049926361,0.0,2.9,0.4003872034738677
20,Transporter-state,Burst,0.0,0.25,2.221838049926361,0.0,2.9,0.4003872034738677
21,Transporter-state,Burst,0.0,0.25,2.221838049926361,0.0,2.9,0.4003872034738677
22,Transporter-state,Burst,0.0,0.25,2.221838049926361,0.0,2.9,0.4003872034738677
23,Transporter-state,Burst,0.0,0.25,2.221838049926361,0.0,2.9,0.4003872034738677
24,Transporter-state,Burst,0.0,0.25,2.221838049926361,0.0,2.9,0.4003872034738677
25,Transporter-state,Burst,0.0,0.25,2.221838049926361,0.0,2.9,0.4003872034738677
26,Transporter-state,Burst,0.0,0.25,2.221838049926361,0.0,2.9,0.4003872034738677
27,Transporter-state,Burst,0.0,0.25,2.221838049926361,0.0,2.9,0.4003872034738677
28,Transporter-state,Burst,0.0,0.25,2.221838049926361,0.0,2.9,0.4003872034738677
29,Transporter-state,Burst,0.0,0.25,2.221838049926361,0.0,2.9,0.4003872034738677
30,Transporter-state,Burst,0.0,0.25,2.221838049926361,0.0,2.9,0.4003872034738677
31,Transporter-state,Burst,0.0,0.25,2.221838049926361,0.0,2.9,0.4003872034738677
32,Transporter-state,Burst,0.0,0.25,2.221838049926361,0.0,2.9,0.4003872034738677
33,Transporter-state,Burst,0.0,0.25,2.221838049926361,0.0,2.9,0.4003872034738677
34,Transporter-state,Burst,0.0,0.25,2.221838049926361,0.0,2.9,0.4003872034738677
35,Transporter-state,Burst,0.0,0.25,2.221838049926361,0.0,2.9,0.4003872034738677
36,Transporter-state,Burst,0.0,0.25,2.221838049926361,0.0,2.9,0.4003872034738677
37,Transporter-state,Burst,0.0,0.25,2.221838049926361,0.0,2.9,0.4003872034738677
38,Transporter-state,Burst,0.0,0.25,2.221838049926361,0.0,2.9,0.4003872034738677
39,Transporter-state,Burst,0.0,0.25,2.221838049926361,0.0,2.9,0.4003872034738677
40,Transporter-state,Burst,0.0,0.25,2.221838049926361,0.0,2.9,0.4003872034738677
41,Transporter-state,Burst,0.0,0.25,2.221838049926361,0.0,2.9,0.4003872034738677
42,Transporter-state,Burst,0.0,0.25,2.221838049926361,0.0,2.9,0.4003872034738677
43,Transporter-state,Burst,0.0,0.25,2.221838049926361,0.0,2.9,0.4003872034738677
44,Transporter-state,Burst,0.0,0.25,2.221838049926361,0.0,2.9,0.4003872034738677
45,Transporter-state,Burst,0.0,0.25,2.221838049926361,0.0,2.9,0.4003872034738677
46,Transporter-state,Burst,0.0,0.25,2.221838049926361,0.0,2.9,0.4003872034738677
47,Transporter-state,Burst,0.0,0.25,2.221838049926361,0.0,2.9,0.4003872034738677
48,Transporter-state,Burst,0.0,0.25,2.221838049926361,0.0,2.9,0.4003872034738677
49,Transporter-state,Burst,0.0,0.25,2.221838049926361,0.0,2.9,0.4003872034738677
50,Transporter-state,Burst,0.0,0.25,2.221838049926361,0.0,2.9,0.4003872034738677
51,Transporter-state,Burst,0.0,0.25,2.221838049926361,0.0,2.9,0.4003872034738677
52,Transporter-state,Burst,0.0,0.25,2.221838049926361,0.0,2.9,0.4003872034738677
53,Transporter-state,Burst,0.0,0.25,2.221838049926361,0.0,2.9,0.4003872034738677
54,Transporter-state,Burst,0.0,0.25,2.221838049926361,0.0,2.9,0.4003872034738677
55,Transporter-state,Burst,0.0,0.25,2.221838049926361,0.0,2.9,0.4003872034738677
56,Transporter-state,Burst,0.0,0.25,2.221838049926361,0.0,2.9,0.4003872034738677
57,Transporter-state,Burst,0.0,0.25,2.221838049926361,0.0,2.9,0.4003872034738677
58,Transporter-state,Burst,0.0,0.25,2.221838049926361,0.0,2.9,0.4003872034738677
59,Transporter-state,Burst,0.0,0.25,2.221838049926361,0.0,2.9,0.4003872034738677
60,Transporter-state,Burst,0.0,0.25,2.221838049926361,0.0,2.9,0.4003872034738677
61,Transporter-state,Burst,0.0,0.25,2.221838049926361,0.0,2.9,0.4003872034738677
62,Transporter-state,Burst,0.0,0.25,2.221838049926361,0.0,2.9,0.4003872034738677
63,Transporter-state,Burst,0.0,0.25,2.221838049926361,0.0,2.9,0.4003872034738677
64,Transporter-state,Burst,0.0,0.25,2.221838049926361,0.0,2.9,0.4003872034738677
65,Transporter-state,Burst,0.0,0.25,2.221838049926361,0.0,2.9,0.4003872034738677
66,Transporter-state,Burst,0.0,0.25,2.221838049926361,0.0,2.9,0.4003872034738677
67,Transporter-state,Burst,0.0,0.25,2.221838049926361,0.0,2.9,0.4003872034738677
68,Transporter-state,Burst,0.0,0.25,2.221838049926361,0.0,2.9,0.4003872034738677
69,Transporter-state,Burst,0.0,0.25,2.221838049926361,0.0,2.9,0.4003872034738677
70,Transporter-state,Burst,0.0,0.25,2.221838049926361,0.0,2.9,0.4003872034738677
71,Transporter-state,Burst,0.0,0.25,2.221838049926361,0.0,2.9,0.4003872034738677
72,Transporter-state,Burst,0.0,0.25,2.221838049926361,0.0,2.9,0.4003872034738677
73,Transporter-state,Burst,0.0,0.25,2.221838049926361,0.0,2.9,0.4003872034738677
74,Transporter-state,Burst,0.0,0.25,2.221838049926361,0.0,2.9,0.4003872034738677
75,Transporter-state,Burst,0.0,0.25,2.221838049926361,0.0,2.9,0.4003872034738677
76,Transporter-state,Burst,0.0,0.25,2.221838049926361,0.0,2.9,0.4003872034738677
77,Transporter-state,Burst,0.0,0.25,2.221838049926361,0.0,2.9,0.4003872034738677
78,Transporter-state,Burst,0.0,0.25,2.221838049926361,0.0,2.9,0.4003872034738677
79,Transporter-state,Burst,0.0,0.25,2.221838049926361,0.0,2.9,0.4003872034738677
80,Transporter-state,Burst,0.0,0.25,2.221838049926361,0.0,2.9,0.4003872034738677
81,Transporter-state,Burst,0.0,0.25,2.221838049926361,0.0,2.9,0.4003872034738677
82,Transporter-state,Burst,0.0,0.25,2.221838049926361,0.0,2.9,0.4003872034738677
83,Transporter-state,Burst,0.0,0.25,2.221838049926361,0.0,2.9,0.4003872034738677
84,Transporter-state,Burst,0.0,0.25,2.221838049926361,0.0,2.9,0.4003872034738677
85,Transporter-state,Burst,0.0,0.25,2.221838049926361,0.0,2.9,0.4003872034738677
86,Transporter-state,Burst,0.0,0.25,2.221838049926361,0.0,2.9,0.4003872034738677
87,Transporter-state,Burst,0.0,0.25,2.221838049926361,0.0,2.9,0.4003872034738677
88,Transporter-state,Burst,0.0,0.25,2.221838049926361,0.0,2.9,0.4003872034738677
89,Transporter-state,Burst,0.0,0.25,2.221838049926361,0.0,2.9,0.4003872034738677
90,Transporter-state,Burst,0.0,0.25,2.221838049926361,0.0,2.9,0.4003872034738677
91,Transporter-state,Burst,0.0,0.25,2.221838049926361,0.0,2.9,0.4003872034738677
92,Transporter-state,Burst,0.0,0.25,2.221838049926361,0.0,2.9,0.4003872034738677
93,Transporter-state,Burst,0.0,0.25,2.221838049926361,0.0,2.9,0.4003872034738677
94,Transporter-state,Burst,0.0,0.25,2.221838049926361,0.0,2.9,0.4003872034738677
95,Transporter-state,Burst,0.0,0.25,2.221838049926361,0.0,2.9,0.4003872034738677
96,Transporter-state,Burst,0.0,0.25,2.221838049926361,0.0,2.9,0.4003872034738677
97,Transporter-state,Burst,0.0,0.25,2.221838049926361,0.0,2.9,0.4003872034738677
98,Transporter-state,Burst,0.0,0.25,2.221838049926361,0.0,2.9,0.4003872034738677
99,Transporter-state,Burst,0.0,0.25,2.221838049926361,0.0,2.9,0.4003872034738677
100,Transporter-state,Burst,0.0,0.25,2.221838049926361,0.0,2.9,0.4003872034738677
101,Transporter-state,Burst,0.0,0.25,2.221838049926361,0.0,2.9,0.4003872034738677
102,Transporter-state,Burst,0.0,0.25,2.221838049926361,0.0,2.9,0.4003872034738677
103,Transporter-state,Burst,0.0,0.25,2.221838049926361,0.0,2.9,0.4003872034738677
104,Transporter-state,Burst,0.0,0.25,2.221838049926361,0.0,2.9,0.4003872034738677
105,Transporter-state,Burst,0.0,0.25,2.221838049926361,0.0,2.9,0.4003872034738677
106,Transporter-state,Burst,0.0,0.25,2.221838049926361,0.0,2.9,0.4003872034738677
107,Transporter-state,Burst,0.0,0.25,2.221838049926361,0.0,2.9,0.4003872034738677
108,Transporter-state,Burst,0.0,0.25,2.221838049926361,0.0,2.9,0.4003872034738677
109,Transporter-state,Burst,0.0,0.25,2.221838049926361,0.0,2.9,0.4003872034738677
110,Transporter-state,Burst,0.0,0.25,2.221838049926361,0.0,2.9,0.4003872034738677
111,Transporter-state,Burst,0.0,0.25,2.221838049926361,0.0,2.9,0.4003872034738677
112,Transporter-state,Burst,0.0,0.25,2.221838049926361,0.0,2.9,0.4003872034738677
113,Transporter-state,Burst,0.0,0.25,2.221838049926361,0.0,2.9,0.4003872034738677
114,Transporter-state,Burst,0.0,0.25,2.221838049926361,0.0,2.9,0.4003872034738677
115,Transporter-state,Burst,0.0,0.25,2.221838049926361,0.0,2.9,0.4003872034738677
116,Transporter-state,Burst,0.0,0.25,2.221838049926361,0.0,2.9,0.4003872034738677
117,Transporter-state,Burst,0.0,0.25,2.221838049926361,0.0,2.9,0.4003872034738677
118,Transporter-state,Burst,0.0,0.25,2.221838049926361,0.0,2.9,0.4003872034738677
119,Transporter-state,Burst,0.0,0.25,2.221838049926361,0.0,2.9,0.4003872034738677
120,Transporter-state,Burst,0.0,0.25,2.221838049926361,0.0,2.9,0.4003872034738677
121,Transporter-state,Burst,0.0,0.25,2.221838049926361,0.0,2.9,0.4003872034738677
122,Transporter-state,Burst,0.0,0.25,2.221838049926361,0.0,2.9,0.4003872034738677
123,Transporter-state,Burst,0.0,0.25,2.221838049926361,0.0,2.9,0.4003872034738677
124,Transporter-state,Burst,0.0,0.25,2.221838049926361,0.0,2.9,0.4003872034738677
125,Transporter-state,Burst,0.0,0.25,2.221838049926361,0.0,2.9,0.4003872034738677
126,Transporter-state,Burst,0.0,0.25,2.221838049926361,0.0,2.9,0.4003872034738677
127,Transporter-state,Burst,0.0,0.25,2.221838049926361,0.0,2.9,0.4003872034738677
128,Transporter-state,Burst,0.0,0.25,2.221838049926361,0.0,2.9,0.4003872034738677
129,Transporter-state,Burst,0.0,0.25,2.221838049926361,0.0,2.9,0.4003872034738677
130,Transporter-state,Burst,0.0,0.25,2.221838049926361,0.0,2.9,0.4003872034738677
131,Transporter-state,Burst,0.0,0.25,2.221838049926361,0.0,2.9,0.4003872034738677
132,Transporter-state,Burst,0.0,0.25,2.221838049926361,0.0,2.9,0.4003872034738677
133,Transporter-state,Burst,0.0,0.25,2.221838049926361,0.0,2.9,0.4003872034738677
134,Transporter-state,Burst,0.0,0.25,2.221838049926361,0.0,2.9,0.4003872034738677
135,Transporter-state,Burst,0.0,0.25,2.221838049926361,0.0,2.9,0.4003872034738677
136,Transporter-state,Burst,0.0,0.25,2.221838049926361,0.0,2.9,0.4003872034738677
137,Transporter-state,Burst,0.0,0.25,2.221838049926361,0.0,2.9,0.4003872034738677
138,Transporter-state,Burst,0.0,0.25,2.221838049926361,0.0,2.9,0.4003872034738677
139,Transporter-state,Burst,0.0,0.25,2.221838049926361,0.0,2.9,0.4003872034738677
140,Transporter-state,Burst,0.0,0.25,2.221838049926361,0.0,2.9,0.4003872034738677
141,Transporter-state,Burst,0.0,0.25,2.221838049926361,0.0,2.9,0.4003872034738677
142,Transporter-state,Burst,0.0,0.25,2.221838049926361,0.0,2.9,0.4003872034738677
143,Transporter-state,Burst,0.0,0.25,2.221838049926361,0.0,2.9,0.4003872034738677
144,Transporter-state,Burst,0.0,0.25,2.221838049926361,0.0,2.9,0.4003872034738677
145,Transporter-state,Burst,0.0,0.25,2.221838049926361,0.0,2.9,0.4003872034738677
146,Transporter-state,Burst,0.0,0.25,2.221838049926361,0.0,2.9,0.4003872034738677
147,Transporter-state,Burst,0.0,0.25,2.221838049926361,0.0,2.9,0.4003872034738677
148,Transporter-state,Burst,0.0,0.25,2.221838049926361,0.0,2.9,0.4003872034738677
149,Transporter-state,Burst,0.0,0.25,2.221838049926361,0.0,2.9,0.4003872034738677
150,Transporter-state,Burst,0.0,0.25,2.221838049926361,0.0,2.9,0.4003872034738677
151,Transporter-state,Burst,0.0,0.25,2.221838049926361,0.0,2.9,0.4003872034738677
152,Transporter-state,Burst,0.0,0.25,2.221838049926361,0.0,2.9,0.4003872034738677
153,Transporter-state,Burst,0.0,0.25,2.221838049926361,0.0,2.9,0.4003872034738677
154,Transporter-state,Burst,0.0,0.25,2.221838049926361,0.0,2.9,0.4003872034738677
155,Transporter-state,Burst,0.0,0.25,2.221838049926361,0.0,2.9,0.4003872034738677
156,Transporter-state,Burst,0.0,0.25,2.221838049926361,0.0,2.9,0.4003872034738677
157,Transporter-state,Burst,0.0,0.25,2.221838049926361,0.0,2.9,0.4003872034738677
158,Transporter-state,Burst,0.0,0.25,2.221838049926361,0.0,2.9,0.4003872034738677
159,Transporter-state,Burst,0.0,0.25,2.221838049926361,0.0,2.9,0.4003872034738677
160,Transporter-state,Burst,0.0,0.25,2.221838049926361,0.0,2.9,0.4003872034738677
161,Transporter-state,Burst,0.0,0.25,2.221838049926361,0.0,2.9,0.4003872034738677
162,Transporter-state,Burst,0.0,0.25,2.221838049926361,0.0,2.9,0.4003872034738677
163,Transporter-state,Burst,0.0,0.25,2.221838049926361,0.0,2.9,0.4003872034738677
164,Transporter-state,Burst,0.0,0.25,2.221838049926361,0.0,2.9,0.4003872034738677
165,Transporter-state,Burst,0.0,0.25,2.221838049926361,0.0,2.9,0.4003872034738677
166,Transporter-state,Burst,0.0,0.25,2.221838049926361,0.0,2.9,0.4003872034738677
167,Transporter-state,Burst,0.0,0.25,2.221838049926361,0.0,2.9,0.4003872034738677
168,Transporter-state,Burst,0.0,0.25,2.221838049926361,0.0,2.9,0.4003872034738677
169,Transporter-state,Burst,0.0,0.25,2.221838049926361,0.0,2.9,0.4003872034738677
170,Transporter-state,Burst,0.0,0.25,2.221838049926361,0.0,2.9,0.4003872034738677
171,Transporter-state,Burst,0.0,0.25,2.221838049926361,0.0,2.9,0.4003872034738677
172,Transporter-state,Burst,0.0,0.25,2.221838049926361,0.0,2.9,0.4003872034738677
173,Transporter-state,Burst,0.0,0.25,2.221838049926361,0.0,2.9,0.4003872034738677
174,Transporter-state,Burst,0.0,0.25,2.221838049926361,0.0,2.9,0.4003872034738677
175,Transporter-state,Burst,0.0,0.25,2.221838049926361,0.0,2.9,0.4003872034738677
176,Transporter-state,Burst,0.0,0.25,2.221838049926361,0.0,2.9,0.4003872034738677
177,Transporter-state,Burst,0.0,0.25,2.221838049926361,0.0,2.9,0.4003872034738677
178,Transporter-state,Burst,0.0,0.25,2.221838049926361,0.0,2.9,0.4003872034738677
179,Transporter-state,Burst,0.0,0.25,2.221838049926361,0.0,2.9,0.4003872034738677
180,Transporter-state,Burst,0.0,0.25,2.221838049926361,0.0,2.9,0.4003872034738677
181,Transporter-state,Burst,0.0,0.25,2.221838049926361,0.0,2.9,0.4003872034738677
182,Transporter-state,Burst,0.0,0.25,2.221838049926361,0.0,2.9,0.4003872034738677
183,Transporter-state,Burst,0.0,0.25,2.221838049926361,0.0,2.9,0.4003872034738677
184,Transporter-state,Burst,0.0,0.25,2.221838049926361,0.0,2.9,0.4003872034738677
185,Transporter-state,Burst,0.0,0.25,2.221838049926361,0.0,2.9,0.4003872034738677
186,Transporter-state,Burst,0.0,0.25,2.221838049926361,0.0,2.9,0.4003872034738677
187,Transporter-state,Burst,0.0,0.25,2.221838049926361,0.0,2.9,0.4003872034738677
188,Transporter-state,Burst,0.0,0.25,2.221838049926361,0.0,2.9,0.4003872034738677
189,Transporter-state,Burst,0.0,0.25,2.221838049926361,0.0,2.9,0.4003872034738677
190,Transporter-state,Burst,0.0,0.25,2.221838049926361,0.0,2.9,0.4003872034738677
191,Transporter-state,Burst,0.0,0.25,2.221838049926361,0.0,2.9,0.4003872034738677
192,Transporter-state,Burst,0.0,0.25,2.221838049926361,0.0,2.9,0.4003872034738677
193,Transporter-state,Burst,0.0,0.25,2.221838049926361,0.0,2.9,0.4003872034738677
194,Transporter-state,Burst,0.0,0.25,2.221838049926361,0.0,2.9,0.4003872034738677
195,Transporter-state,Burst,0.0,0.25,2.221838049926361,0.0,2.9,0.4003872034738677
196,Transporter-state,Burst,0.0,0.25,2.221838049926361,0.0,2.9,0.4003872034738677
197,Transporter-state,Burst,0.0,0.25,2.221838049926361,0.0,2.9,0.4003872034738677
198,Transporter-state,Burst,0.0,0.25,2.221838049926361,0.0,2.9,0.4003872034738677
199,Transporter-state,Burst,0.0,0.25,2.221838049926361,0.0,2.9,0.4003872034738677
200,Transporter-state,Burst,0.0,0.25,2.221838049926361,0.0,2.9,0.4003872034738677
201,Transporter-state,Burst,0.0,0.25,2.221838049926361,0.0,2.9,0.4003872034738677
202,Transporter-state,Burst,0.0,0.25,2.221838049926361,0.0,2.9,0.4003872034738677
203,Transporter-state,Burst,0.0,0.25,2.221838049926361,0.0,2.9,0.4003872034738677
204,Transporter-state,Burst,0.0,0.25,2.221838049926361,0.0,2.9,0.4003872034738677
205,Transporter-state,Burst,0.0,0.25,2.221838049926361,0.0,2.9,0.4003872034738677
206,Transporter-state,Burst,0.0,0.25,2.221838049926361,0.0,2.9,0.4003872034738677
207,Transporter-state,Burst,0.0,0.25,2.221838049926361,0.0,2.9,0.4003872034738677
208,Transporter-state,Burst,0.0,0.25,2.221838049926361,0.0,2.9,0.4003872034738677
209,Transporter-state,Burst,0.0,0.25,2.221838049926361,0.0,2.9,0.4003872034738677
210,Transporter-state,Burst,0.0,0.25,2.221838049926361,0.0,2.9,0.4003872034738677
211,Transporter-state,Burst,0.0,0.25,2.221838049926361,0.0,2.9,0.4003872034738677
212,Transporter-state,Burst,0.0,0.25,2.221838049926361,0.0,2.9,0.4003872034738677
213,Transporter-state,Burst,0.0,0.25,2.221838049926361,0.0,2.9,0.4003872034738677
214,Transporter-state,Burst,0.0,0.25,2.221838049926361,0.0,2.9,0.4003872034738677
215,Transporter-state,Burst,0.0,0.25,2.221838049926361,0.0,2.9,0.4003872034738677
216,Transporter-state,Burst,0.0,0.25,2.221838049926361,0.0,2.9,0.4003872034738677
217,Transporter-state,Burst,0.0,0.25,2.221838049926361,0.0,2.9,0.4003872034738677
218,Transporter-state,Burst,0.0,0.25,2.221838049926361,0.0,2.9,0.4003872034738677
219,Transporter-state,Burst,0.0,0.25,2.221838049926361,0.0,2.9,0.4003872034738677
220,Transporter-state,Burst,0.0,0.25,2.221838049926361,0.0,2.9,0.4003872034738677
221,Transporter-state,Burst,0.0,0.25,2.221838049926361,0.0,2.9,0.4003872034738677
222,Transporter-state,Burst,0.0,0.25,2.221838049926361,0.0,2.9,0.4003872034738677
223,Transporter-state,Burst,0.0,0.25,2.221838049926361,0.0,2.9,0.4003872034738677
224,Transporter-state,Burst,0.0,0.25,2.221838049926361,0.0,2.9,0.4003872034738677
225,Transporter-state,Burst,0.0,0.25,2.221838049926361,0.0,2.9,0.4003872034738677
226,Transporter-state,Burst,0.0,0.25,2.221838049926361,0.0,2.9,0.4003872034738677
227,Transporter-state,Burst,0.0,0.25,2.221838049926361,0.0,2.9,0.4003872034738677
228,Transporter-state,Burst,0.0,0.25,2.221838049926361,0.0,2.9,0.4003872034738677
229,Transporter-state,Burst,0.0,0.25,2.221838049926361,0.0,2.9,0.4003872034738677
230,Transporter-state,Burst,0.0,0.25,2.221838049926361,0.0,2.9,0.4003872034738677
231,Transporter-state,Burst,0.0,0.25,2.221838049926361,0.0,2.9,0.4003872034738677
232,Transporter-state,Burst,0.0,0.25,2.221838049926361,0.0,2.9,0.4003872034738677
233,Transporter-state,Burst,0.0,0.25,2.221838049926361,0.0,2.9,0.4003872034738677
234,Transporter-state,Burst,0.0,0.25,2.221838049926361,0.0,2.9,0.4003872034738677
235,Transporter-state,Burst,0.0,0.25,2.221838049926361,0.0,2.9,0.4003872034738677
236,Transporter-state,Burst,0.0,0.25,2.221838049926361,0.0,2.9,0.4003872034738677
237,Transporter-state,Burst,0.0,0.25,2.221838049926361,0.0,2.9,0.4003872034738677
238,Transporter-state,Burst,0.0,0.25,2.221838049926361,0.0,2.9,0.4003872034738677
239,Transporter-state,Burst,0.0,0.25,2.221838049926361,0.0,2.9,0.4003872034738677
240,Transporter-state,Burst,0.0,0.25,2.221838049926361,0.0,2.9,0.4003872034738677
241,Transporter-state,Burst,0.0,0.25,2.221838049926361,0.0,2.9,0.4003872034738677
242,Transporter-state,Burst,0.0,0.25,2.221838049926361,0.0,2.9,0.4003872034738677
243,Transporter-state,Burst,0.0,0.25,2.221838049926361,0.0,2.9,0.4003872034738677
244,Transporter-state,Burst,0.0,0.25,2.221838049926361,0.0,2.9,0.4003872034738677
245,Transporter-state,Burst,0.0,0.25,2.221838049926361,0.0,2.9,0.4003872034738677
246,Transporter-state,Burst,0.0,0.25,2.221838049926361,0.0,2.9,0.4003872034738677
247,Transporter-state,Burst,0.0,0.25,2.221838049926361,0.0,2.9,0.4003872034738677
248,Transporter-state,Burst,0.0,0.25,2.221838049926361,0.0,2.9,0.4003872034738677
249,Transporter-state,Burst,0.0,0.25,2.221838049926361,0.0,2.9,0.4003872034738677
250,Transporter-state,Burst,0.0,0.25,2.221838049926361,0.0,2.9,0.4003872034738677
251,Transporter-state,Burst,0.0,0.25,2.221838049926361,0.0,2.9,0.4003872034738677
252,Transporter-state,Burst,0.0,0.25,2.221838049926361,0.0,2.9,0.4003872034738677
253,Transporter-state,Burst,0.0,0.25,2.221838049926361,0.0,2.9,0.4003872034738677
254,Transporter-state,Burst,0.0,0.25,2.221838049926361,0.0,2.9,0.4003872034738677
255,Transporter-state,Burst,0.0,0.25,2.221838049926361,0.0,2.9,0.4003872034738677
256,Transporter-state,Burst,0.0,0.25,2.221838049926361,0.0,2.9,0.4003872034738677
257,Transporter-state,Burst,0.0,0.25,2.221838049926361,0.0,2.9,0.4003872034738677
258,Transporter-state,Burst,0.0,0.25,2.221838049926361,0.0,2.9,0.4003872034738677
259,Transporter-state,Burst,0.0,0.25,2.221838049926361,0.0,2.9,0.4003872034738677
260,Transporter-state,Burst,0.0,0.25,2.221838049926361,0.0,2.9,0.4003872034738677
261,Transporter-state,Burst,0.0,0.25,2.221838049926361,0.0,2.9,0.4003872034738677
262,Transporter-state,Burst,0.0,0.25,2.221838049926361,0.0,2.9,0.4003872034738677
263,Transporter-state,Burst,0.0,0.25,2.221838049926361,0.0,2.9,0.4003872034738677
264,Transporter-state,Burst,0.0,0.25,2.221838049926361,0.0,2.9,0.4003872034738677
265,Transporter-state,Burst,0.0,0.25,2.221838049926361,0.0,2.9,0.4003872034738677
266,Transporter-state,Burst,0.0,0.25,2.221838049926361,0.0,2.9,0.4003872034738677
267,Transporter-state,Burst,0.0,0.25,2.221838049926361,0.0,2.9,0.4003872034738677
268,Transporter-state,Burst,0.0,0.25,2.221838049926361,0.0,2.9,0.4003872034738677
269,Transporter-state,Burst,0.0,0.25,2.221838049926361,0.0,2.9,0.4003872034738677
270,Transporter-state,Burst,0.0,0.25,2.221838049926361,0.0,2.9,0.4003872034738677
271,Transporter-state,Burst,0.0,0.25,2.221838049926361,0.0,2.9,0.4003872034738677
272,Transporter-state,Burst,0.0,0.25,2.221838049926361,0.0,2.9,0.4003872034738677
273,Transporter-state,Burst,0.0,0.25,2.221838049926361,0.0,2.9,0.4003872034738677
274,Transporter-state,Burst,0.0,0.25,2.221838049926361,0.0,2.9,0.4003872034738677
275,Transporter-state,Burst,0.0,0.25,2.221838049926361,0.0,2.9,0.4003872034738677
276,Transporter-state,Burst,0.0,0.25,2.221838049926361,0.0,2.9,0.4003872034738677
277,Transporter-state,Burst,0.0,0.25,2.221838049926361,0.0,2.9,0.4003872034738677
278,Transporter-state,Burst,0.0,0.25,2.221838049926361,0.0,2.9,0.4003872034738677
279,Transporter-state,Burst,0.0,0.25,2.221838049926361,0.0,2.9,0.4003872034738677
280,Transporter-state,Burst,0.0,0.25,2.221838049926361,0.0,2.9,0.4003872034738677
281,Transporter-state,Burst,0.0,0.25,2.221838049926361,0.0,2.9,0.4003872034738677
282,Transporter-state,Burst,0.0,0.25,2.221838049926361,0.0,2.9,0.4003872034738677
283,Transporter-state,Burst,0.0,0.25,2.221838049926361,0.0,2.9,0.4003872034738677
284,Transporter-state,Burst,0.0,0.25,2.221838049926361,0.0,2.9,0.4003872034738677
285,Transporter-state,Burst,0.0,0.25,2.221838049926361,0.0,2.9,0.4003872034738677
286,Transporter-state,Burst,0.0,0.25,2.221838049926361,0.0,2.9,0.4003872034738677
287,Transporter-state,Burst,0.0,0.25,2.221838049926361,0.0,2.9,0.4003872034738677
288,Transporter-state,Burst,0.0,0.25,2.221838049926361,0.0,2.9,0.4003872034738677
289,Transporter-state,Burst,0.0,0.25,2.221838049926361,0.0,2.9,0.4003872034738677
290,Transporter-state,Burst,0.0,0.25,2.221838049926361,0.0,2.9,0.4003872034738677
291,Transporter-state,Burst,0.0,0.25,2.221838049926361,0.0,2.9,0.4003872034738677
292,Transporter-state,Burst,0.0,0.25,2.221838049926361,0.0,2.9,0.4003872034738677
293,Transporter-state,Burst,0.0,0.25,2.221838049926361,0.0,2.9,0.4003872034738677
294,Transporter-state,Burst,0.0,0.25,2.221838049926361,0.0,2.9,0.4003872034738677
295,Transporter-state,Burst,0.0,0.25,2.221838049926361,0.0,2.9,0.4003872034738677
296,Transporter-state,Burst,0.0,0.25,2.221838049926361,0.0,2.9,0.4003872034738677
297,Transporter-state,Burst,0.0,0.25,2.221838049926361,0.0,2.9,0.4003872034738677
298,Transporter-state,Burst,0.0,0.25,2.221838049926361,0.0,2.9,0.4003872034738677
299,Transporter-state,Burst,0.0,0.25,2.221838049926361,0.0,2.9,0.4003872034738677
0,Linear,Tonic,0.15,0.3179181506571551,1.9087605761772175,0.01655090168476983,1.7,1.0
1,Linear,Tonic,0.15,0.31052924399366555,1.8770553199201212,0.01279237244994817,1.72,1.0
2,Linear,Tonic,0.15,0.30299438170741905,1.8624202238802827,0.010880969832303812,1.74,1.0
3,Linear,Tonic,0.15,0.35883864166384777,1.8626732371204624,0.019807933760296565,1.7,1.0
4,Linear,Tonic,0.15,0.3399368603017622,1.8743968993083755,0.010643028079475727,1.6400000000000001,1.0
5,Linear,Tonic,0.15,0.33530650102620263,1.8254102770258962,0.010903282846504157,1.68,1.0
6,Linear,Tonic,0.15,0.34728870532839134,1.7541069330216794,0.008779687983822313,1.6,1.0
7,Linear,Tonic,0.15,0.3160535306455711,1.8895988939996955,0.011516116241410466,1.58,1.0
8,Linear,Tonic,0.15,0.3168549071030557,1.89936254135165,0.011522984487146816,1.72,1.0
9,Linear,Tonic,0.15,0.38618011544263586,1.9535371313974987,0.025153700740376164,1.62,1.0
10,Linear,Tonic,0.15,0.3158001302826737,1.836812278454123,0.007863668526288134,1.72,1.0
11,Linear,Tonic,0.15,0.3551893824319067,1.9468907692368242,0.019562379872252622,1.7,1.0
12,Linear,Tonic,0.15,0.32391636131043117,1.8689155018863362,0.010060423074853254,1.62,1.0
13,Linear,Tonic,0.15,0.36353148370448013,1.8445184187405095,0.01488656878576774,1.62,1.0
14,Linear,Tonic,0.15,0.3073654558276096,1.7595794386214683,0.0075742509794953184,1.6400000000000001,1.0
15,Linear,Tonic,0.15,0.32486058962379327,1.889907189936915,0.015504702170661688,1.78,1.0
16,Linear,Tonic,0.15,0.31813433599506186,1.7992915345590463,0.008473118740377842,1.74,1.0
17,Linear,Tonic,0.15,0.5272835836338484,2.061711422937147,0.05759272167660289,1.6400000000000001,1.0
18,Linear,Tonic,0.15,0.32848906832233593,1.9222293627727036,0.015074286195951686,1.74,1.0
19,Linear,Tonic,0.15,0.32275176206497685,1.873550423453433,0.01288848367470845,1.78,1.0
20,Linear,Tonic,0.15,0.3603883918738554,1.8427039005685182,0.01499417347557189,1.58,1.0
21,Linear,Tonic,0.15,0.31056853291648634,1.9001484571832175,0.013363059145811935,1.72,1.0
22,Linear,Tonic,0.15,0.2973306650695231,1.7715011187172454,0.0033476805762013297,1.6600000000000001,1.0
23,Linear,Tonic,0.15,0.33024997572422016,1.9366348148384396,0.011950034480041399,1.7,1.0
24,Linear,Tonic,0.15,0.3423235248557423,1.9767527414831827,0.020951186263258478,1.68,1.0
25,Linear,Tonic,0.15,0.3462592792360627,1.9498733047459607,0.015317207042162757,1.6400000000000001,1.0
26,Linear,Tonic,0.15,0.3116662319256631,1.8685797704379563,0.01071778906264949,1.76,1.0
27,Linear,Tonic,0.15,0.33044656008509865,1.8115909973410054,0.010774450025369895,1.7,1.0
28,Linear,Tonic,0.15,0.3507544083164678,1.8296572539009575,0.01873380126829699,1.7,1.0
29,Linear,Tonic,0.15,0.30806239665222757,1.7434522328152375,0.004711281112691574,1.76,1.0
30,Linear,Tonic,0.15,0.3062641031453023,1.876287914874086,0.009494188145236565,1.68,1.0
31,Linear,Tonic,0.15,0.395992958925063,1.9889256032833118,0.025636151373850342,1.84,1.0
32,Linear,Tonic,0.15,0.3579404426411741,1.946057179095894,0.022507505277447833,1.6600000000000001,1.0
33,Linear,Tonic,0.15,0.3314665997458108,1.84748431560185,0.007738300423240923,1.6600000000000001,1.0
34,Linear,Tonic,0.15,0.34202911385036655,1.9272979180155423,0.01735983208431664,1.7,1.0
35,Linear,Tonic,0.15,0.3454352439404144,1.8830107987550293,0.015636365806656234,1.68,1.0
36,Linear,Tonic,0.15,0.34582318648775945,1.9239295101172695,0.012818617404007032,1.7,1.0
37,Linear,Tonic,0.15,0.3536556784900034,1.7894279665426644,0.014821570401279412,1.6600000000000001,1.0
38,Linear,Tonic,0.15,0.3047296334926176,1.8707622952073877,0.00793085361104181,1.6600000000000001,1.0
39,Linear,Tonic,0.15,0.33207253159827327,1.9435259660630164,0.01551199365631704,1.6600000000000001,1.0
40,Linear,Tonic,0.15,0.3387845525821451,1.8613619348215285,0.011935760312789086,1.6600000000000001,1.0
41,Linear,Tonic,0.15,0.31035903871396464,1.715425992225801,0.0038371309608874462,1.68,1.0
42,Linear,Tonic,0.15,0.30757271685132265,1.826478895026185,0.007323845782071271,1.6400000000000001,1.0
43,Linear,Tonic,0.15,0.36458246437841185,1.9951983073037267,0.026345465674507674,1.6600000000000001,1.0
44,Linear,Tonic,0.15,0.3318261147080354,1.906314133685073,0.018410444964664444,1.62,1.0
45,Linear,Tonic,0.15,0.3280589720984599,1.844264234836025,0.013418542378764754,1.62,1.0
46,Linear,Tonic,0.15,0.2921995172290078,1.8456597576191993,0.008325788434772715,1.58,1.0
47,Linear,Tonic,0.15,0.32427455752925644,1.8352932302396658,0.008572123365782171,1.6400000000000001,1.0
48,Linear,Tonic,0.15,0.37114660312736636,1.8553798888420843,0.016723558734573908,1.58,1.0
49,Linear,Tonic,0.15,0.34587419141861747,1.8961333741479103,0.014094145320002107,1.76,1.0
50,Linear,Tonic,0.15,0.3182860411059607,1.8163742438617456,0.009274153163758854,1.7,1.0
51,Linear,Tonic,0.15,0.3007216751088792,1.8618223392781048,0.00896092257500429,1.6600000000000001,1.0
52,Linear,Tonic,0.15,0.3547789132432241,1.9016099453651507,0.017245551513699227,1.58,1.0
53,Linear,Tonic,0.15,0.3327083478201279,1.8468704151467417,0.01180378601182474,1.72,1.0
54,Linear,Tonic,0.15,0.31287770767236706,1.7914221870539297,0.006615866270000261,1.74,1.0
55,Linear,Tonic,0.15,0.3358704009217594,1.8472590977991785,0.013209639153474501,1.78,1.0
56,Linear,Tonic,0.15,0.3166725093774605,1.7198156379466656,0.005064537860482717,1.6,1.0
57,Linear,Tonic,0.15,0.3394211052180074,1.7855421000729252,0.011618340590084758,1.56,1.0
58,Linear,Tonic,0.15,0.3317934388339597,1.8764582595508565,0.014276659355512098,1.68,1.0
59,Linear,Tonic,0.15,0.30518165372175815,1.873942696168768,0.01193663837748934,1.72,1.0
60,Linear,Tonic,0.15,0.3176987167322269,1.9013744269895818,0.010016180235425913,1.72,1.0
61,Linear,Tonic,0.15,0.3189550163255532,1.7894853509271602,0.00818973541206018,1.7,1.0
62,Linear,Tonic,0.15,0.3484741624801605,1.8376942309875148,0.013524647439964298,1.78,1.0
63,Linear,Tonic,0.15,0.33248547441685966,1.9479526116049128,0.017040048996029306,1.72,1.0
64,Linear,Tonic,0.15,0.3024865243977471,1.8221021942310318,0.0052722445905831385,1.6400000000000001,1.0
65,Linear,Tonic,0.15,0.3177313948418084,1.9926646127574341,0.019103576946164547,1.74,1.0
66,Linear,Tonic,0.15,0.33408237616177866,1.8520722125753146,0.010159675905915055,1.68,1.0
67,Linear,Tonic,0.15,0.32780454577265705,1.8534264591086183,0.009627954354850763,1.68,1.0
68,Linear,Tonic,0.15,0.38702262579377195,1.899411264666028,0.022334025497044076,1.6400000000000001,1.0
69,Linear,Tonic,0.15,0.3179806449933288,1.885287232843071,0.014365839923464574,1.7,1.0
70,Linear,Tonic,0.15,0.30233203937161207,1.8532737234117802,0.008660413467889727,1.62,1.0
71,Linear,Tonic,0.15,0.270982009990042,1.8190068427736164,0.00244313151919773,1.72,1.0
72,Linear,Tonic,0.15,0.3517602897930196,1.8886460176290067,0.020293629395502128,1.6400000000000001,1.0
73,Linear,Tonic,0.15,0.3128876951676962,1.7928129092428797,0.007291892467386651,1.68,1.0
74,Linear,Tonic,0.15,0.3960512821360066,2.002537378172704,0.037731216763136816,1.7,1.0
75,Linear,Tonic,0.15,0.29661546717104625,1.8295413825069335,0.005922954178752535,1.62,1.0
76,Linear,Tonic,0.15,0.3527900946449953,1.9478612375384226,0.021001765061543692,1.6400000000000001,1.0
77,Linear,Tonic,0.15,0.31759824165084743,1.7603048561822239,0.005370768495311389,1.6600000000000001,1.0
78,Linear,Tonic,0.15,0.3301820981856115,1.8798253186150715,0.015390021502799296,1.68,1.0
79,Linear,Tonic,0.15,0.30654774803940366,1.9051902868336545,0.011094238502427653,1.68,1.0
80,Linear,Tonic,0.15,0.3138024333511376,1.839912256077044,0.010847432366413272,1.7,1.0
81,Linear,Tonic,0.15,0.3095821503293601,1.7902852468874477,0.007995637165302518,1.7,1.0
82,Linear,Tonic,0.15,0.3197510556747378,1.9684406212392,0.015206222159920893,1.72,1.0
83,Linear,Tonic,0.15,0.3328357240057385,1.8631694125569038,0.012836077863000443,1.74,1.0
84,Linear,Tonic,0.15,0.34469907864004895,1.834018308753506,0.01162414913222229,1.58,1.0
85,Linear,Tonic,0.15,0.30081585119629783,1.8913704158027311,0.0101128632442094,1.74,1.0
86,Linear,Tonic,0.15,0.2900797634285217,1.7852675074899655,0.0036722739547875418,1.7,1.0
87,Linear,Tonic,0.15,0.2997960557842669,1.8576609650065077,0.007782036993251896,1.6600000000000001,1.0
88,Linear,Tonic,0.15,0.3061114484996228,1.8046035552255983,0.006474106444532073,1.6400000000000001,1.0
89,Linear,Tonic,0.15,0.30592029677274096,1.7909193710761027,0.006316480363977116,1.6600000000000001,1.0
90,Linear,Tonic,0.15,0.3530829188663552,1.834627139511793,0.012373049009885494,1.72,1.0
91,Linear,Tonic,0.15,0.3464250966842399,1.856325936027462,0.013256977721188435,1.56,1.0
92,Linear,Tonic,0.15,0.31908905007703786,1.8793718588943478,0.008806161262328952,1.7,1.0
93,Linear,Tonic,0.15,0.3195649648478446,1.7892248717512647,0.0075487594567915876,1.7,1.0
94,Linear,Tonic,0.15,0.3206235967845419,1.8164264511728752,0.008759373995564543,1.74,1.0
95,Linear,Tonic,0.15,0.33074138264191383,1.9337991419130323,0.01582846435263108,1.6600000000000001,1.0
96,Linear,Tonic,0.15,0.34704586417896494,1.893706464063123,0.01940340955690285,1.6,1.0
97,Linear,Tonic,0.15,0.30574056998505195,1.8839737293782595,0.010497879528128726,1.62,1.0
98,Linear,Tonic,0.15,0.27971818004398136,1.7994743115734224,0.0032879763079702888,1.7,1.0
99,Linear,Tonic,0.15,0.30672429253227823,1.8098420903593713,0.010001529529099627,1.76,1.0
100,Linear,Tonic,0.15,0.3027735468753824,1.861557831942445,0.010474381440284902,1.74,1.0
101,Linear,Tonic,0.15,0.29839424510750834,1.8080883242931431,0.006224175832664051,1.6,1.0
102,Linear,Tonic,0.15,0.29849994475267877,1.919038678242746,0.011370779877800528,1.74,1.0
103,Linear,Tonic,0.15,0.3213168390523347,1.9182159343999006,0.014865709643328255,1.6400000000000001,1.0
104,Linear,Tonic,0.15,0.30401747444447685,1.8528505889989901,0.0076805571472608625,1.6400000000000001,1.0
105,Linear,Tonic,0.15,0.3476990949938553,1.9284321725910707,0.017497127285528845,1.56,1.0
106,Linear,Tonic,0.15,0.32560131102687345,1.946534448448543,0.016488118621269206,1.6600000000000001,1.0
107,Linear,Tonic,0.15,0.310816924145109,1.8523520177446269,0.010156564479755058,1.6600000000000001,1.0
108,Linear,Tonic,0.15,0.36919701814473055,1.847538196618574,0.013698866029085656,1.82,1.0
109,Linear,Tonic,0.15,0.32077569267089534,1.934901498239038,0.01715113711407137,1.6600000000000001,1.0
110,Linear,Tonic,0.15,0.3232065527176949,1.9116218860040104,0.013486295988384371,1.72,1.0
111,Linear,Tonic,0.15,0.2990924557210244,1.833518987213638,0.008217574329965949,1.6600000000000001,1.0
112,Linear,Tonic,0.15,0.35783051165898716,1.9450120739905723,0.020524194462873412,1.7,1.0
113,Linear,Tonic,0.15,0.28912350168832723,1.8458462832694418,0.006102497761225944,1.6600000000000001,1.0
114,Linear,Tonic,0.15,0.28533459413928297,1.830992366451768,0.003446179204761223,1.62,1.0
115,Linear,Tonic,0.15,0.33307668796849804,1.9054787013250498,0.01266454564019488,1.68,1.0
116,Linear,Tonic,0.15,0.3467558806051908,2.0157985256261934,0.020831532947270113,1.6600000000000001,1.0
117,Linear,Tonic,0.15,0.3330029350301211,1.850672165728915,0.014434920811558795,1.76,1.0
118,Linear,Tonic,0.15,0.29553902486973593,1.8133570485040076,0.006307038050088469,1.56,1.0
119,Linear,Tonic,0.15,0.31522724605702784,1.9096332399374278,0.00968290741588541,1.76,1.0
120,Linear,Tonic,0.15,0.3343911382719737,1.89757274085407,0.012065874585884736,1.7,1.0
121,Linear,Tonic,0.15,0.333061770144756,1.8835889355018725,0.01860756923301431,1.6600000000000001,1.0
122,Linear,Tonic,0.15,0.35113419164371007,1.9340116889757233,0.019992639975348205,1.74,1.0
123,Linear,Tonic,0.15,0.3780498273668025,1.9056741152612615,0.022826351055400162,1.68,1.0
124,Linear,Tonic,0.15,0.2873882339725676,1.7602661280443663,0.00447925040772673,1.6400000000000001,1.0
125,Linear,Tonic,0.15,0.33019367063283334,1.8863405401079911,0.015354046426885844,1.6600000000000001,1.0
126,Linear,Tonic,0.15,0.3133126265722525,1.9026167178174318,0.012237462382263378,1.76,1.0
127,Linear,Tonic,0.15,0.3072542789356083,1.8209801773817542,0.0068771013640720165,1.6400000000000001,1.0
128,Linear,Tonic,0.15,0.3227289597599092,1.9289116208721724,0.017410414674948204,1.68,1.0
129,Linear,Tonic,0.15,0.365096697830199,1.8617036082701919,0.019317785762092712,1.6600000000000001,1.0
130,Linear,Tonic,0.15,0.27285803384670515,1.7748222512622551,0.00154145063943649,1.6600000000000001,1.0
131,Linear,Tonic,0.15,0.35089607244761295,1.8357823463562102,0.012896618419052742,1.62,1.0
132,Linear,Tonic,0.15,0.29806031586175136,1.8918588641070404,0.01044315370279141,1.68,1.0
133,Linear,Tonic,0.15,0.3607016522760228,1.9700295973991688,0.020694268312807306,1.7,1.0
134,Linear,Tonic,0.15,0.419109625069263,1.9441995318800112,0.03101258231440716,1.76,1.0
135,Linear,Tonic,0.15,0.3819283678127565,1.8019095351576164,0.020875672377388552,1.6600000000000001,1.0
136,Linear,Tonic,0.15,0.3017438067830449,1.8972041550748378,0.009872611860927217,1.6600000000000001,1.0
137,Linear,Tonic,0.15,0.32116215355619837,1.8041259731254513,0.009029844900894115,1.6600000000000001,1.0
138,Linear,Tonic,0.15,0.32482004603371517,1.8605043191502835,0.01687360083390817,1.6400000000000001,1.0
139,Linear,Tonic,0.15,0.3711923300211961,1.9206843667635536,0.030587514828356258,1.6400000000000001,1.0
140,Linear,Tonic,0.15,0.3214714517101249,1.802385011268041,0.009973194376578,1.72,1.0
141,Linear,Tonic,0.15,0.29537169133261854,1.797000699844065,0.005261869674286378,1.6400000000000001,1.0
142,Linear,Tonic,0.15,0.29480596955191174,1.778205364303416,0.006140655871432417,1.74,1.0
143,Linear,Tonic,0.15,0.34167899774746846,1.830955678408315,0.010011358870756049,1.58,1.0
144,Linear,Tonic,0.15,0.32269728300695255,1.9280045656290876,0.019085168320616106,1.76,1.0
145,Linear,Tonic,0.15,0.32194953425426476,1.8370079628596427,0.012037412662655199,1.72,1.0
146,Linear,Tonic,0.15,0.3079381709427386,1.8135266599443953,0.007892163507079993,1.6600000000000001,1.0
147,Linear,Tonic,0.15,0.3132936283286198,1.8741030707565274,0.010004139484200054,1.6600000000000001,1.0
148,Linear,Tonic,0.15,0.33060237985764285,1.8633075762875444,0.01273214640314781,1.7,1.0
149,Linear,Tonic,0.15,0.33183842319714785,1.900886294624897,0.016147573451365273,1.7,1.0
150,Linear,Tonic,0.15,0.3523436413202539,1.8510608015990322,0.014130639163870131,1.74,1.0
151,Linear,Tonic,0.15,0.3339341374632059,1.904331732058269,0.01712748634548453,1.7,1.0
152,Linear,Tonic,0.15,0.33506081789571734,1.9112823199165465,0.01501512410192389,1.58,1.0
153,Linear,Tonic,0.15,0.29234741132301284,1.837708375480928,0.004369320875364519,1.68,1.0
154,Linear,Tonic,0.15,0.305749917349583,1.8761930073438968,0.009771433058633136,1.72,1.0
155,Linear,Tonic,0.15,0.29785341965042483,1.740021678500071,0.005143989585917495,1.54,1.0
156,Linear,Tonic,0.15,0.3226941237208561,1.948676915140933,0.01778104827128854,1.6400000000000001,1.0
157,Linear,Tonic,0.15,0.409651382974838,1.8743227051380043,0.019590890305549304,1.74,1.0
158,Linear,Tonic,0.15,0.33146517363220707,1.8802176300193492,0.014680120713183295,1.58,1.0
159,Linear,Tonic,0.15,0.30374146920726597,1.837202015811468,0.005815542715520023,1.72,1.0
160,Linear,Tonic,0.15,0.27265764857409464,1.7579613145304158,0.0026248174503278434,1.6600000000000001,1.0
161,Linear,Tonic,0.15,0.3414792628757572,1.826846984406213,0.013453000854519524,1.7,1.0
162,Linear,Tonic,0.15,0.3002493749329875,1.8262795711341118,0.007331529070001698,1.74,1.0
163,Linear,Tonic,0.15,0.3109276949692431,1.9207064360127037,0.009497053060844111,1.7,1.0
164,Linear,Tonic,0.15,0.35921397684023243,1.9450221120840445,0.021321357688992737,1.7,1.0
165,Linear,Tonic,0.15,0.30100329817409505,1.9082318849508857,0.00890547707024184,1.72,1.0
166,Linear,Tonic,0.15,0.3620737441437818,1.9055565130249204,0.018290223790406023,1.6600000000000001,1.0
167,Linear,Tonic,0.15,0.33473578339826654,1.906915428644331,0.014474625749756153,1.6400000000000001,1.0
168,Linear,Tonic,0.15,0.33039102071902476,1.852898231912384,0.015939374923049608,1.6400000000000001,1.0
169,Linear,Tonic,0.15,0.29951529115768555,1.7451287951510486,0.0033675885450927543,1.58,1.0
170,Linear,Tonic,0.15,0.39885933691484105,1.9746900559792981,0.03622704300796354,1.68,1.0
171,Linear,Tonic,0.15,0.3295921586279871,1.8988561268567756,0.013505922877937275,1.72,1.0
172,Linear,Tonic,0.15,0.29948177219438404,1.8772108041203683,0.009003794267179519,1.6600000000000001,1.0
173,Linear,Tonic,0.15,0.3797193343680252,1.9064411032309967,0.021070849311126585,1.72,1.0
174,Linear,Tonic,0.15,0.2916321541338122,1.8300556409242186,0.005877729696117831,1.72,1.0
175,Linear,Tonic,0.15,0.3092894592886513,1.91345199099117,0.011013868899525296,1.6400000000000001,1.0
176,Linear,Tonic,0.15,0.31470052118826813,1.8348815669346858,0.008835031391498634,1.68,1.0
177,Linear,Tonic,0.15,0.352461890889783,1.8980687115110468,0.014613413002252208,1.7,1.0
178,Linear,Tonic,0.15,0.31808308824663106,1.8271489955659805,0.011119509128703915,1.6600000000000001,1.0
179,Linear,Tonic,0.15,0.3302517203363268,1.9060525630461835,0.02034468664133904,1.74,1.0
180,Linear,Tonic,0.15,0.3210187153785468,1.879866848220334,0.012634121225301042,1.68,1.0
181,Linear,Tonic,0.15,0.35915234523003864,1.8279080380442791,0.014571944311884487,1.72,1.0
182,Linear,Tonic,0.15,0.35070268735648047,1.8806896186297517,0.018227154990886004,1.76,1.0
183,Linear,Tonic,0.15,0.32930314341515515,1.9575859398201507,0.01593467825926611,1.78,1.0
184,Linear,Tonic,0.15,0.3041891332101131,1.8582280807944602,0.006666181875359313,1.6400000000000001,1.0
185,Linear,Tonic,0.15,0.29476850045051023,1.809452378098572,0.004739380436271153,1.68,1.0
186,Linear,Tonic,0.15,0.3262845608305984,2.0142390682938167,0.019438929395700206,1.68,1.0
187,Linear,Tonic,0.15,0.30472358784632286,1.8643599621098446,0.0063112837591620145,1.7,1.0
188,Linear,Tonic,0.15,0.3380526028181781,1.7684782089721798,0.010697401544592528,1.72,1.0
189,Linear,Tonic,0.15,0.2981406156300316,1.7416952028071169,0.005060875409880609,1.74,1.0
190,Linear,Tonic,0.15,0.331052494054612,1.8779863985376897,0.010799966188644804,1.68,1.0
191,Linear,Tonic,0.15,0.33729667279127273,1.8496922472200938,0.014696824554873053,1.6600000000000001,1.0
192,Linear,Tonic,0.15,0.31757471027658063,1.898456491272067,0.008718605351150087,1.6400000000000001,1.0
193,Linear,Tonic,0.15,0.2889099138087124,1.7995741036989938,0.004148924431868668,1.72,1.0
194,Linear,Tonic,0.15,0.3055024236626059,1.9204799664077128,0.009025653731068938,1.62,1.0
195,Linear,Tonic,0.15,0.366928099710817,1.860933675633358,0.01929633662815158,1.72,1.0
196,Linear,Tonic,0.15,0.352570390641442,1.9025633269360585,0.014400243245328126,1.6600000000000001,1.0
197,Linear,Tonic,0.15,0.33082092408353586,1.8143329385649976,0.01036573653893399,1.62,1.0
198,Linear,Tonic,0.15,0.3280644406907331,1.871116182562404,0.012266055839683234,1.62,1.0
199,Linear,Tonic,0.15,0.2801393077075356,1.817981843026307,0.004013602531752895,1.68,1.0
200,Linear,Tonic,0.15,0.3031667376192185,1.8276140986333815,0.006209794305029905,1.6400000000000001,1.0
201,Linear,Tonic,0.15,0.3351410009662725,1.8463450529179302,0.012092058838440813,1.6600000000000001,1.0
202,Linear,Tonic,0.15,0.34873257700545457,1.8391252185180096,0.012715558285834991,1.62,1.0
203,Linear,Tonic,0.15,0.3075299788184687,1.8915022018188898,0.007278460030671041,1.6600000000000001,1.0
204,Linear,Tonic,0.15,0.3239554795338983,1.8033602929528363,0.008400724878237219,1.72,1.0
205,Linear,Tonic,0.15,0.36889069212485526,1.923864740507646,0.02202490995231352,1.6600000000000001,1.0
206,Linear,Tonic,0.15,0.3465262652355978,1.9120798839850908,0.016306440801469965,1.72,1.0
207,Linear,Tonic,0.15,0.31464023641887995,1.8070287760800283,0.0049957304073337035,1.6600000000000001,1.0
208,Linear,Tonic,0.15,0.39011566542796483,1.940542396314656,0.021946696279377533,1.7,1.0
209,Linear,Tonic,0.15,0.3306584448801682,1.931343983681022,0.01269276004680758,1.74,1.0
210,Linear,Tonic,0.15,0.31014295725950636,1.9045887650779358,0.009103928908426083,1.7,1.0
211,Linear,Tonic,0.15,0.27966636717323234,1.7269202700932542,0.002184397588087261,1.6400000000000001,1.0
212,Linear,Tonic,0.15,0.28871086385105216,1.7918548126875244,0.006285234905198783,1.6400000000000001,1.0
213,Linear,Tonic,0.15,0.34815030877573633,2.028704634848343,0.03169956126540044,1.7,1.0
214,Linear,Tonic,0.15,0.2899044397373716,1.8716061804942261,0.006501106795527724,1.6,1.0
215,Linear,Tonic,0.15,0.3407535626303645,1.8181879973860429,0.010222628788424889,1.6400000000000001,1.0
216,Linear,Tonic,0.15,0.3800183572490528,2.029284025302328,0.02915054179501824,1.76,1.0
217,Linear,Tonic,0.15,0.3266743154292109,1.878690351184615,0.014283551397522132,1.68,1.0
218,Linear,Tonic,0.15,0.34593392016264146,1.7615176008290205,0.009272100864456704,1.62,1.0
219,Linear,Tonic,0.15,0.3719494086427036,1.8801164277550322,0.01802994747368625,1.6600000000000001,1.0
220,Linear,Tonic,0.15,0.3388455807064203,1.9118329044967588,0.019640668805165042,1.6600000000000001,1.0
221,Linear,Tonic,0.15,0.33051972986358424,1.9217134061805279,0.014045142494825713,1.72,1.0
222,Linear,Tonic,0.15,0.2793577387916117,1.7753090933018063,0.002734385053938647,1.6,1.0
223,Linear,Tonic,0.15,0.32744922192194437,1.8443576777862456,0.014561490606646866,1.78,1.0
224,Linear,Tonic,0.15,0.3151754001095348,1.8900962280327651,0.011619337287185949,1.72,1.0
225,Linear,Tonic,0.15,0.32914220143742295,1.9527989911756751,0.014807748803419719,1.68,1.0
226,Linear,Tonic,0.15,0.31747226758570013,1.9048545285340435,0.012045283796201112,1.68,1.0
227,Linear,Tonic,0.15,0.33263681964550146,1.812935376484031,0.012002080839848538,1.7,1.0
228,Linear,Tonic,0.15,0.3391405357691222,1.8728315806973161,0.01032863587513839,1.7,1.0
229,Linear,Tonic,0.15,0.33350570530112966,1.9244653613793292,0.015386914284906092,1.6600000000000001,1.0
230,Linear,Tonic,0.15,0.34423794780763406,1.7906709324111034,0.010206375237983897,1.74,1.0
231,Linear,Tonic,0.15,0.364965447868767,1.963735396869329,0.02721832707945926,1.8,1.0
232,Linear,Tonic,0.15,0.29370087714264836,1.8170368787506617,0.006151342211050247,1.72,1.0
233,Linear,Tonic,0.15,0.2869552176160026,1.8881363482306288,0.006965443443310632,1.72,1.0
234,Linear,Tonic,0.15,0.35150569958930966,1.907328398162244,0.023239149497691517,1.78,1.0
235,Linear,Tonic,0.15,0.337393972784371,1.9004910397672172,0.01558156324387514,1.68,1.0
236,Linear,Tonic,0.15,0.3372736851365683,1.822728941464914,0.01132166737292319,1.62,1.0
237,Linear,Tonic,0.15,0.31606611338333673,1.8012405196146837,0.005660821574661849,1.68,1.0
238,Linear,Tonic,0.15,0.38260910187178765,1.9244630425025608,0.024213175663534703,1.6400000000000001,1.0
239,Linear,Tonic,0.15,0.3215579409288096,1.9187302109231479,0.012011443345561392,1.72,1.0
240,Linear,Tonic,0.15,0.31683840842487826,1.8880927517428703,0.011625532824120967,1.6400000000000001,1.0
241,Linear,Tonic,0.15,0.35408948772735443,1.9330518836349209,0.017581499942415625,1.6600000000000001,1.0
242,Linear,Tonic,0.15,0.3468344108829814,1.96608584885114,0.019734708612537517,1.72,1.0
243,Linear,Tonic,0.15,0.37325651116682,1.969819594502669,0.030648865878543055,1.74,1.0
244,Linear,Tonic,0.15,0.3157958177986875,1.8438358184278905,0.009260668824524455,1.72,1.0
245,Linear,Tonic,0.15,0.3438857679814362,1.8305822313987448,0.014275794281357768,1.78,1.0
246,Linear,Tonic,0.15,0.32527673665443096,1.8416651581957704,0.01429765199191232,1.72,1.0
247,Linear,Tonic,0.15,0.3747588161387207,1.880788950498603,0.015612434027294219,1.6400000000000001,1.0
248,Linear,Tonic,0.15,0.3068297929522971,1.9193003442084735,0.011338659231708566,1.74,1.0
249,Linear,Tonic,0.15,0.3396234610476834,1.8405796504431111,0.016140641033283856,1.62,1.0
250,Linear,Tonic,0.15,0.3552414903836617,1.9494450712709386,0.023899430665744653,1.82,1.0
251,Linear,Tonic,0.15,0.35491117255939536,1.8353935917319124,0.015351814047410385,1.58,1.0
252,Linear,Tonic,0.15,0.31687346921393833,1.9333587579456633,0.014308294678996695,1.68,1.0
253,Linear,Tonic,0.15,0.32764726555859636,1.7834207956470103,0.008759145363537578,1.6,1.0
254,Linear,Tonic,0.15,0.3683887279682611,1.8963603123940789,0.02161176612203676,1.82,1.0
255,Linear,Tonic,0.15,0.3941560482324287,1.9603432868900326,0.026371374142949062,1.6400000000000001,1.0
256,Linear,Tonic,0.15,0.3607458828869012,1.8216604330679627,0.01249859850077575,1.6600000000000001,1.0
257,Linear,Tonic,0.15,0.2821902749590218,1.8537554255644508,0.0045644293275135086,1.6400000000000001,1.0
258,Linear,Tonic,0.15,0.31208267345343577,1.828695557836345,0.011639902734052115,1.6400000000000001,1.0
259,Linear,Tonic,0.15,0.3077884349323276,1.7903164369549869,0.006707806523591055,1.58,1.0
260,Linear,Tonic,0.15,0.3077229482194024,1.7734044090632002,0.004498487942898975,1.6,1.0
261,Linear,Tonic,0.15,0.30441649043971497,1.8363769200035969,0.007597296191825183,1.72,1.0
262,Linear,Tonic,0.15,0.3057032709473263,1.8870986714802689,0.008937591247095159,1.48,1.0
263,Linear,Tonic,0.15,0.3772628482283124,1.8752373557970585,0.01854514680898732,1.6,1.0
264,Linear,Tonic,0.15,0.30368170886254686,1.914296215727249,0.008921410384575591,1.62,1.0
265,Linear,Tonic,0.15,0.34164794529805725,1.8468981610636892,0.010024720412089424,1.7,1.0
266,Linear,Tonic,0.15,0.3333299889221428,1.9605359028560236,0.024901968261968978,1.76,1.0
267,Linear,Tonic,0.15,0.3211642493082653,1.8791360802500172,0.015480731095052644,1.6400000000000001,1.0
268,Linear,Tonic,0.15,0.30444077766840255,1.861299339112025,0.010926071598353697,1.62,1.0
269,Linear,Tonic,0.15,0.3303520585156078,1.935773733939633,0.015923282102194913,1.78,1.0
270,Linear,Tonic,0.15,0.3789070096534947,1.8083779519093799,0.014737214600812933,1.6400000000000001,1.0
271,Linear,Tonic,0.15,0.29662012511841046,1.8331278728932643,0.007461739546817786,1.62,1.0
272,Linear,Tonic,0.15,0.30210960460658837,1.8656992562798076,0.008441957119695493,1.7,1.0
273,Linear,Tonic,0.15,0.3055764141115524,1.772890346984413,0.008732071438992637,1.58,1.0
274,Linear,Tonic,0.15,0.2905373355689134,1.8040681734432757,0.005855527470069681,1.68,1.0
275,Linear,Tonic,0.15,0.356301539792386,1.9116837519631342,0.019312384893294135,1.6400000000000001,1.0
276,Linear,Tonic,0.15,0.30545797830877436,1.9181747819900343,0.011051486348982873,1.6600000000000001,1.0
277,Linear,Tonic,0.15,0.3355514181965251,1.872207723023743,0.013944065258031341,1.74,1.0
278,Linear,Tonic,0.15,0.27643504460498364,1.796307715051994,0.0031578357395643697,1.68,1.0
279,Linear,Tonic,0.15,0.3398810647135802,1.9074319604918117,0.017056314238420987,1.76,1.0
280,Linear,Tonic,0.15,0.30917083343696133,1.8627698830625856,0.009733759619475627,1.58,1.0
281,Linear,Tonic,0.15,0.32184500077749223,1.8629341595038247,0.014077006731713533,1.68,1.0
282,Linear,Tonic,0.15,0.33103415852237966,1.859005570938894,0.016004218663413408,1.76,1.0
283,Linear,Tonic,0.15,0.30141635038560344,1.8870054040081545,0.007049243794650892,1.6400000000000001,1.0
284,Linear,Tonic,0.15,0.327134975806914,1.9020278291072925,0.015584735072641492,1.7,1.0
285,Linear,Tonic,0.15,0.3231332144919316,1.8069465955860513,0.008100991446892037,1.74,1.0
286,Linear,Tonic,0.15,0.34539190897675076,1.8269229919843097,0.013342142365762413,1.6400000000000001,1.0
287,Linear,Tonic,0.15,0.30544662878315115,1.758951873892652,0.00562719687808941,1.74,1.0
288,Linear,Tonic,0.15,0.36853273986564794,1.9558566608505776,0.02388443946745955,1.8,1.0
289,Linear,Tonic,0.15,0.316929021315866,1.841545366921235,0.010258641602498862,1.7,1.0
290,Linear,Tonic,0.15,0.30999223036589646,1.8756008687375585,0.009724622787304668,1.6600000000000001,1.0
291,Linear,Tonic,0.15,0.33271795678218186,1.8325949111758877,0.01164364061230204,1.6600000000000001,1.0
292,Linear,Tonic,0.15,0.32586349516525615,1.7899188869616625,0.007979662676217305,1.68,1.0
293,Linear,Tonic,0.15,0.3294263054869324,1.946855478524179,0.02143087126468566,1.6400000000000001,1.0
294,Linear,Tonic,0.15,0.30907903864989994,1.723701805759374,0.0038165581552128615,1.6400000000000001,1.0
295,Linear,Tonic,0.15,0.3295684050268835,1.9228160269122525,0.014903531876461044,1.6600000000000001,1.0
296,Linear,Tonic,0.15,0.3047540730797062,1.8554015274596327,0.008108975958503309,1.62,1.0
297,Linear,Tonic,0.15,0.38107874044510537,1.9275958612595023,0.028385148759038793,1.7,1.0
298,Linear,Tonic,0.15,0.303345124302297,1.8596599254606425,0.011475368601049652,1.6400000000000001,1.0
299,Linear,Tonic,0.15,0.30490671483225085,1.8302054280957116,0.007022998959635047,1.68,1.0
0,Michaelis-Menten,Tonic,0.15,0.3179181506571551,2.0188096929976567,0.019106256323204767,1.6600000000000001,1.0
1,Michaelis-Menten,Tonic,0.15,0.31052924399366555,1.9812535588356344,0.014592416273852268,1.7,1.0
2,Michaelis-Menten,Tonic,0.15,0.30299438170741905,1.9628559211381513,0.012427952118198183,1.74,1.0
3,Michaelis-Menten,Tonic,0.15,0.35883864166384777,1.9677806480524713,0.023430458044635383,1.68,1.0
4,Michaelis-Menten,Tonic,0.15,0.3399368603017622,1.9766347994985223,0.012310091277713518,1.6,1.0
5,Michaelis-Menten,Tonic,0.15,0.33530650102620263,1.920724884181397,0.012751535640349284,1.6400000000000001,1.0
6,Michaelis-Menten,Tonic,0.15,0.34728870532839134,1.8374216162401493,0.010372627315563559,1.54,1.0
7,Michaelis-Menten,Tonic,0.15,0.3160535306455711,1.9942758129058686,0.0130826943402368,1.54,1.0
8,Michaelis-Menten,Tonic,0.15,0.3168549071030557,2.0057067612671786,0.01322408104722579,1.7,1.0
9,Michaelis-Menten,Tonic,0.15,0.38618011544263586,2.072773760626616,0.029841620233622357,1.58,1.0
10,Michaelis-Menten,Tonic,0.15,0.3158001302826737,1.9327092894317444,0.008917373437426214,1.7,1.0
11,Michaelis-Menten,Tonic,0.15,0.3551893824319067,2.0632703421195995,0.0230475609983537,1.68,1.0
12,Michaelis-Menten,Tonic,0.15,0.32391636131043117,1.9701304697483326,0.011604753468056039,1.58,1.0
13,Michaelis-Menten,Tonic,0.15,0.36353148370448013,1.9436391607834973,0.017648898108944242,1.58,1.0
14,Michaelis-Menten,Tonic,0.15,0.3073654558276096,1.8440683622518066,0.00863954845532962,1.6,1.0
15,Michaelis-Menten,Tonic,0.15,0.32486058962379327,1.9963292644936026,0.01796905770202743,1.76,1.0
16,Michaelis-Menten,Tonic,0.15,0.31813433599506186,1.88979371049893,0.009706458594170641,1.72,1.0
17,Michaelis-Menten,Tonic,0.15,0.5272835836338484,2.2119505389204703,0.07245032047591475,1.62,1.0
18,Michaelis-Menten,Tonic,0.15,0.32848906832233593,2.0338397555538643,0.017333248416865545,1.72,1.0
19,Michaelis-Menten,Tonic,0.15,0.32275176206497685,1.9767350725814457,0.014856434541415324,1.76,1.0
20,Michaelis-Menten,Tonic,0.15,0.3603883918738554,1.9419802216595543,0.01765038338827695,1.54,1.0
21,Michaelis-Menten,Tonic,0.15,0.31056853291648634,2.007824857343006,0.015316087281732156,1.7,1.0
22,Michaelis-Menten,Tonic,0.15,0.2973306650695231,1.8552643693310507,0.00382425746707195,1.6400000000000001,1.0
23,Michaelis-Menten,Tonic,0.15,0.33024997572422016,2.0486387913012556,0.013625855449127066,1.68,1.0
24,Michaelis-Menten,Tonic,0.15,0.3423235248557423,2.0981623220659293,0.024470199382000544,1.6400000000000001,1.0
25,Michaelis-Menten,Tonic,0.15,0.3462592792360627,2.065050891991494,0.017835926118495354,1.6,1.0
26,Michaelis-Menten,Tonic,0.15,0.3116662319256631,1.9695430152698525,0.012308753748891569,1.74,1.0
27,Michaelis-Menten,Tonic,0.15,0.33044656008509865,1.9043683762747157,0.012437616820176415,1.68,1.0
28,Michaelis-Menten,Tonic,0.15,0.3507544083164678,1.9287570225246826,0.022105585072249526,1.68,1.0
29,Michaelis-Menten,Tonic,0.15,0.30806239665222757,1.8243273102707023,0.005353707884829961,1.74,1.0
30,Michaelis-Menten,Tonic,0.15,0.3062641031453023,1.9784888664904954,0.010792179276484987,1.6600000000000001,1.0
31,Michaelis-Menten,Tonic,0.15,0.395992958925063,2.1139781291542374,0.030538859586234403,1.86,1.0
32,Michaelis-Menten,Tonic,0.15,0.3579404426411741,2.063165620402059,0.026522539665211547,1.6400000000000001,1.0
33,Michaelis-Menten,Tonic,0.15,0.3314665997458108,1.944141508756051,0.0089264160796481,1.62,1.0
34,Michaelis-Menten,Tonic,0.15,0.34202911385036655,2.040158076127394,0.020217157636434828,1.68,1.0
35,Michaelis-Menten,Tonic,0.15,0.3454352439404144,1.9881872425008662,0.01827866152406465,1.6600000000000001,1.0
36,Michaelis-Menten,Tonic,0.15,0.34582318648775945,2.034357473268659,0.014979083323260948,1.68,1.0
37,Michaelis-Menten,Tonic,0.15,0.3536556784900034,1.880630331961181,0.017543543382497653,1.62,1.0
38,Michaelis-Menten,Tonic,0.15,0.3047296334926176,1.9713336500125558,0.009024044870635137,1.6400000000000001,1.0
39,Michaelis-Menten,Tonic,0.15,0.33207253159827327,2.058068197683287,0.01778120238963252,1.6400000000000001,1.0
40,Michaelis-Menten,Tonic,0.15,0.3387845525821451,1.9615563041034765,0.013844921684007482,1.62,1.0
41,Michaelis-Menten,Tonic,0.15,0.31035903871396464,1.791694890223066,0.004396428989575474,1.6600000000000001,1.0
42,Michaelis-Menten,Tonic,0.15,0.30757271685132265,1.920561826341577,0.00829361255682974,1.6,1.0
43,Michaelis-Menten,Tonic,0.15,0.36458246437841185,2.12117316574166,0.031101999053062563,1.62,1.0
44,Michaelis-Menten,Tonic,0.15,0.3318261147080354,2.015983888413517,0.021396731565147833,1.6,1.0
45,Michaelis-Menten,Tonic,0.15,0.3280589720984599,1.9436357086882048,0.015481241164727556,1.58,1.0
46,Michaelis-Menten,Tonic,0.15,0.2921995172290078,1.9430109236808122,0.009365412216032513,1.54,1.0
47,Michaelis-Menten,Tonic,0.15,0.32427455752925644,1.930525588253374,0.009844550315199568,1.6,1.0
48,Michaelis-Menten,Tonic,0.15,0.37114660312736636,1.9567873432194236,0.019808238922834034,1.54,1.0
49,Michaelis-Menten,Tonic,0.15,0.34587419141861747,2.003723726929341,0.01638695651945441,1.74,1.0
50,Michaelis-Menten,Tonic,0.15,0.3182860411059607,1.90977113391481,0.010698649495760439,1.68,1.0
51,Michaelis-Menten,Tonic,0.15,0.3007216751088792,1.9621220903944347,0.010053750291539454,1.62,1.0
52,Michaelis-Menten,Tonic,0.15,0.3547789132432241,2.0107721864087167,0.02024796479509279,1.54,1.0
53,Michaelis-Menten,Tonic,0.15,0.3327083478201279,1.9461120509327885,0.013728119773530443,1.7,1.0
54,Michaelis-Menten,Tonic,0.15,0.31287770767236706,1.8795124903844682,0.007612317067240446,1.72,1.0
55,Michaelis-Menten,Tonic,0.15,0.3358704009217594,1.9464996007598656,0.015403759576792,1.76,1.0
56,Michaelis-Menten,Tonic,0.15,0.3166725093774605,1.7966378002271606,0.00580460568418351,1.56,1.0
57,Michaelis-Menten,Tonic,0.15,0.3394211052180074,1.875106330209103,0.013776954457279587,1.52,1.0
58,Michaelis-Menten,Tonic,0.15,0.3317934388339597,1.9805596232398683,0.016625571653915705,1.6400000000000001,1.0
59,Michaelis-Menten,Tonic,0.15,0.30518165372175815,1.976971113827991,0.01357047141555008,1.7,1.0
60,Michaelis-Menten,Tonic,0.15,0.3176987167322269,2.0075161168703795,0.011317927448108799,1.7,1.0
61,Michaelis-Menten,Tonic,0.15,0.3189550163255532,1.8783780089024191,0.00940943744855613,1.68,1.0
62,Michaelis-Menten,Tonic,0.15,0.3484741624801605,1.9357220005754405,0.015985545330070718,1.76,1.0
63,Michaelis-Menten,Tonic,0.15,0.33248547441685966,2.0634181846779547,0.019817053153882408,1.7,1.0
64,Michaelis-Menten,Tonic,0.15,0.3024865243977471,1.91438937146765,0.005856275815653369,1.6,1.0
65,Michaelis-Menten,Tonic,0.15,0.3177313948418084,2.116073581683059,0.02200045139063209,1.72,1.0
66,Michaelis-Menten,Tonic,0.15,0.33408237616177866,1.950580564194981,0.0117109726876755,1.6400000000000001,1.0
67,Michaelis-Menten,Tonic,0.15,0.32780454577265705,1.9519715732626346,0.011020606201691957,1.6400000000000001,1.0
68,Michaelis-Menten,Tonic,0.15,0.38702262579377195,2.0100714250909317,0.026633369604568764,1.6,1.0
69,Michaelis-Menten,Tonic,0.15,0.3179806449933288,1.9915888006969986,0.01651354638897979,1.68,1.0
70,Michaelis-Menten,Tonic,0.15,0.30233203937161207,1.9513668246205613,0.009806037552594609,1.6,1.0
71,Michaelis-Menten,Tonic,0.15,0.270982009990042,1.9097404133632108,0.002640096691280689,1.7,1.0
72,Michaelis-Menten,Tonic,0.15,0.3517602897930196,1.9972427355923932,0.023760769158280893,1.6,1.0
73,Michaelis-Menten,Tonic,0.15,0.3128876951676962,1.8817479462395625,0.008342344334624139,1.6600000000000001,1.0
74,Michaelis-Menten,Tonic,0.15,0.3960512821360066,2.1347893192059515,0.045480001352046766,1.68,1.0
75,Michaelis-Menten,Tonic,0.15,0.29661546717104625,1.9240848997809377,0.0065630601154097355,1.58,1.0
76,Michaelis-Menten,Tonic,0.15,0.3527900946449953,2.0650451902018316,0.02460446744473955,1.6,1.0
77,Michaelis-Menten,Tonic,0.15,0.31759824165084743,1.8435610345590008,0.006110633666268696,1.6400000000000001,1.0
78,Michaelis-Menten,Tonic,0.15,0.3301820981856115,1.984835604758595,0.017880507366749107,1.6400000000000001,1.0
79,Michaelis-Menten,Tonic,0.15,0.30654774803940366,2.012472152632738,0.01260159455382278,1.6400000000000001,1.0
80,Michaelis-Menten,Tonic,0.15,0.3138024333511376,1.9375641558566776,0.01235395547254122,1.6600000000000001,1.0
81,Michaelis-Menten,Tonic,0.15,0.3095821503293601,1.8790120901760936,0.009158475062226222,1.68,1.0
82,Michaelis-Menten,Tonic,0.15,0.3197510556747378,2.0865327630475163,0.017507866940050684,1.7,1.0
83,Michaelis-Menten,Tonic,0.15,0.3328357240057385,1.9645024970583629,0.01487134605396873,1.72,1.0
84,Michaelis-Menten,Tonic,0.15,0.34469907864004895,1.9307204431109157,0.013696481176989237,1.54,1.0
85,Michaelis-Menten,Tonic,0.15,0.30081585119629783,1.9962471471100245,0.011523308869424055,1.72,1.0
86,Michaelis-Menten,Tonic,0.15,0.2900797634285217,1.8714217783037077,0.004052358306033749,1.68,1.0
87,Michaelis-Menten,Tonic,0.15,0.2997960557842669,1.9566339833400934,0.008714584816807307,1.62,1.0
88,Michaelis-Menten,Tonic,0.15,0.3061114484996228,1.8948629477733971,0.007328448464710579,1.62,1.0
89,Michaelis-Menten,Tonic,0.15,0.30592029677274096,1.879108713195125,0.007160760304016678,1.62,1.0
90,Michaelis-Menten,Tonic,0.15,0.3530829188663552,1.9319404949637087,0.014445426150842183,1.7,1.0
91,Michaelis-Menten,Tonic,0.15,0.3464250966842399,1.9577781014232658,0.015516046899348603,1.5,1.0
92,Michaelis-Menten,Tonic,0.15,0.31908905007703786,1.9815502547532298,0.010038690393206037,1.68,1.0
93,Michaelis-Menten,Tonic,0.15,0.3195649648478446,1.877646492149394,0.008648285223825197,1.68,1.0
94,Michaelis-Menten,Tonic,0.15,0.3206235967845419,1.9101444925978575,0.009978014937798528,1.72,1.0
95,Michaelis-Menten,Tonic,0.15,0.33074138264191383,2.047324683553462,0.01822785002901736,1.6400000000000001,1.0
96,Michaelis-Menten,Tonic,0.15,0.34704586417896494,2.0020901498290504,0.02293235429111633,1.56,1.0
97,Michaelis-Menten,Tonic,0.15,0.30574056998505195,1.9876809228885763,0.011918014692970802,1.58,1.0
98,Michaelis-Menten,Tonic,0.15,0.27971818004398136,1.8877440416032583,0.0036069251943386484,1.68,1.0
99,Michaelis-Menten,Tonic,0.15,0.30672429253227823,1.9025823756309523,0.011367774837736757,1.74,1.0
100,Michaelis-Menten,Tonic,0.15,0.3027735468753824,1.9616967037423247,0.011860640911697425,1.74,1.0
101,Michaelis-Menten,Tonic,0.15,0.29839424510750834,1.8984214611809567,0.007020592635691095,1.56,1.0
102,Michaelis-Menten,Tonic,0.15,0.29849994475267877,2.028273728530653,0.012915184629364957,1.72,1.0
103,Michaelis-Menten,Tonic,0.15,0.3213168390523347,2.0289012338494286,0.01706758608687055,1.6,1.0
104,Michaelis-Menten,Tonic,0.15,0.30401747444447685,1.9503261701251973,0.008695117340153227,1.6,1.0
105,Michaelis-Menten,Tonic,0.15,0.3476990949938553,2.041868686381203,0.02029636365484977,1.52,1.0
106,Michaelis-Menten,Tonic,0.15,0.32560131102687345,2.062318869659513,0.01897463057475613,1.6400000000000001,1.0
107,Michaelis-Menten,Tonic,0.15,0.310816924145109,1.9516509580921013,0.011567465228906677,1.62,1.0
108,Michaelis-Menten,Tonic,0.15,0.36919701814473055,1.9467210858421307,0.016310654608263548,1.82,1.0
109,Michaelis-Menten,Tonic,0.15,0.32077569267089534,2.0487856258967883,0.019795119216020444,1.6400000000000001,1.0
110,Michaelis-Menten,Tonic,0.15,0.3232065527176949,2.020408028842915,0.015592976224962278,1.7,1.0
111,Michaelis-Menten,Tonic,0.15,0.2990924557210244,1.9287404619770283,0.009311510112627869,1.62,1.0
112,Michaelis-Menten,Tonic,0.15,0.35783051165898716,2.0613163702117,0.024087978354396973,1.68,1.0
113,Michaelis-Menten,Tonic,0.15,0.28912350168832723,1.9420874259708205,0.006821007110447545,1.62,1.0
114,Michaelis-Menten,Tonic,0.15,0.28533459413928297,1.9236521721159359,0.0037266217329682614,1.58,1.0
115,Michaelis-Menten,Tonic,0.15,0.33307668796849804,2.0131234557778184,0.01450790547372973,1.6400000000000001,1.0
116,Michaelis-Menten,Tonic,0.15,0.3467558806051908,2.1431550427164057,0.024140577175262717,1.6400000000000001,1.0
117,Michaelis-Menten,Tonic,0.15,0.3330029350301211,1.9506994903059165,0.016799268109741205,1.76,1.0
118,Michaelis-Menten,Tonic,0.15,0.29553902486973593,1.9051891111939427,0.007109011493428511,1.52,1.0
119,Michaelis-Menten,Tonic,0.15,0.31522724605702784,2.016497548342261,0.011065053255636814,1.76,1.0
120,Michaelis-Menten,Tonic,0.15,0.3343911382719737,2.003642437085129,0.014007730022819161,1.68,1.0
121,Michaelis-Menten,Tonic,0.15,0.333061770144756,1.9903814655075873,0.02176024847981078,1.6400000000000001,1.0
122,Michaelis-Menten,Tonic,0.15,0.35113419164371007,2.0484805726309028,0.023285436490958385,1.72,1.0
123,Michaelis-Menten,Tonic,0.15,0.3780498273668025,2.018383025528417,0.026959142721538095,1.6400000000000001,1.0
124,Michaelis-Menten,Tonic,0.15,0.2873882339725676,1.8438914320623174,0.004990041015174903,1.6,1.0
125,Michaelis-Menten,Tonic,0.15,0.33019367063283334,1.9923909129634516,0.017834025752702497,1.62,1.0
126,Michaelis-Menten,Tonic,0.15,0.3133126265722525,2.0096959038651923,0.013992152211359715,1.76,1.0
127,Michaelis-Menten,Tonic,0.15,0.3072542789356083,1.9134514289423892,0.007830915615615698,1.62,1.0
128,Michaelis-Menten,Tonic,0.15,0.3227289597599092,2.0425794383230684,0.02014661171100078,1.6600000000000001,1.0
129,Michaelis-Menten,Tonic,0.15,0.365096697830199,1.9653758445501757,0.022740696248965495,1.62,1.0
130,Michaelis-Menten,Tonic,0.15,0.27285803384670515,1.858177301504608,0.0016310814514907722,1.6400000000000001,1.0
131,Michaelis-Menten,Tonic,0.15,0.35089607244761295,1.933174060307779,0.015099558686446813,1.58,1.0
132,Michaelis-Menten,Tonic,0.15,0.29806031586175136,1.9967188421377131,0.011808125135199887,1.6600000000000001,1.0
133,Michaelis-Menten,Tonic,0.15,0.3607016522760228,2.0903519811645364,0.02423402095615697,1.68,1.0
134,Michaelis-Menten,Tonic,0.15,0.419109625069263,2.0644135327603887,0.03760562190141109,1.74,1.0
135,Michaelis-Menten,Tonic,0.15,0.3819283678127565,1.8991098236453992,0.024863748161246292,1.6400000000000001,1.0
136,Michaelis-Menten,Tonic,0.15,0.3017438067830449,2.002979818565859,0.01109937166455866,1.6400000000000001,1.0
137,Michaelis-Menten,Tonic,0.15,0.32116215355619837,1.8951404672220555,0.01048888573767984,1.6400000000000001,1.0
138,Michaelis-Menten,Tonic,0.15,0.32482004603371517,1.963198320014969,0.019667456410112374,1.62,1.0
139,Michaelis-Menten,Tonic,0.15,0.3711923300211961,2.0375590625972806,0.03648206199290586,1.6,1.0
140,Michaelis-Menten,Tonic,0.15,0.3214714517101249,1.894601028259957,0.011521518422828933,1.7,1.0
141,Michaelis-Menten,Tonic,0.15,0.29537169133261854,1.8857097740421522,0.005862780738737616,1.6,1.0
142,Michaelis-Menten,Tonic,0.15,0.29480596955191174,1.8646512577535859,0.006906460122161451,1.72,1.0
143,Michaelis-Menten,Tonic,0.15,0.34167899774746846,1.9265946295379268,0.011601234810261065,1.52,1.0
144,Michaelis-Menten,Tonic,0.15,0.32269728300695255,2.042272586036583,0.021986683989611133,1.76,1.0
145,Michaelis-Menten,Tonic,0.15,0.32194953425426476,1.9341143825656795,0.013938937155019565,1.7,1.0
146,Michaelis-Menten,Tonic,0.15,0.3079381709427386,1.9058935471960503,0.0090442441085031,1.6400000000000001,1.0
147,Michaelis-Menten,Tonic,0.15,0.3132936283286198,1.976621298325933,0.011366858821797145,1.6400000000000001,1.0
148,Michaelis-Menten,Tonic,0.15,0.33060237985764285,1.9646774977923303,0.014788931904953428,1.68,1.0
149,Michaelis-Menten,Tonic,0.15,0.33183842319714785,2.009532977901118,0.0187239066775857,1.68,1.0
150,Michaelis-Menten,Tonic,0.15,0.3523436413202539,1.9514534063811506,0.016594541618750916,1.72,1.0
151,Michaelis-Menten,Tonic,0.15,0.3339341374632059,2.0139588011453187,0.019856339181788297,1.68,1.0
152,Michaelis-Menten,Tonic,0.15,0.33506081789571734,2.021256282517103,0.017240144262775887,1.54,1.0
153,Michaelis-Menten,Tonic,0.15,0.29234741132301284,1.9319304690945542,0.0049138290785826775,1.6400000000000001,1.0
154,Michaelis-Menten,Tonic,0.15,0.305749917349583,1.9783753151082708,0.011155195679711249,1.7,1.0
155,Michaelis-Menten,Tonic,0.15,0.29785341965042483,1.8205918216291859,0.005816729023200976,1.48,1.0
156,Michaelis-Menten,Tonic,0.15,0.3226941237208561,2.0645666963338907,0.02054692470291424,1.62,1.0
157,Michaelis-Menten,Tonic,0.15,0.409651382974838,1.979582395913586,0.023802116229365365,1.72,1.0
158,Michaelis-Menten,Tonic,0.15,0.33146517363220707,1.984868670166169,0.016879969164636764,1.54,1.0
159,Michaelis-Menten,Tonic,0.15,0.30374146920726597,1.931987639036148,0.006498187203149724,1.7,1.0
160,Michaelis-Menten,Tonic,0.15,0.27265764857409464,1.8401023681689388,0.002846115454055751,1.6400000000000001,1.0
161,Michaelis-Menten,Tonic,0.15,0.3414792628757572,1.923520752206242,0.015667986008656976,1.6600000000000001,1.0
162,Michaelis-Menten,Tonic,0.15,0.3002493749329875,1.9203916093282416,0.008262508086141485,1.74,1.0
163,Michaelis-Menten,Tonic,0.15,0.3109276949692431,2.029422093661734,0.010843560989868451,1.68,1.0
164,Michaelis-Menten,Tonic,0.15,0.35921397684023243,2.0622003546376506,0.024816397296920038,1.68,1.0
165,Michaelis-Menten,Tonic,0.15,0.30100329817409505,2.015412348775126,0.009976610164539936,1.7,1.0
166,Michaelis-Menten,Tonic,0.15,0.3620737441437818,2.014915381717371,0.021761138686617654,1.62,1.0
167,Michaelis-Menten,Tonic,0.15,0.33473578339826654,2.0154563315822633,0.016660953502774047,1.6,1.0
168,Michaelis-Menten,Tonic,0.15,0.33039102071902476,1.954058447186852,0.018574026680598283,1.62,1.0
169,Michaelis-Menten,Tonic,0.15,0.29951529115768555,1.824725124786808,0.0037777876108894765,1.54,1.0
170,Michaelis-Menten,Tonic,0.15,0.39885933691484105,2.101656421713391,0.043674720402944366,1.6600000000000001,1.0
171,Michaelis-Menten,Tonic,0.15,0.3295921586279871,2.0067211432876846,0.015436442185573877,1.7,1.0
172,Michaelis-Menten,Tonic,0.15,0.29948177219438404,1.9793292287678939,0.010211412499214544,1.62,1.0
173,Michaelis-Menten,Tonic,0.15,0.3797193343680252,2.0179155766527015,0.02497591324487625,1.72,1.0
174,Michaelis-Menten,Tonic,0.15,0.2916321541338122,1.924481528878501,0.006591775113249641,1.72,1.0
175,Michaelis-Menten,Tonic,0.15,0.3092894592886513,2.021428443916524,0.012547263080353853,1.6,1.0
176,Michaelis-Menten,Tonic,0.15,0.31470052118826813,1.9303403553865954,0.010166906863607614,1.6600000000000001,1.0
177,Michaelis-Menten,Tonic,0.15,0.352461890889783,2.0053222317096693,0.017059601728532044,1.6600000000000001,1.0
178,Michaelis-Menten,Tonic,0.15,0.31808308824663106,1.9227419503214882,0.01282757227298354,1.62,1.0
179,Michaelis-Menten,Tonic,0.15,0.3302517203363268,2.0173355866237976,0.023611977793762003,1.72,1.0
180,Michaelis-Menten,Tonic,0.15,0.3210187153785468,1.9839038237575484,0.01455049836803636,1.6600000000000001,1.0
181,Michaelis-Menten,Tonic,0.15,0.35915234523003864,1.924728341717839,0.017083043484463704,1.7,1.0
182,Michaelis-Menten,Tonic,0.15,0.35070268735648047,1.9869972996983962,0.0213744174941051,1.74,1.0
183,Michaelis-Menten,Tonic,0.15,0.32930314341515515,2.074596505460249,0.018331649977360524,1.76,1.0
184,Michaelis-Menten,Tonic,0.15,0.3041891332101131,1.9563666698223983,0.0074720398151568316,1.62,1.0
185,Michaelis-Menten,Tonic,0.15,0.29476850045051023,1.8993815787444654,0.00533069594639467,1.6600000000000001,1.0
186,Michaelis-Menten,Tonic,0.15,0.3262845608305984,2.1409331064812753,0.02242552766209399,1.6400000000000001,1.0
187,Michaelis-Menten,Tonic,0.15,0.30472358784632286,1.9634167506015459,0.0071018121944274705,1.68,1.0
188,Michaelis-Menten,Tonic,0.15,0.3380526028181781,1.8559777859685795,0.012455330823213423,1.7,1.0
189,Michaelis-Menten,Tonic,0.15,0.2981406156300316,1.822792083696356,0.005690707471813072,1.74,1.0
190,Michaelis-Menten,Tonic,0.15,0.331052494054612,1.9802562115962614,0.012483182394806877,1.6600000000000001,1.0
191,Michaelis-Menten,Tonic,0.15,0.33729667279127273,1.9497848092677001,0.017118321102340243,1.6400000000000001,1.0
192,Michaelis-Menten,Tonic,0.15,0.31757471027658063,2.003433795203535,0.00996054513495728,1.6,1.0
193,Michaelis-Menten,Tonic,0.15,0.2889099138087124,1.8886477397067774,0.0045716092014738965,1.7,1.0
194,Michaelis-Menten,Tonic,0.15,0.3055024236626059,2.0291967533977173,0.010142192104095974,1.6,1.0
195,Michaelis-Menten,Tonic,0.15,0.366928099710817,1.9652026027129093,0.02275613207104105,1.7,1.0
196,Michaelis-Menten,Tonic,0.15,0.352570390641442,2.01018294136515,0.016717123743735265,1.62,1.0
197,Michaelis-Menten,Tonic,0.15,0.33082092408353586,1.9077943286694397,0.012065679895987485,1.6,1.0
198,Michaelis-Menten,Tonic,0.15,0.3280644406907331,1.9738320984476647,0.013989067199436314,1.58,1.0
199,Michaelis-Menten,Tonic,0.15,0.2801393077075356,1.9097869077254426,0.004462035600922517,1.6400000000000001,1.0
200,Michaelis-Menten,Tonic,0.15,0.3031667376192185,1.9213472444970583,0.007032041606103143,1.6,1.0
201,Michaelis-Menten,Tonic,0.15,0.3351410009662725,1.9451785004418412,0.013914055654226083,1.62,1.0
202,Michaelis-Menten,Tonic,0.15,0.34873257700545457,1.9370591318681596,0.01491109486370374,1.58,1.0
203,Michaelis-Menten,Tonic,0.15,0.3075299788184687,1.9949161960845239,0.00831231574131088,1.62,1.0
204,Michaelis-Menten,Tonic,0.15,0.3239554795338983,1.8949251138356287,0.009695382759378467,1.7,1.0
205,Michaelis-Menten,Tonic,0.15,0.36889069212485526,2.0381733250164804,0.026086447568598747,1.6400000000000001,1.0
206,Michaelis-Menten,Tonic,0.15,0.3465262652355978,2.0220139917486377,0.019002925201625935,1.7,1.0
207,Michaelis-Menten,Tonic,0.15,0.31464023641887995,1.897259701072737,0.005632760616024952,1.6400000000000001,1.0
208,Michaelis-Menten,Tonic,0.15,0.39011566542796483,2.056847601869226,0.026095030333605662,1.68,1.0
209,Michaelis-Menten,Tonic,0.15,0.3306584448801682,2.0429268858177423,0.014723886595567937,1.74,1.0
210,Michaelis-Menten,Tonic,0.15,0.31014295725950636,2.0107924689201653,0.010314051447112295,1.68,1.0
211,Michaelis-Menten,Tonic,0.15,0.27966636717323234,1.8047297415457992,0.002412012272199447,1.62,1.0
212,Michaelis-Menten,Tonic,0.15,0.28871086385105216,1.8804785152082804,0.006996592484688381,1.6,1.0
213,Michaelis-Menten,Tonic,0.15,0.34815030877573633,2.162333915848036,0.03719051405701219,1.68,1.0
214,Michaelis-Menten,Tonic,0.15,0.2899044397373716,1.971865799671702,0.007184851611191965,1.56,1.0
215,Michaelis-Menten,Tonic,0.15,0.3407535626303645,1.912229611334166,0.011874673752998758,1.62,1.0
216,Michaelis-Menten,Tonic,0.15,0.3800183572490528,2.161684610403843,0.034471416610674176,1.74,1.0
217,Michaelis-Menten,Tonic,0.15,0.3266743154292109,1.983211480331847,0.016530814470440157,1.6600000000000001,1.0
218,Michaelis-Menten,Tonic,0.15,0.34593392016264146,1.847014407189183,0.010820707099289504,1.58,1.0
219,Michaelis-Menten,Tonic,0.15,0.3719494086427036,1.985821064487649,0.02137164167685433,1.6400000000000001,1.0
220,Michaelis-Menten,Tonic,0.15,0.3388455807064203,2.022718517783442,0.02304713661212286,1.6400000000000001,1.0
221,Michaelis-Menten,Tonic,0.15,0.33051972986358424,2.032539428112294,0.016119803242384587,1.7,1.0
222,Michaelis-Menten,Tonic,0.15,0.2793577387916117,1.8596424010011114,0.003031769422624567,1.56,1.0
223,Michaelis-Menten,Tonic,0.15,0.32744922192194437,1.9438991818243019,0.016966157010254748,1.78,1.0
224,Michaelis-Menten,Tonic,0.15,0.3151754001095348,1.9951500619503189,0.013276226410829555,1.7,1.0
225,Michaelis-Menten,Tonic,0.15,0.32914220143742295,2.0684094871527647,0.016990210090680368,1.6600000000000001,1.0
226,Michaelis-Menten,Tonic,0.15,0.31747226758570013,2.012374373126396,0.013846372640114363,1.6400000000000001,1.0
227,Michaelis-Menten,Tonic,0.15,0.33263681964550146,1.9069162074979082,0.013960358869591103,1.68,1.0
228,Michaelis-Menten,Tonic,0.15,0.3391405357691222,1.974716844854124,0.011949109392337433,1.68,1.0
229,Michaelis-Menten,Tonic,0.15,0.33350570530112966,2.0360967687205442,0.01782017428248164,1.6400000000000001,1.0
230,Michaelis-Menten,Tonic,0.15,0.34423794780763406,1.8799965176277154,0.011929302108832671,1.72,1.0
231,Michaelis-Menten,Tonic,0.15,0.364965447868767,2.08592225556031,0.03218265412327826,1.8,1.0
232,Michaelis-Menten,Tonic,0.15,0.29370087714264836,1.9088092338551785,0.006916660430014062,1.7,1.0
233,Michaelis-Menten,Tonic,0.15,0.2869552176160026,1.9911309386885496,0.007767241509644161,1.68,1.0
234,Michaelis-Menten,Tonic,0.15,0.35150569958930966,2.0197490861219687,0.027472119079293946,1.78,1.0
235,Michaelis-Menten,Tonic,0.15,0.337393972784371,2.0084161723226184,0.018123896302480458,1.6600000000000001,1.0
236,Michaelis-Menten,Tonic,0.15,0.3372736851365683,1.9177842564219287,0.013087928704604821,1.58,1.0
237,Michaelis-Menten,Tonic,0.15,0.31606611338333673,1.8905350713433102,0.006439851397409765,1.6600000000000001,1.0
238,Michaelis-Menten,Tonic,0.15,0.38260910187178765,2.038974265334656,0.028830851408684237,1.6,1.0
239,Michaelis-Menten,Tonic,0.15,0.3215579409288096,2.0279656022259274,0.013723076055069111,1.72,1.0
240,Michaelis-Menten,Tonic,0.15,0.31683840842487826,1.9931899604206216,0.01333536204102903,1.62,1.0
241,Michaelis-Menten,Tonic,0.15,0.35408948772735443,2.0468776173403116,0.020459200022506785,1.62,1.0
242,Michaelis-Menten,Tonic,0.15,0.3468344108829814,2.0858608205991267,0.02295158319373833,1.72,1.0
243,Michaelis-Menten,Tonic,0.15,0.37325651116682,2.094184194128076,0.03637297957951987,1.72,1.0
244,Michaelis-Menten,Tonic,0.15,0.3157958177986875,1.9406901113651591,0.010600407626563816,1.7,1.0
245,Michaelis-Menten,Tonic,0.15,0.3438857679814362,1.9271859913033162,0.016893987216191522,1.78,1.0
246,Michaelis-Menten,Tonic,0.15,0.32527673665443096,1.9403679329656125,0.016632183806779957,1.7,1.0
247,Michaelis-Menten,Tonic,0.15,0.3747588161387207,1.9858850451658616,0.018459181641154586,1.6,1.0
248,Michaelis-Menten,Tonic,0.15,0.3068297929522971,2.02884106496894,0.012758231855296988,1.74,1.0
249,Michaelis-Menten,Tonic,0.15,0.3396234610476834,1.9395160999161871,0.018967595691997487,1.58,1.0
250,Michaelis-Menten,Tonic,0.15,0.3552414903836617,2.068697254737969,0.028063801724650207,1.82,1.0
251,Michaelis-Menten,Tonic,0.15,0.35491117255939536,1.9340420866288763,0.01800842866587869,1.54,1.0
252,Michaelis-Menten,Tonic,0.15,0.31687346921393833,2.0455597375149894,0.016418331359485512,1.6400000000000001,1.0
253,Michaelis-Menten,Tonic,0.15,0.32764726555859636,1.8715301226683378,0.010171330213747979,1.56,1.0
254,Michaelis-Menten,Tonic,0.15,0.3683887279682611,2.006390475726958,0.025641505846809357,1.82,1.0
255,Michaelis-Menten,Tonic,0.15,0.3941560482324287,2.0812386236171014,0.031607419411096675,1.62,1.0
256,Michaelis-Menten,Tonic,0.15,0.3607458828869012,1.9167345684191295,0.014783161565017194,1.62,1.0
257,Michaelis-Menten,Tonic,0.15,0.2821902749590218,1.9506583856875213,0.005014671117695071,1.62,1.0
258,Michaelis-Menten,Tonic,0.15,0.31208267345343577,1.9250637885594322,0.013312385485621928,1.6,1.0
259,Michaelis-Menten,Tonic,0.15,0.3077884349323276,1.8789694719108916,0.007630487315025919,1.52,1.0
260,Michaelis-Menten,Tonic,0.15,0.3077229482194024,1.8576261388614603,0.005092314613719181,1.56,1.0
261,Michaelis-Menten,Tonic,0.15,0.30441649043971497,1.9319436148822058,0.008578263979976774,1.7,1.0
262,Michaelis-Menten,Tonic,0.15,0.3057032709473263,1.9918656453984245,0.010006279641645991,1.42,1.0
263,Michaelis-Menten,Tonic,0.15,0.3772628482283124,1.9809459169656498,0.022038231091742598,1.56,1.0
264,Michaelis-Menten,Tonic,0.15,0.30368170886254686,2.0219804256650313,0.010018692292991696,1.58,1.0
265,Michaelis-Menten,Tonic,0.15,0.34164794529805725,1.9445107877761565,0.01156147717309697,1.6600000000000001,1.0
266,Michaelis-Menten,Tonic,0.15,0.3333299889221428,2.0814634459154226,0.02901474297722743,1.76,1.0
267,Michaelis-Menten,Tonic,0.15,0.3211642493082653,1.9837706745643786,0.01790800594416982,1.6,1.0
268,Michaelis-Menten,Tonic,0.15,0.30444077766840255,1.9628029776337659,0.01247204396069725,1.58,1.0
269,Michaelis-Menten,Tonic,0.15,0.3303520585156078,2.049278046370682,0.018260873477939674,1.78,1.0
270,Michaelis-Menten,Tonic,0.15,0.3789070096534947,1.9022298163443476,0.017612434342630198,1.6,1.0
271,Michaelis-Menten,Tonic,0.15,0.29662012511841046,1.928271829256637,0.008398491999018789,1.58,1.0
272,Michaelis-Menten,Tonic,0.15,0.30210960460658837,1.9657330378854527,0.009535342719610186,1.68,1.0
273,Michaelis-Menten,Tonic,0.15,0.3055764141115524,1.8595121811354842,0.009919258115841635,1.54,1.0
274,Michaelis-Menten,Tonic,0.15,0.2905373355689134,1.8944853266632056,0.006569980014335347,1.6600000000000001,1.0
275,Michaelis-Menten,Tonic,0.15,0.356301539792386,2.022645626753726,0.02259872405957339,1.62,1.0
276,Michaelis-Menten,Tonic,0.15,0.30545797830877436,2.0271038517789037,0.012571901822451674,1.62,1.0
277,Michaelis-Menten,Tonic,0.15,0.3355514181965251,1.9762811050759859,0.01622411111029311,1.72,1.0
278,Michaelis-Menten,Tonic,0.15,0.27643504460498364,1.8837811431440363,0.003452344357134666,1.6600000000000001,1.0
279,Michaelis-Menten,Tonic,0.15,0.3398810647135802,2.017270156048502,0.019853024804012867,1.74,1.0
280,Michaelis-Menten,Tonic,0.15,0.30917083343696133,1.963138974988871,0.011112018328415834,1.54,1.0
281,Michaelis-Menten,Tonic,0.15,0.32184500077749223,1.9648109298296663,0.016386093569373626,1.6600000000000001,1.0
282,Michaelis-Menten,Tonic,0.15,0.33103415852237966,1.9611793119012157,0.018621690136571247,1.76,1.0
283,Michaelis-Menten,Tonic,0.15,0.30141635038560344,1.989600751503658,0.0078023487812363445,1.62,1.0
284,Michaelis-Menten,Tonic,0.15,0.327134975806914,2.010515297383756,0.017892558903489637,1.68,1.0
285,Michaelis-Menten,Tonic,0.15,0.3231332144919316,1.8989245593476258,0.009270722971818263,1.72,1.0
286,Michaelis-Menten,Tonic,0.15,0.34539190897675076,1.9226366503010934,0.015671679628435506,1.6,1.0
287,Michaelis-Menten,Tonic,0.15,0.30544662878315115,1.8424266565666572,0.006414835149395294,1.72,1.0
288,Michaelis-Menten,Tonic,0.15,0.36853273986564794,2.0755789669902116,0.028337639821340698,1.8,1.0
289,Michaelis-Menten,Tonic,0.15,0.316929021315866,1.9389726853505047,0.011723153332052181,1.68,1.0
290,Michaelis-Menten,Tonic,0.15,0.30999223036589646,1.9773984710053252,0.011129857581759784,1.6400000000000001,1.0
291,Michaelis-Menten,Tonic,0.15,0.33271795678218186,1.9286855775195881,0.013457583112554865,1.62,1.0
292,Michaelis-Menten,Tonic,0.15,0.32586349516525615,1.878678041051784,0.009178256999710512,1.6600000000000001,1.0
293,Michaelis-Menten,Tonic,0.15,0.3294263054869324,2.063903571381311,0.02508718148902747,1.62,1.0
294,Michaelis-Menten,Tonic,0.15,0.30907903864989994,1.8010230792108586,0.004383378111991698,1.6,1.0
295,Michaelis-Menten,Tonic,0.15,0.3295684050268835,2.033702641362003,0.01731253820274013,1.6400000000000001,1.0
296,Michaelis-Menten,Tonic,0.15,0.3047540730797062,1.9542096023952495,0.009132441783370596,1.58,1.0
297,Michaelis-Menten,Tonic,0.15,0.38107874044510537,2.04466015401318,0.033978323314975654,1.68,1.0
298,Michaelis-Menten,Tonic,0.15,0.303345124302297,1.9604058351933658,0.013054133297657968,1.6,1.0
299,Michaelis-Menten,Tonic,0.15,0.30490671483225085,1.9239900684646583,0.008039732239899108,1.6600000000000001,1.0
0,Transporter-state,Tonic,0.15,0.3179181506571551,1.938648632536631,0.011811085788814272,2.2800000000000002,0.4439789110226041
1,Transporter-state,Tonic,0.15,0.31052924399366555,1.8900674387814376,0.009269313844223127,2.42,0.4633892248554188
2,Transporter-state,Tonic,0.15,0.30299438170741905,1.864425852559532,0.007915003794192667,2.54,0.47535951908213836
3,Transporter-state,Tonic,0.15,0.35883864166384777,1.8898102792340037,0.013876426087600497,2.32,0.39335896205786736
4,Transporter-state,Tonic,0.15,0.3399368603017622,1.8840536252533906,0.00787379481965832,1.98,0.4189286625658849
5,Transporter-state,Tonic,0.15,0.33530650102620263,1.8145656275750723,0.00763323383395376,2.16,0.43612973430044844
6,Transporter-state,Tonic,0.15,0.34728870532839134,1.720439466136044,0.006254481362518293,1.84,0.4200861032809958
7,Transporter-state,Tonic,0.15,0.3160535306455711,1.9016890546974374,0.008234155476408215,1.84,0.45413930830372806
8,Transporter-state,Tonic,0.15,0.3168549071030557,1.9154761082617586,0.008430002893437533,2.38,0.4631840617228308
9,Transporter-state,Tonic,0.15,0.38618011544263586,2.0195552150919225,0.017815752162259786,2.0,0.35480095575989723
10,Transporter-state,Tonic,0.15,0.3158001302826737,1.823373299786705,0.005845959660811284,2.42,0.4577349830349353
11,Transporter-state,Tonic,0.15,0.3551893824319067,1.995511248124232,0.013779414256267797,2.22,0.4089130999063426
12,Transporter-state,Tonic,0.15,0.32391636131043117,1.873025723259096,0.007301829670223298,1.96,0.4489306161758734
13,Transporter-state,Tonic,0.15,0.36353148370448013,1.8495433661920517,0.010537317241104847,1.94,0.39265622400563294
14,Transporter-state,Tonic,0.15,0.3073654558276096,1.7224673789721558,0.005454314269507621,1.98,0.4781435868166337
15,Transporter-state,Tonic,0.15,0.32486058962379327,1.9073229562886,0.010943827373944058,2.68,0.45278405677638556
16,Transporter-state,Tonic,0.15,0.31813433599506186,1.772322103009765,0.006067430632191746,2.46,0.4675464417407078
17,Transporter-state,Tonic,0.15,0.5272835836338484,2.309896567158865,0.04466670188553901,2.08,0.18276246719411682
18,Transporter-state,Tonic,0.15,0.32848906832233593,1.9567112904802766,0.010946967375829236,2.44,0.4481796496607018
19,Transporter-state,Tonic,0.15,0.32275176206497685,1.879159930886036,0.009197844291732985,2.7600000000000002,0.44465922055590834
20,Transporter-state,Tonic,0.15,0.3603883918738554,1.8513490890756141,0.010609946606848095,1.84,0.4023793315451636
21,Transporter-state,Tonic,0.15,0.31056853291648634,1.9242919162509033,0.009851719243860989,2.46,0.46055043671516893
22,Transporter-state,Tonic,0.15,0.2973306650695231,1.7274551403914256,0.0025435872663775155,2.1,0.49780989268238934
23,Transporter-state,Tonic,0.15,0.33024997572422016,1.9653514581221037,0.008739584098719265,2.36,0.4397307255777828
24,Transporter-state,Tonic,0.15,0.3423235248557423,2.0452002285971953,0.014886796789840126,2.14,0.4219024987251647
25,Transporter-state,Tonic,0.15,0.3462592792360627,1.9971088433663193,0.011051484678099698,2.04,0.40916193416042745
26,Transporter-state,Tonic,0.15,0.3116662319256631,1.869119081702713,0.0077929884719304095,2.56,0.47227922978562475
27,Transporter-state,Tonic,0.15,0.33044656008509865,1.7918533190161512,0.007611541010362578,2.22,0.43993617713585265
28,Transporter-state,Tonic,0.15,0.3507544083164678,1.8387990090229864,0.01301456673058851,2.34,0.412613921590288
29,Transporter-state,Tonic,0.15,0.30806239665222757,1.6930496386518492,0.00347106154461313,2.62,0.4693908304521731
30,Transporter-state,Tonic,0.15,0.3062641031453023,1.880528433933584,0.0070351926492124356,2.2600000000000002,0.48554545032237206
31,Transporter-state,Tonic,0.15,0.395992958925063,2.066058528500796,0.01832339196660686,3.56,0.3388552758882627
32,Transporter-state,Tonic,0.15,0.3579404426411741,2.000935107567839,0.01575331263954239,2.18,0.40477383991414007
33,Transporter-state,Tonic,0.15,0.3314665997458108,1.83751469128528,0.005579807691621235,2.1,0.43641435549115126
34,Transporter-state,Tonic,0.15,0.34202911385036655,1.9629771620522114,0.012516332130486491,2.32,0.4154032027705419
35,Transporter-state,Tonic,0.15,0.3454352439404144,1.9003932536453687,0.011044864916995816,2.2,0.4078679324675939
36,Transporter-state,Tonic,0.15,0.34582318648775945,1.9499986666620057,0.009123035445892165,2.2600000000000002,0.4102418389613164
37,Transporter-state,Tonic,0.15,0.3536556784900034,1.7743131688908091,0.010253708345255762,2.06,0.4074444601858326
38,Transporter-state,Tonic,0.15,0.3047296334926176,1.8739131867450198,0.0058687781313919865,2.12,0.4673442152320185
39,Transporter-state,Tonic,0.15,0.33207253159827327,1.9807192202024626,0.010972843932715757,2.12,0.4685458058725044
40,Transporter-state,Tonic,0.15,0.3387845525821451,1.8665181831277713,0.008518858783880853,2.08,0.4316448075887097
41,Transporter-state,Tonic,0.15,0.31035903871396464,1.658756736710039,0.0027724109368967684,2.22,0.4674474233096244
42,Transporter-state,Tonic,0.15,0.30757271685132265,1.8118523600180587,0.005554858635081598,1.98,0.47077340766794595
43,Transporter-state,Tonic,0.15,0.36458246437841185,2.0786500579284803,0.01860151784123139,2.06,0.39607197928654625
44,Transporter-state,Tonic,0.15,0.3318261147080354,1.9404080118023344,0.012965622322059125,2.02,0.43961425384467
45,Transporter-state,Tonic,0.15,0.3280589720984599,1.8474885935762053,0.009596117651612937,2.0,0.44367682394882413
46,Transporter-state,Tonic,0.15,0.2921995172290078,1.8423417936295283,0.006219493598754721,1.8,0.48862535678126884
47,Transporter-state,Tonic,0.15,0.32427455752925644,1.8249322556541248,0.006113793629868255,2.04,0.44810440660999373
48,Transporter-state,Tonic,0.15,0.37114660312736636,1.8687999965448747,0.011773044859007627,1.82,0.3902725873344215
49,Transporter-state,Tonic,0.15,0.34587419141861747,1.9196832019875871,0.010143385985215221,2.54,0.40804745661299424
50,Transporter-state,Tonic,0.15,0.3182860411059607,1.800641677149869,0.00676588144335829,2.22,0.4555902515648489
51,Transporter-state,Tonic,0.15,0.3007216751088792,1.861476815916396,0.006610841964606522,2.08,0.4792481938301639
52,Transporter-state,Tonic,0.15,0.3547789132432241,1.9360531743510725,0.012208640404715658,1.8,0.41352081241055794
53,Transporter-state,Tonic,0.15,0.3327083478201279,1.84627719629659,0.008457380143350986,2.42,0.4360584793881658
54,Transporter-state,Tonic,0.15,0.31287770767236706,1.7574608095689717,0.004838609084184935,2.48,0.47219748271626827
55,Transporter-state,Tonic,0.15,0.3358704009217594,1.8430525935919215,0.009252761295845527,2.72,0.4340501649536441
56,Transporter-state,Tonic,0.15,0.3166725093774605,1.6642721046264988,0.0036198334241326837,1.8800000000000001,0.46735016895389614
57,Transporter-state,Tonic,0.15,0.3394211052180074,1.766664694835363,0.00813221096768964,1.78,0.4303367158138457
58,Transporter-state,Tonic,0.15,0.3317934388339597,1.8912614395937657,0.010150360729642928,2.18,0.4501751713631046
59,Transporter-state,Tonic,0.15,0.30518165372175815,1.8869568334156877,0.008548424185667584,2.4,0.46779383148031617
60,Transporter-state,Tonic,0.15,0.3176987167322269,1.9152763414726282,0.007319512413092322,2.36,0.45295220533377045
61,Transporter-state,Tonic,0.15,0.3189550163255532,1.761405315749526,0.005873726468002469,2.2800000000000002,0.4623888375066403
62,Transporter-state,Tonic,0.15,0.3484741624801605,1.8361798863834806,0.009546932925915144,2.68,0.4172781861242658
63,Transporter-state,Tonic,0.15,0.33248547441685966,1.9921326224264015,0.012202013667182682,2.4,0.43625262804923504
64,Transporter-state,Tonic,0.15,0.3024865243977471,1.7993439825847308,0.003961924926352982,2.02,0.4841597737766675
65,Transporter-state,Tonic,0.15,0.3177313948418084,2.058938803774786,0.013813886422246813,2.5,0.44692054808920023
66,Transporter-state,Tonic,0.15,0.33408237616177866,1.8486293803565705,0.00740470764555912,2.14,0.4431665987319253
67,Transporter-state,Tonic,0.15,0.32780454577265705,1.8517213353895186,0.0071145432970426145,2.14,0.44740082434817563
68,Transporter-state,Tonic,0.15,0.38702262579377195,1.9476297098370854,0.015941237058805402,2.0,0.3603719871443153
69,Transporter-state,Tonic,0.15,0.3179806449933288,1.9086830179352512,0.01044539915578855,2.3000000000000003,0.4457741491726639
70,Transporter-state,Tonic,0.15,0.30233203937161207,1.8501076800593783,0.006388236384388514,2.0,0.4690405597546632
71,Transporter-state,Tonic,0.15,0.270982009990042,1.7898780993729317,0.002077303619735461,2.36,0.5189707658595302
72,Transporter-state,Tonic,0.15,0.3517602897930196,1.9203641535832787,0.01423045354156634,2.02,0.4158757972680227
73,Transporter-state,Tonic,0.15,0.3128876951676962,1.7621835697737174,0.005381974069915924,2.22,0.49021804363455485
74,Transporter-state,Tonic,0.15,0.3960512821360066,2.1205661242331435,0.026702807096265043,2.2600000000000002,0.3502194740577371
75,Transporter-state,Tonic,0.15,0.29661546717104625,1.8147038999927914,0.004628594778098787,2.0,0.4833361567278375
76,Transporter-state,Tonic,0.15,0.3527900946449953,2.0043368830844632,0.01501779492442669,2.02,0.40077516963714543
77,Transporter-state,Tonic,0.15,0.31759824165084743,1.7142037930931708,0.0039086071323354895,2.14,0.5139397529456107
78,Transporter-state,Tonic,0.15,0.3301820981856115,1.898679527858222,0.010847743129837164,2.18,0.44330930087886466
79,Transporter-state,Tonic,0.15,0.30654774803940366,1.9256807962558447,0.00810948064081247,2.2,0.4762653071155688
80,Transporter-state,Tonic,0.15,0.3138024333511376,1.8331531860627743,0.007911317656962213,2.2600000000000002,0.47240453945658645
81,Transporter-state,Tonic,0.15,0.3095821503293601,1.761727432211208,0.0057170847087156,2.32,0.4736366192664839
82,Transporter-state,Tonic,0.15,0.3197510556747378,2.0167621634773885,0.011081896261274938,2.44,0.45348512031523314
83,Transporter-state,Tonic,0.15,0.3328357240057385,1.8639362049393615,0.009044949279410878,2.44,0.44100780235404113
84,Transporter-state,Tonic,0.15,0.34469907864004895,1.8305322247042972,0.008146954401381419,1.84,0.42595503125942313
85,Transporter-state,Tonic,0.15,0.30081585119629783,1.903303372526935,0.007514797187101932,2.52,0.4853493784344205
86,Transporter-state,Tonic,0.15,0.2900797634285217,1.746322777857131,0.002981481405994563,2.24,0.5044432322699998
87,Transporter-state,Tonic,0.15,0.2997960557842669,1.8541973208954439,0.005812368175575646,2.1,0.4842317604441393
88,Transporter-state,Tonic,0.15,0.3061114484996228,1.7798655993569426,0.004821016569492332,2.04,0.476879070198314
89,Transporter-state,Tonic,0.15,0.30592029677274096,1.7614523152235368,0.00462030405091234,2.1,0.47570040823573034
90,Transporter-state,Tonic,0.15,0.3530829188663552,1.829363096326565,0.008779842294792018,2.36,0.4200885749652241
91,Transporter-state,Tonic,0.15,0.3464250966842399,1.8670746717337787,0.009488712836212847,1.76,0.4136734656559157
92,Transporter-state,Tonic,0.15,0.31908905007703786,1.8854552915019562,0.00670810266556703,2.2800000000000002,0.45873630430015555
93,Transporter-state,Tonic,0.15,0.3195649648478446,1.7574953512230318,0.00542258212139659,2.2800000000000002,0.4541636330556319
94,Transporter-state,Tonic,0.15,0.3206235967845419,1.7992454831345854,0.006347550170082718,2.44,0.44585230774477036
95,Transporter-state,Tonic,0.15,0.33074138264191383,1.975568280966685,0.011571241939059233,2.14,0.44743296919872133
96,Transporter-state,Tonic,0.15,0.34704586417896494,1.9234296764644272,0.013650659745903864,1.9000000000000001,0.41037916938483643
97,Transporter-state,Tonic,0.15,0.30574056998505195,1.8938355050638023,0.007704215646767126,1.94,0.47651782410465116
98,Transporter-state,Tonic,0.15,0.27971818004398136,1.7653831131618762,0.002634945103718919,2.3000000000000003,0.513050297316281
99,Transporter-state,Tonic,0.15,0.30672429253227823,1.7928072810313902,0.0073271573360344025,2.62,0.46792168458860395
100,Transporter-state,Tonic,0.15,0.3027735468753824,1.8591832033939835,0.007554111728483173,2.5,0.4730680759386283
101,Transporter-state,Tonic,0.15,0.29839424510750834,1.7805441476523505,0.004592206779325032,1.94,0.49352315875588293
102,Transporter-state,Tonic,0.15,0.29849994475267877,1.9384156893709177,0.008265681046490761,2.48,0.4861813673891646
103,Transporter-state,Tonic,0.15,0.3213168390523347,1.946102582297737,0.010690630541982373,2.0,0.45199543601567715
104,Transporter-state,Tonic,0.15,0.30401747444447685,1.8453424006274342,0.005647717123728096,2.04,0.47423143599197504
105,Transporter-state,Tonic,0.15,0.3476990949938553,1.9671391959146005,0.012520303796682177,1.8,0.41963527472966355
106,Transporter-state,Tonic,0.15,0.32560131102687345,1.9937235633885135,0.011964796773994679,2.16,0.4434369724223183
107,Transporter-state,Tonic,0.15,0.310816924145109,1.8509285498826782,0.007467139427099666,2.06,0.4673564538384387
108,Transporter-state,Tonic,0.15,0.36919701814473055,1.8480854825777697,0.009647590619246587,3.2,0.38073830035005873
109,Transporter-state,Tonic,0.15,0.32077569267089534,1.97507710918822,0.012192768615954723,2.08,0.44826959997396965
110,Transporter-state,Tonic,0.15,0.3232065527176949,1.937218759933532,0.009732222560907715,2.4,0.44850103863037616
111,Transporter-state,Tonic,0.15,0.2990924557210244,1.8194981026355304,0.0059716608088864085,2.1,0.48235529992744797
112,Transporter-state,Tonic,0.15,0.35783051165898716,1.997600825687195,0.014423407536225666,2.36,0.39972850363844903
113,Transporter-state,Tonic,0.15,0.28912350168832723,1.8346794335747127,0.004741161520470834,2.1,0.4957293791467138
114,Transporter-state,Tonic,0.15,0.28533459413928297,1.8073051474976864,0.002712445925260489,1.94,0.5183950582218964
115,Transporter-state,Tonic,0.15,0.33307668796849804,1.930014355042507,0.009201067065523264,2.14,0.42943521155747977
116,Transporter-state,Tonic,0.15,0.3467558806051908,2.090093774279688,0.014665067606630958,2.16,0.41488965503728625
117,Transporter-state,Tonic,0.15,0.3330029350301211,1.8524250786453054,0.010272284299985076,2.7,0.4447739437000786
118,Transporter-state,Tonic,0.15,0.29553902486973593,1.7946935938280335,0.004725713282168932,1.8,0.4820591643181166
119,Transporter-state,Tonic,0.15,0.31522724605702784,1.9228896886600877,0.007169640274558075,2.68,0.45695658746111434
120,Transporter-state,Tonic,0.15,0.3343911382719737,1.9116865714139724,0.008636198263306452,2.32,0.43486422384561274
121,Transporter-state,Tonic,0.15,0.333061770144756,1.9158128634343012,0.013058775548456072,2.16,0.42240008457150313
122,Transporter-state,Tonic,0.15,0.35113419164371007,1.9759665923442413,0.0140920322343686,2.56,0.40920512215222593
123,Transporter-state,Tonic,0.15,0.3780498273668025,1.951862182495679,0.01607673896339282,2.16,0.3691695451187659
124,Transporter-state,Tonic,0.15,0.2873882339725676,1.718172119477876,0.003454369336924238,2.0,0.5018633877239882
125,Transporter-state,Tonic,0.15,0.33019367063283334,1.9030565766105787,0.010899938429238162,2.14,0.43426545825295637
126,Transporter-state,Tonic,0.15,0.3133126265722525,1.9178916474925738,0.008798587051390142,2.66,0.4599073448623533
127,Transporter-state,Tonic,0.15,0.3072542789356083,1.8026803542473966,0.0050846545495393265,2.04,0.4801934953150957
128,Transporter-state,Tonic,0.15,0.3227289597599092,1.966102246124569,0.012302680942965357,2.22,0.45114428057820244
129,Transporter-state,Tonic,0.15,0.365096697830199,1.878386951528825,0.013471136770521041,2.06,0.39252332437446924
130,Transporter-state,Tonic,0.15,0.27285803384670515,1.7291431393277763,0.0013409114924663392,2.12,0.5229695514995165
131,Transporter-state,Tonic,0.15,0.35089607244761295,1.8273336152123438,0.009071575831580459,1.92,0.46594728972672717
132,Transporter-state,Tonic,0.15,0.29806031586175136,1.906568037496577,0.007653012068385692,2.16,0.4791724641697075
133,Transporter-state,Tonic,0.15,0.3607016522760228,2.029434098724424,0.014783140791812217,2.2600000000000002,0.3909947809270403
134,Transporter-state,Tonic,0.15,0.419109625069263,2.0153035420073975,0.021700855765571028,2.7800000000000002,0.3253356614122591
135,Transporter-state,Tonic,0.15,0.3819283678127565,1.809418374725239,0.014612353746338286,2.18,0.3774833217748198
136,Transporter-state,Tonic,0.15,0.3017438067830449,1.9120755457896184,0.007476757277587314,2.08,0.47283731026975073
137,Transporter-state,Tonic,0.15,0.32116215355619837,1.7842352538604624,0.006392142393426366,2.12,0.441654733621059
138,Transporter-state,Tonic,0.15,0.32482004603371517,1.8761679544797762,0.011829243759388425,2.08,0.44406063926552186
139,Transporter-state,Tonic,0.15,0.3711923300211961,1.9909991388067714,0.02128171250022637,1.98,0.3806318573552284
140,Transporter-state,Tonic,0.15,0.3214714517101249,1.7837082854557573,0.007137339550036198,2.44,0.4638313353789386
141,Transporter-state,Tonic,0.15,0.29537169133261854,1.7645992664530372,0.00398044625825335,2.04,0.49988616674839426
142,Transporter-state,Tonic,0.15,0.29480596955191174,1.7428144445151637,0.004656008683776462,2.48,0.4969606826178253
143,Transporter-state,Tonic,0.15,0.34167899774746846,1.8224715614724152,0.0071718853191160125,1.8,0.42678766531746004
144,Transporter-state,Tonic,0.15,0.32269728300695255,1.9712255438235022,0.013620124677384313,2.62,0.44764981927264436
145,Transporter-state,Tonic,0.15,0.32194953425426476,1.8293998555624336,0.00837948929797875,2.36,0.46078067031609327
146,Transporter-state,Tonic,0.15,0.3079381709427386,1.79400136933975,0.005811483949300206,2.08,0.46726087272328454
147,Transporter-state,Tonic,0.15,0.3132936283286198,1.8801213612218244,0.00754307376871845,2.12,0.46072992471563556
148,Transporter-state,Tonic,0.15,0.33060237985764285,1.8727993995700423,0.009287230658746318,2.2600000000000002,0.4255425940363433
149,Transporter-state,Tonic,0.15,0.33183842319714785,1.9254526519443762,0.01167104962918697,2.3000000000000003,0.4391736000322185
150,Transporter-state,Tonic,0.15,0.3523436413202539,1.8530784501882431,0.00990469229332989,2.46,0.4093860704334281
151,Transporter-state,Tonic,0.15,0.3339341374632059,1.9348068406847456,0.012132160524023267,2.2600000000000002,0.423434666688163
152,Transporter-state,Tonic,0.15,0.33506081789571734,1.9412960312565513,0.010876292936157085,1.86,0.4301942726396998
153,Transporter-state,Tonic,0.15,0.29234741132301284,1.8200614413542657,0.0034384697994525697,2.16,0.4888386692967337
154,Transporter-state,Tonic,0.15,0.305749917349583,1.880354859076909,0.00717637727776861,2.4,0.473467656946309
155,Transporter-state,Tonic,0.15,0.29785341965042483,1.6936834225543966,0.003850086363466156,1.7,0.4984643886602556
156,Transporter-state,Tonic,0.15,0.3226941237208561,1.9958702300090279,0.012596277140108527,2.06,0.45457619048750386
157,Transporter-state,Tonic,0.15,0.409651382974838,1.9004621722790025,0.014034799414143715,2.44,0.3234809544696695
158,Transporter-state,Tonic,0.15,0.33146517363220707,1.8966971002084896,0.010429791276243541,1.84,0.4316856396548111
159,Transporter-state,Tonic,0.15,0.30374146920726597,1.820744364309769,0.004476996681292726,2.34,0.4802125865567214
160,Transporter-state,Tonic,0.15,0.27265764857409464,1.7102195113717484,0.0022328275738328586,2.08,0.5181241546237674
161,Transporter-state,Tonic,0.15,0.3414792628757572,1.8178442534161068,0.00935277117051236,2.22,0.4219366295044866
162,Transporter-state,Tonic,0.15,0.3002493749329875,1.808291363068044,0.005617862261890973,2.52,0.4891583005261586
163,Transporter-state,Tonic,0.15,0.3109276949692431,1.9415922089990467,0.00708418296836287,2.32,0.4653429661044297
164,Transporter-state,Tonic,0.15,0.35921397684023243,1.9948023511735964,0.015193829618184228,2.2800000000000002,0.3987733524340453
165,Transporter-state,Tonic,0.15,0.30100329817409505,1.9251815527776348,0.006815837723383096,2.38,0.4817444999517776
166,Transporter-state,Tonic,0.15,0.3620737441437818,1.9399633897711885,0.012869284668962859,2.06,0.3829599525844116
167,Transporter-state,Tonic,0.15,0.33473578339826654,1.9323817096055493,0.01049577731302981,1.98,0.4317320881465473
168,Transporter-state,Tonic,0.15,0.33039102071902476,1.8630216047502166,0.011279471714397634,2.06,0.4411433944436499
169,Transporter-state,Tonic,0.15,0.29951529115768555,1.6942359510395317,0.0025183499142983788,1.84,0.477016381569062
170,Transporter-state,Tonic,0.15,0.39885933691484105,2.0733267915471085,0.025345309485128326,2.18,0.35181322541569515
171,Transporter-state,Tonic,0.15,0.3295921586279871,1.922977903222891,0.009994473822720137,2.46,0.43584052406758855
172,Transporter-state,Tonic,0.15,0.29948177219438404,1.8835796688265205,0.006615554558772347,2.08,0.481351704177307
173,Transporter-state,Tonic,0.15,0.3797193343680252,1.9363424692210476,0.014607508429516749,2.44,0.4252123508382364
174,Transporter-state,Tonic,0.15,0.2916321541338122,1.81831513408754,0.004610340065743804,2.46,0.48746563457589087
175,Transporter-state,Tonic,0.15,0.3092894592886513,1.9341822177708414,0.008146204497938426,2.06,0.4729257484573217
176,Transporter-state,Tonic,0.15,0.31470052118826813,1.823543086260591,0.006411482428113204,2.22,0.46574367592252475
177,Transporter-state,Tonic,0.15,0.352461890889783,1.9216717689670861,0.010370211548562542,2.2600000000000002,0.4168686973581749
178,Transporter-state,Tonic,0.15,0.31808308824663106,1.817505366017268,0.007898643435423989,2.12,0.457139387946785
179,Transporter-state,Tonic,0.15,0.3302517203363268,1.9381911601625368,0.014322269180178742,2.46,0.4400849198044322
180,Transporter-state,Tonic,0.15,0.3210187153785468,1.8932373555846345,0.009180293146856746,2.2,0.45154478957786803
181,Transporter-state,Tonic,0.15,0.35915234523003864,1.8245175676706527,0.010293956251296628,2.4,0.4123479427387159
182,Transporter-state,Tonic,0.15,0.35070268735648047,1.90828001697259,0.01285574204960458,2.56,0.3998055879849002
183,Transporter-state,Tonic,0.15,0.32930314341515515,2.0023055745128224,0.011536689507583936,2.74,0.4333232501755916
184,Transporter-state,Tonic,0.15,0.3041891332101131,1.8518881810637677,0.0049524103664737255,2.08,0.4849338735653632
185,Transporter-state,Tonic,0.15,0.29476850045051023,1.7812468235129346,0.00362755214015135,2.18,0.4942618793895174
186,Transporter-state,Tonic,0.15,0.3262845608305984,2.0891201464013838,0.013892398929534297,2.18,0.43904963557621424
187,Transporter-state,Tonic,0.15,0.30472358784632286,1.8588709699551529,0.004809778380390156,2.2800000000000002,0.4748162657909156
188,Transporter-state,Tonic,0.15,0.3380526028181781,1.7429311799659968,0.00765726517379047,2.32,0.43230604806132
189,Transporter-state,Tonic,0.15,0.2981406156300316,1.6930025441952856,0.0037118115009059215,2.48,0.49565142385508365
190,Transporter-state,Tonic,0.15,0.331052494054612,1.8813783099390555,0.007689468855860139,2.16,0.4406250378434251
191,Transporter-state,Tonic,0.15,0.33729667279127273,1.8574138475732103,0.010387921843353057,2.14,0.42363705184023526
192,Transporter-state,Tonic,0.15,0.31757471027658063,1.912426377039103,0.006674680054720844,2.02,0.45393616932672887
193,Transporter-state,Tonic,0.15,0.2889099138087124,1.7688647669014181,0.0032500026280021708,2.4,0.49170052535144965
194,Transporter-state,Tonic,0.15,0.3055024236626059,1.9445555331343167,0.006892912871000274,2.0,0.4721774086251501
195,Transporter-state,Tonic,0.15,0.366928099710817,1.8814675251207171,0.013569233755066875,2.38,0.4043874159833234
196,Transporter-state,Tonic,0.15,0.352570390641442,1.9259681731564098,0.010109112690021411,2.08,0.4121450012801182
197,Transporter-state,Tonic,0.15,0.33082092408353586,1.8016034741981615,0.007405640650381909,1.98,0.4403123869232821
198,Transporter-state,Tonic,0.15,0.3280644406907331,1.879772702988174,0.008842443341680332,2.0,0.432350026094647
199,Transporter-state,Tonic,0.15,0.2801393077075356,1.7953796652506298,0.003268025441654267,2.16,0.5074293248178356
200,Transporter-state,Tonic,0.15,0.3031667376192185,1.8128070319679728,0.004629546723001845,2.04,0.49098466361858323
201,Transporter-state,Tonic,0.15,0.3351410009662725,1.8461655642592114,0.00862819481672539,2.1,0.4337189816767575
202,Transporter-state,Tonic,0.15,0.34873257700545457,1.8417997376228152,0.009118272646392644,1.98,0.4194095144231048
203,Transporter-state,Tonic,0.15,0.3075299788184687,1.8973067983418053,0.005479515592363032,2.12,0.47096460559587694
204,Transporter-state,Tonic,0.15,0.3239554795338983,1.7808955598864544,0.006126663323027893,2.36,0.45375741776394185
205,Transporter-state,Tonic,0.15,0.36889069212485526,1.9723554650960569,0.015522341875666394,2.1,0.38175416679062657
206,Transporter-state,Tonic,0.15,0.3465262652355978,1.9351760658551407,0.011442659258093657,2.44,0.4661616217891018
207,Transporter-state,Tonic,0.15,0.31464023641887995,1.7846808526018028,0.0037270704206672357,2.12,0.46184540666814433
208,Transporter-state,Tonic,0.15,0.39011566542796483,1.9960113549758742,0.01564577389643427,2.38,0.35960267455814376
209,Transporter-state,Tonic,0.15,0.3306584448801682,1.9594437569721845,0.009151840184237082,2.58,0.44303632592545406
210,Transporter-state,Tonic,0.15,0.31014295725950636,1.9179467214878347,0.006768355347329488,2.2600000000000002,0.46742603138499794
211,Transporter-state,Tonic,0.15,0.27966636717323234,1.6697224723987991,0.0017984992577275206,2.06,0.5067079319746104
212,Transporter-state,Tonic,0.15,0.28871086385105216,1.760775066673072,0.004685236658829454,2.0,0.4963017715535721
213,Transporter-state,Tonic,0.15,0.34815030877573633,2.1382156226830524,0.02243876015231536,2.3000000000000003,0.4027904708766258
214,Transporter-state,Tonic,0.15,0.2899044397373716,1.870810748166026,0.004988373112046225,1.9000000000000001,0.499289916918284
215,Transporter-state,Tonic,0.15,0.3407535626303645,1.804512300264228,0.00717354998273856,2.08,0.4256778291312743
216,Transporter-state,Tonic,0.15,0.3800183572490528,2.127763489048318,0.02044750223308007,2.62,0.3781067203738655
217,Transporter-state,Tonic,0.15,0.3266743154292109,1.8959931677225237,0.010184788935533975,2.22,0.4305897729561844
218,Transporter-state,Tonic,0.15,0.34593392016264146,1.7266159211699492,0.006568623456902146,1.98,0.42548371637397875
219,Transporter-state,Tonic,0.15,0.3719494086427036,1.8962480778929174,0.012315543518210877,2.1,0.43611127837189845
220,Transporter-state,Tonic,0.15,0.3388455807064203,1.9485205939902601,0.013724155986302429,2.12,0.4354453744938561
221,Transporter-state,Tonic,0.15,0.33051972986358424,1.9566801781882597,0.010195850645327683,2.32,0.4257061518264603
222,Transporter-state,Tonic,0.15,0.2793577387916117,1.734582452253501,0.00227120904894865,1.86,0.5187254345566137
223,Transporter-state,Tonic,0.15,0.32744922192194437,1.8430915892577062,0.010320181980343018,2.74,0.44788263599302314
224,Transporter-state,Tonic,0.15,0.3151754001095348,1.90489659550871,0.008393622894547027,2.34,0.45400208189591407
225,Transporter-state,Tonic,0.15,0.32914220143742295,1.9926369460962186,0.010801386682155974,2.2,0.4408164039179562
226,Transporter-state,Tonic,0.15,0.31747226758570013,1.9270243210449614,0.008818126759093848,2.14,0.44738455862082993
227,Transporter-state,Tonic,0.15,0.33263681964550146,1.8006315805149817,0.008478471778664953,2.2800000000000002,0.4401484611178833
228,Transporter-state,Tonic,0.15,0.3391405357691222,1.8763691508652591,0.007519245673743798,2.2800000000000002,0.42627017648307186
229,Transporter-state,Tonic,0.15,0.33350570530112966,1.9577400181529891,0.010983373826449839,2.16,0.42962183358000605
230,Transporter-state,Tonic,0.15,0.34423794780763406,1.7676094270275997,0.00718333067893461,2.48,0.4243993558063609
231,Transporter-state,Tonic,0.15,0.364965447868767,2.0246312468840317,0.01872096366160164,2.92,0.4013718028767327
232,Transporter-state,Tonic,0.15,0.29370087714264836,1.7914793968515867,0.004451777085328483,2.32,0.4966142208544876
233,Transporter-state,Tonic,0.15,0.2869552176160026,1.8956627857836832,0.005453520407319363,2.3000000000000003,0.5025939356721082
234,Transporter-state,Tonic,0.15,0.35150569958930966,1.9528294533060215,0.01618396958883708,2.74,0.4031614170387289
235,Transporter-state,Tonic,0.15,0.337393972784371,1.925079639605183,0.010972176515997094,2.22,0.4376549603380431
236,Transporter-state,Tonic,0.15,0.3372736851365683,1.81237838566084,0.008125007503380006,1.96,0.43324560786591104
237,Transporter-state,Tonic,0.15,0.31606611338333673,1.7718824420979093,0.004215189042752668,2.2,0.4698841706831841
238,Transporter-state,Tonic,0.15,0.38260910187178765,1.9766178418882954,0.016995003042138346,2.12,0.366153755954883
239,Transporter-state,Tonic,0.15,0.3215579409288096,1.937071097799648,0.008609776161722812,2.42,0.46846755048319044
240,Transporter-state,Tonic,0.15,0.31683840842487826,1.9014767898438967,0.008544994485191328,2.04,0.4651133387710281
241,Transporter-state,Tonic,0.15,0.35408948772735443,1.9760002215339076,0.012581672220673433,2.08,0.4001288444370321
242,Transporter-state,Tonic,0.15,0.3468344108829814,2.0211677387494684,0.014237731685962332,2.44,0.40497883364159837
243,Transporter-state,Tonic,0.15,0.37325651116682,2.0552559271171305,0.02151694002208525,2.6,0.38079266724675187
244,Transporter-state,Tonic,0.15,0.3157958177986875,1.8387919313532781,0.006594048120420108,2.36,0.44877921451646885
245,Transporter-state,Tonic,0.15,0.3438857679814362,1.825449767630535,0.00989538402489267,2.8000000000000003,0.42322205884231257
246,Transporter-state,Tonic,0.15,0.32527673665443096,1.8455105599588275,0.009993242296129239,2.4,0.4479153684676339
247,Transporter-state,Tonic,0.15,0.3747588161387207,1.9012538526058083,0.010937648795993809,2.04,0.38605702631028027
248,Transporter-state,Tonic,0.15,0.3068297929522971,1.9415282477243474,0.00845073019841337,2.54,0.4732533078529546
249,Transporter-state,Tonic,0.15,0.3396234610476834,1.8469142994271854,0.011255407109919633,1.94,0.4329666261633095
250,Transporter-state,Tonic,0.15,0.3552414903836617,2.004926075769689,0.016762754059608663,3.08,0.397096947686828
251,Transporter-state,Tonic,0.15,0.35491117255939536,1.838813987958346,0.010834869576022527,1.84,0.41199047851034576
252,Transporter-state,Tonic,0.15,0.31687346921393833,1.9693941786366,0.010284924868145237,2.14,0.446723400751983
253,Transporter-state,Tonic,0.15,0.32764726555859636,1.758023985002895,0.006260443756450595,1.8800000000000001,0.44904072084959556
254,Transporter-state,Tonic,0.15,0.3683887279682611,1.9229588007500753,0.014874912832734103,3.12,0.39132671953697773
255,Transporter-state,Tonic,0.15,0.3941560482324287,2.02715413543556,0.01849284415066229,2.04,0.35338240851562475
256,Transporter-state,Tonic,0.15,0.3607458828869012,1.81825693981257,0.008863254121100714,2.02,0.388891811282268
257,Transporter-state,Tonic,0.15,0.2821902749590218,1.8451260675020091,0.0037187287438169045,2.06,0.5080909757974963
258,Transporter-state,Tonic,0.15,0.31208267345343577,1.8266272368488516,0.008377665106111553,2.06,0.4632161458487454
259,Transporter-state,Tonic,0.15,0.3077884349323276,1.7631187470934166,0.0049742522933497275,1.78,0.47288067256311195
260,Transporter-state,Tonic,0.15,0.3077229482194024,1.7304082281486273,0.0033361091688593235,1.84,0.47676394688237644
261,Transporter-state,Tonic,0.15,0.30441649043971497,1.8233047064805012,0.005726904552999633,2.42,0.4840530084523045
262,Transporter-state,Tonic,0.15,0.3057032709473263,1.9001495512342987,0.006779186514661052,1.58,0.47670608296148564
263,Transporter-state,Tonic,0.15,0.3772628482283124,1.9031118369337605,0.013177315172353068,1.86,0.38316499648035285
264,Transporter-state,Tonic,0.15,0.30368170886254686,1.9322014218839563,0.006656328966720266,1.96,0.4766967629830313
265,Transporter-state,Tonic,0.15,0.34164794529805725,1.8438450204891819,0.0073009644807750275,2.2600000000000002,0.42645281497228027
266,Transporter-state,Tonic,0.15,0.3333299889221428,2.0204206984987887,0.017439013744557072,2.68,0.43004561556801535
267,Transporter-state,Tonic,0.15,0.3211642493082653,1.8990278725959848,0.011091366425163241,2.02,0.43808216218732376
268,Transporter-state,Tonic,0.15,0.30444077766840255,1.865196027722913,0.007993969586636951,1.98,0.4656361093030926
269,Transporter-state,Tonic,0.15,0.3303520585156078,1.973243856425442,0.011488791468020197,2.8000000000000003,0.43991823120538176
270,Transporter-state,Tonic,0.15,0.3789070096534947,1.7997089960527701,0.010333698818187225,1.98,0.37809099545381475
271,Transporter-state,Tonic,0.15,0.29662012511841046,1.8228503335561719,0.005632616924061003,1.94,0.4847526764454666
272,Transporter-state,Tonic,0.15,0.30210960460658837,1.8633112458834344,0.006247056219774905,2.32,0.4692469643917905
273,Transporter-state,Tonic,0.15,0.3055764141115524,1.739751710741017,0.006152840170455378,1.82,0.4860087433032616
274,Transporter-state,Tonic,0.15,0.2905373355689134,1.7767524987321002,0.004446172984112296,2.22,0.5072664108694713
275,Transporter-state,Tonic,0.15,0.356301539792386,1.9465810944643482,0.013497758909123846,2.08,0.40881027382601975
276,Transporter-state,Tonic,0.15,0.30545797830877436,1.9397279305795423,0.007978738385258298,2.08,0.4742028582514567
277,Transporter-state,Tonic,0.15,0.3355514181965251,1.8892410089594946,0.010144526057482223,2.52,0.4243132839330891
278,Transporter-state,Tonic,0.15,0.27643504460498364,1.7608335052620139,0.0024775211052642412,2.18,0.5194941324582019
279,Transporter-state,Tonic,0.15,0.3398810647135802,1.9393734477913616,0.012035772343613936,2.68,0.42033189839052076
280,Transporter-state,Tonic,0.15,0.30917083343696133,1.862473719507263,0.007012818934929534,1.84,0.4793565908295717
281,Transporter-state,Tonic,0.15,0.32184500077749223,1.8732165084503027,0.010003736615231124,2.2,0.4568390139824021
282,Transporter-state,Tonic,0.15,0.33103415852237966,1.8692108913857428,0.011295690461028341,2.62,0.43611900031574324
283,Transporter-state,Tonic,0.15,0.30141635038560344,1.8911999358677123,0.0053362255368861,2.06,0.49001343168832157
284,Transporter-state,Tonic,0.15,0.327134975806914,1.931209012289463,0.0111734031669427,2.24,0.4402394957486173
285,Transporter-state,Tonic,0.15,0.3231332144919316,1.788585011434588,0.005938265627737587,2.44,0.4566981672760577
286,Transporter-state,Tonic,0.15,0.34539190897675076,1.8236547658803344,0.009410803452684746,2.04,0.4065136749223698
287,Transporter-state,Tonic,0.15,0.30544662878315115,1.7128170025190457,0.004159849696492731,2.48,0.48376772027411186
288,Transporter-state,Tonic,0.15,0.36853273986564794,2.0067453383692264,0.01654232285195072,3.06,0.3993019183463584
289,Transporter-state,Tonic,0.15,0.316929021315866,1.837991505961094,0.007560534803978857,2.2800000000000002,0.44850065519651794
290,Transporter-state,Tonic,0.15,0.30999223036589646,1.8813641788541842,0.007070734229216783,2.08,0.4576097981100079
291,Transporter-state,Tonic,0.15,0.33271795678218186,1.8252242738443794,0.00827141843586134,2.06,0.4363894784587212
292,Transporter-state,Tonic,0.15,0.32586349516525615,1.7634123353011015,0.005784881069807815,2.2,0.4444885787191709
293,Transporter-state,Tonic,0.15,0.3294263054869324,1.9988514088042146,0.015016306231499878,2.06,0.4440543906458956
294,Transporter-state,Tonic,0.15,0.30907903864989994,1.66773207747934,0.0027577214536181503,2.06,0.4706183639605658
295,Transporter-state,Tonic,0.15,0.3295684050268835,1.9535336904742646,0.01054273305791779,2.1,0.4404113827129521
296,Transporter-state,Tonic,0.15,0.3047540730797062,1.851629418334101,0.005925443145187909,1.94,0.4765313732118164
297,Transporter-state,Tonic,0.15,0.38107874044510537,1.979174200251967,0.01949017393291326,2.34,0.3932082603598489
298,Transporter-state,Tonic,0.15,0.303345124302297,1.8669443663250618,0.008333088789439834,2.02,0.4766078948973401
299,Transporter-state,Tonic,0.15,0.30490671483225085,1.8134766882921993,0.0051449861695937685,2.18,0.4811891633651879
0,Linear,Poisson,0.15,0.3318025421988025,1.9087605761772193,0.01866740965769185,1.7,1.0
1,Linear,Poisson,0.15,0.3105292440045889,1.8770553199201285,0.012792393388587616,1.72,1.0
2,Linear,Poisson,0.15,0.5275156453901104,1.8624202238802792,0.045139639138581225,1.74,1.0
3,Linear,Poisson,0.15,0.3588386481148611,1.8626732371204693,0.01980886796205493,1.7,1.0
4,Linear,Poisson,0.15,0.3680558851351923,1.8743968993083795,0.01959790350206926,1.6400000000000001,1.0
5,Linear,Poisson,0.15,0.33530650102620263,1.8254102770259037,0.010903282846504157,1.68,1.0
6,Linear,Poisson,0.15,0.34728870532839134,1.7541069330216847,0.008973261032056756,1.6,1.0
7,Linear,Poisson,0.15,0.3160535306455711,1.8895988939996957,0.011516310125030405,1.6,1.0
8,Linear,Poisson,0.15,0.3168549071030557,1.8993625413516542,0.01222260450604976,1.72,1.0
9,Linear,Poisson,0.15,0.38618011544263586,1.9535371313974985,0.02604244956331079,1.62,1.0
10,Linear,Poisson,0.15,0.3866257657761486,1.8368122784541243,0.01941811439319493,1.72,1.0
11,Linear,Poisson,0.15,0.371287094655561,1.9468907692368314,0.02894703533806715,1.7,1.0
12,Linear,Poisson,0.15,0.32391636131043117,1.868915501886341,0.010060423075775407,1.62,1.0
13,Linear,Poisson,0.15,0.36353148370448013,1.8445184187405144,0.014886570257918135,1.62,1.0
14,Linear,Poisson,0.15,0.3073654558276096,1.7595794386214758,0.009199291404292386,1.6400000000000001,1.0
15,Linear,Poisson,0.15,0.3887982098529831,1.88990718993692,0.02403097662375154,1.78,1.0
16,Linear,Poisson,0.15,0.3474031446385992,1.7992915345590519,0.014220808995429842,1.74,1.0
17,Linear,Poisson,0.15,0.5272835836338484,2.0617114229371514,0.057592721802598584,1.6400000000000001,1.0
18,Linear,Poisson,0.15,0.32930196817138296,1.9222293627727078,0.015761130434488787,1.74,1.0
19,Linear,Poisson,0.15,0.3227517620649813,1.873550423453443,0.01288848665970162,1.78,1.0
20,Linear,Poisson,0.15,0.3603883918738554,1.8427039005685186,0.01499517340370807,1.58,1.0
21,Linear,Poisson,0.15,0.42619391057645817,1.900148457183224,0.029742333022137014,1.8800000000000001,1.0
22,Linear,Poisson,0.15,0.2973306650695231,1.7715011187172485,0.003352933075315109,1.6600000000000001,1.0
23,Linear,Poisson,0.15,0.33024997671024553,1.9366348148384431,0.012218506500848356,1.72,1.0
24,Linear,Poisson,0.15,0.3423235248557423,1.976752741483184,0.020989347069504047,1.68,1.0
25,Linear,Poisson,0.15,0.3462592792360627,1.9498733047459598,0.015317209823298877,1.6400000000000001,1.0
26,Linear,Poisson,0.15,0.3180166895093441,1.8685797704379687,0.014007270684721537,1.76,1.0
27,Linear,Poisson,0.15,0.5609500610710323,1.8115909973410127,0.05162139958619416,1.7,1.0
28,Linear,Poisson,0.15,0.3507544083164678,1.8296572539009628,0.018736507153597468,1.7,1.0
29,Linear,Poisson,0.15,0.30806239665222757,1.7434522328152446,0.0047112811299108055,1.76,1.0
30,Linear,Poisson,0.15,0.3122856639135193,1.876287914874085,0.012462991090868514,1.68,1.0
31,Linear,Poisson,0.15,0.43415777375055725,1.9889256032833171,0.05161351312428821,1.84,1.0
32,Linear,Poisson,0.15,0.3579456862317643,1.9460571790959007,0.023176348597341547,1.6600000000000001,1.0
33,Linear,Poisson,0.15,0.3314665997458108,1.8474843156018559,0.007900545381601353,1.6600000000000001,1.0
34,Linear,Poisson,0.15,0.34202911385036655,1.9272979180155432,0.01737140558192305,1.7,1.0
35,Linear,Poisson,0.15,0.3454352439404144,1.8830107987550329,0.015637329840548254,1.68,1.0
36,Linear,Poisson,0.15,0.5565402725566506,1.923929510117271,0.05314859479757094,1.7,1.0
37,Linear,Poisson,0.15,0.3536556784925854,1.7894279665426684,0.01497329156958372,1.6600000000000001,1.0
38,Linear,Poisson,0.15,0.3047296334926176,1.870762295207394,0.009022016710073908,1.6600000000000001,1.0
39,Linear,Poisson,0.15,0.33207253159827327,1.9435259660630206,0.015512463282579173,1.6600000000000001,1.0
40,Linear,Poisson,0.15,0.35811304354908674,1.861361934821528,0.019145180496713866,1.6600000000000001,1.0
41,Linear,Poisson,0.15,0.31035903871396464,1.7154259922258044,0.0038371309608874575,1.68,1.0
42,Linear,Poisson,0.15,0.30757271685132265,1.8264788950261899,0.0073324819115636805,1.6400000000000001,1.0
43,Linear,Poisson,0.15,0.36458246437841185,1.9951983073037316,0.028757559739057137,1.6600000000000001,1.0
44,Linear,Poisson,0.15,0.5436340645843906,1.9063141336850777,0.05549000444436721,1.62,1.0
45,Linear,Poisson,0.15,0.3280589720984599,1.8442642348360272,0.015892023594196274,1.62,1.0
46,Linear,Poisson,0.15,0.3777457535274773,1.8456597576192029,0.021515232167702673,1.58,1.0
47,Linear,Poisson,0.15,0.32427455860009596,1.8352932302396694,0.008572129560379237,1.6400000000000001,1.0
48,Linear,Poisson,0.15,0.3711679176125677,1.8553798888420874,0.01694987829526513,1.58,1.0
49,Linear,Poisson,0.15,0.3865567373604344,1.8961333741479087,0.019192757953579574,1.76,1.0
50,Linear,Poisson,0.15,0.3182860411059607,1.8163742438617487,0.00927417346694606,1.7,1.0
51,Linear,Poisson,0.15,0.3007216751088792,1.8618223392781055,0.008961028779154489,1.6600000000000001,1.0
52,Linear,Poisson,0.15,0.4768453590899691,1.9016099453651696,0.042281628474560407,1.58,1.0
53,Linear,Poisson,0.15,0.3327083478201279,1.846870415146747,0.011804224625853977,1.72,1.0
54,Linear,Poisson,0.15,0.3502469565039078,1.7914221870539333,0.013437361873167115,1.74,1.0
55,Linear,Poisson,0.15,0.3358704084220059,1.8472590977991836,0.015082093034463194,1.78,1.0
56,Linear,Poisson,0.15,0.3166725093774605,1.7198156379466685,0.005064617033716381,1.6,1.0
57,Linear,Poisson,0.15,0.3394211052180074,1.7855421000729286,0.0116183414375897,1.56,1.0
58,Linear,Poisson,0.15,0.3317934388339597,1.8764582595508639,0.015523147061587732,1.68,1.0
59,Linear,Poisson,0.15,0.3074114580714926,1.8739426961687782,0.01228721237525471,1.72,1.0
60,Linear,Poisson,0.15,0.3574655903445939,1.901374426989587,0.017699777697382114,1.72,1.0
61,Linear,Poisson,0.15,0.3189550163255532,1.7894853509271598,0.008189735412301228,1.7,1.0
62,Linear,Poisson,0.15,0.3484741624801605,1.8376942309875184,0.01352464744035738,1.78,1.0
63,Linear,Poisson,0.15,0.33248547441685966,1.9479526116049184,0.017093181866989993,1.72,1.0
64,Linear,Poisson,0.15,0.3024865243977471,1.8221021942310351,0.006395118829434734,1.6400000000000001,1.0
65,Linear,Poisson,0.15,0.3177313948418084,1.9926646127574352,0.01910608287002385,1.74,1.0
66,Linear,Poisson,0.15,0.3340834282957631,1.852072212575317,0.010159812861044247,1.68,1.0
67,Linear,Poisson,0.15,0.32780454577265705,1.8534264591086227,0.011262187566678388,1.68,1.0
68,Linear,Poisson,0.15,0.38702262579377195,1.8994112646660286,0.022334025497044076,1.6400000000000001,1.0
69,Linear,Poisson,0.15,0.3179806449933288,1.8852872328430712,0.014384306554801767,1.7,1.0
70,Linear,Poisson,0.15,0.30233203937161207,1.8532737234117804,0.008905945767298187,1.62,1.0
71,Linear,Poisson,0.15,0.2710094212446594,1.8190068427736281,0.0025163438592469777,1.72,1.0
72,Linear,Poisson,0.15,0.3517602897930196,1.8886460176290123,0.02181816794866534,1.6400000000000001,1.0
73,Linear,Poisson,0.15,0.3128876951676962,1.7928129092428802,0.007308801612900356,1.68,1.0
74,Linear,Poisson,0.15,0.44394265091770413,2.002537378172713,0.055709673945092276,1.7,1.0
75,Linear,Poisson,0.15,0.29661546717104625,1.8295413825069342,0.005922954178758271,1.62,1.0
76,Linear,Poisson,0.15,0.35421889782181537,1.9478612375384272,0.028297537003951528,1.8,1.0
77,Linear,Poisson,0.15,0.31759824165084743,1.7603048561822223,0.0053711206912454125,1.6600000000000001,1.0
78,Linear,Poisson,0.15,0.3308094631068991,1.879825318615074,0.015457192933499708,1.68,1.0
79,Linear,Poisson,0.15,0.30654774803940366,1.9051902868336559,0.011094259427778854,1.68,1.0
80,Linear,Poisson,0.15,0.3138024333511376,1.839912256077048,0.010847487930001103,1.7,1.0
81,Linear,Poisson,0.15,0.309582150330102,1.790285246887448,0.008086856288834945,1.7,1.0
82,Linear,Poisson,0.15,0.5057040980793612,1.968440621239202,0.04496953017344653,1.72,1.0
83,Linear,Poisson,0.15,0.33283572400827016,1.8631694125569094,0.012836077863266343,1.74,1.0
84,Linear,Poisson,0.15,0.35612430128067596,1.8340183087535118,0.012954289456828033,1.58,1.0
85,Linear,Poisson,0.15,0.321417432244001,1.89137041580274,0.01223904012067438,1.78,1.0
86,Linear,Poisson,0.15,0.32729007028287593,1.7852675074899726,0.008243894672795224,1.7,1.0
87,Linear,Poisson,0.15,0.2997960557842669,1.8576609650065146,0.00778203825785478,1.6600000000000001,1.0
88,Linear,Poisson,0.15,0.3061114484996228,1.8046035552256061,0.006474106932560945,1.6400000000000001,1.0
89,Linear,Poisson,0.15,0.30592029677274096,1.7909193710761038,0.006316480363978214,1.6600000000000001,1.0
90,Linear,Poisson,0.15,0.3530829188663552,1.8346271395117981,0.012373072165494757,1.72,1.0
91,Linear,Poisson,0.15,0.3464250966842399,1.8563259360274635,0.013754849502932598,1.56,1.0
92,Linear,Poisson,0.15,0.31908905007703786,1.8793718588943502,0.008806161591820126,1.7,1.0
93,Linear,Poisson,0.15,0.3195649648478446,1.789224871751266,0.0075487594567915876,1.7,1.0
94,Linear,Poisson,0.15,0.3206235967845419,1.8164264511728796,0.00876011829585149,1.74,1.0
95,Linear,Poisson,0.15,0.33074138264191383,1.933799141913038,0.015828526477767394,1.6600000000000001,1.0
96,Linear,Poisson,0.15,0.34704586417896494,1.893706464063128,0.01940340959585492,1.6,1.0
97,Linear,Poisson,0.15,0.3165291985993764,1.88397372937827,0.013467193662364754,1.62,1.0
98,Linear,Poisson,0.15,0.39692172527290015,1.799474311573431,0.016054490547785558,1.86,1.0
99,Linear,Poisson,0.15,0.36050791481005134,1.8098420903593802,0.016147757733357908,1.76,1.0
100,Linear,Poisson,0.15,0.3027735961823755,1.8615578319424515,0.010474385079055865,1.74,1.0
101,Linear,Poisson,0.15,0.29839424510750834,1.8080883242931507,0.00685814728679607,1.6,1.0
102,Linear,Poisson,0.15,0.30667016418260573,1.919038678242749,0.014002508502644206,1.74,1.0
103,Linear,Poisson,0.15,0.34065544358405203,1.9182159343999174,0.020991453595571315,1.6400000000000001,1.0
104,Linear,Poisson,0.15,0.3086201652479212,1.8528505889989997,0.008020227781573496,1.6400000000000001,1.0
105,Linear,Poisson,0.15,0.34770360092562475,1.9284321725910796,0.01750367315607564,1.56,1.0
106,Linear,Poisson,0.15,0.3256013110268736,1.946534448448546,0.018621273918552173,1.6600000000000001,1.0
107,Linear,Poisson,0.15,0.31195731495151735,1.8523520177446273,0.010246620618048086,1.6600000000000001,1.0
108,Linear,Poisson,0.15,0.36919701814473055,1.8475381966185758,0.013700103088554327,1.82,1.0
109,Linear,Poisson,0.15,0.32077569267089534,1.9349014982390476,0.02074763153071144,1.6600000000000001,1.0
110,Linear,Poisson,0.15,0.3232065527176949,1.9116218860040122,0.013521785276973746,1.72,1.0
111,Linear,Poisson,0.15,0.2990924557210244,1.833518987213645,0.008217592869094114,1.6600000000000001,1.0
112,Linear,Poisson,0.15,0.35783051165898716,1.9450120739905763,0.02052589761198278,1.7,1.0
113,Linear,Poisson,0.15,0.28912350168832723,1.8458462832694464,0.006102497763134232,1.6600000000000001,1.0
114,Linear,Poisson,0.15,0.28533459413928297,1.830992366451774,0.0034461792060903624,1.62,1.0
115,Linear,Poisson,0.15,0.33307668796849804,1.9054787013250543,0.012664545640222001,1.68,1.0
116,Linear,Poisson,0.15,0.3467558806051908,2.0157985256261974,0.025984412274446467,1.6600000000000001,1.0
117,Linear,Poisson,0.15,0.3330029350301211,1.8506721657289193,0.014434920811558795,1.76,1.0
118,Linear,Poisson,0.15,0.29553902486973593,1.8133570485040094,0.00630720230190372,1.56,1.0
119,Linear,Poisson,0.15,0.31522724605702784,1.9096332399374305,0.010598850247249424,1.76,1.0
120,Linear,Poisson,0.15,0.3343911382719737,1.8975727408540763,0.017160011141059948,1.7,1.0
121,Linear,Poisson,0.15,0.333061770144756,1.8835889355018776,0.01860809872656183,1.6600000000000001,1.0
122,Linear,Poisson,0.15,0.45228758670833313,1.9340116889757324,0.03994581018697556,1.9000000000000001,1.0
123,Linear,Poisson,0.15,0.47854250902036966,1.9056741152612584,0.05262242887403391,1.68,1.0
124,Linear,Poisson,0.15,0.2873882339725676,1.760266128044375,0.00447925040772673,1.6400000000000001,1.0
125,Linear,Poisson,0.15,0.33019367063283334,1.8863405401079938,0.016002391729805256,1.6600000000000001,1.0
126,Linear,Poisson,0.15,0.3133126265722525,1.902616717817432,0.012313246175601889,1.76,1.0
127,Linear,Poisson,0.15,0.3731674339876171,1.8209801773817524,0.015677321103596698,1.6400000000000001,1.0
128,Linear,Poisson,0.15,0.3227289597599092,1.9289116208721773,0.017804455341805657,1.68,1.0
129,Linear,Poisson,0.15,0.40237100170105394,1.8617036082701974,0.03364664412897948,1.6600000000000001,1.0
130,Linear,Poisson,0.15,0.3924760180723786,1.7748222512622591,0.013603740849688574,1.6600000000000001,1.0
131,Linear,Poisson,0.15,0.3749016262311333,1.8357823463562135,0.022316752297144634,1.62,1.0
132,Linear,Poisson,0.15,0.39851075785249435,1.891858864107045,0.021668386990043625,1.68,1.0
133,Linear,Poisson,0.15,0.3607016522760228,1.9700295973991733,0.02161782047009578,1.7,1.0
134,Linear,Poisson,0.15,0.419109625069263,1.9441995318800143,0.03304265401123974,1.76,1.0
135,Linear,Poisson,0.15,0.3819283678127565,1.8019095351576164,0.0208756732842922,1.6600000000000001,1.0
136,Linear,Poisson,0.15,0.30174380678304713,1.8972041550748386,0.009878367426090261,1.6600000000000001,1.0
137,Linear,Poisson,0.15,0.32116215355619837,1.8041259731254558,0.009469625966184642,1.6600000000000001,1.0
138,Linear,Poisson,0.15,0.32482004603371517,1.8605043191502928,0.016873600833913156,1.6400000000000001,1.0
139,Linear,Poisson,0.15,0.5610409171937207,1.9206843667635585,0.06843838510303843,1.6400000000000001,1.0
140,Linear,Poisson,0.15,0.3214714517101249,1.8023850112680464,0.009973194376578,1.72,1.0
141,Linear,Poisson,0.15,0.325954837139362,1.7970006998440766,0.00958522599488394,1.6400000000000001,1.0
142,Linear,Poisson,0.15,0.29480596955191174,1.7782053643034172,0.006147083739591952,1.74,1.0
143,Linear,Poisson,0.15,0.34167899774746846,1.830955678408316,0.010011358870756742,1.58,1.0
144,Linear,Poisson,0.15,0.3890892690014283,1.9280045656290952,0.02843715379860633,1.76,1.0
145,Linear,Poisson,0.15,0.36647240011694515,1.8370079628596456,0.019893431697882595,1.72,1.0
146,Linear,Poisson,0.15,0.3079381709427386,1.8135266599444033,0.007919277712830687,1.6600000000000001,1.0
147,Linear,Poisson,0.15,0.3132936283286198,1.8741030707565332,0.011123773496934136,1.6600000000000001,1.0
148,Linear,Poisson,0.15,0.33060237985764285,1.8633075762875497,0.013005725483491779,1.7,1.0
149,Linear,Poisson,0.15,0.33183842319714785,1.9008862946249043,0.01618084874183877,1.7,1.0
150,Linear,Poisson,0.15,0.4719544579144995,1.851060801599037,0.04062339001353548,1.74,1.0
151,Linear,Poisson,0.15,0.33393413746337536,1.904331732058271,0.0181088964096678,1.7,1.0
152,Linear,Poisson,0.15,0.33506081789571734,1.9112823199165456,0.015568197013386829,1.58,1.0
153,Linear,Poisson,0.15,0.29707817448196394,1.8377083754809325,0.006384438964560221,1.68,1.0
154,Linear,Poisson,0.15,0.305749917349583,1.8761930073439013,0.00977143305863314,1.72,1.0
155,Linear,Poisson,0.15,0.29785341965042483,1.7400216785000768,0.005444526576438273,1.54,1.0
156,Linear,Poisson,0.15,0.32269412781029466,1.948676915140935,0.017781114322579,1.6400000000000001,1.0
157,Linear,Poisson,0.15,0.409651382974838,1.8743227051380076,0.019598919283468432,1.74,1.0
158,Linear,Poisson,0.15,0.33146517363220707,1.8802176300193498,0.014680125201966307,1.58,1.0
159,Linear,Poisson,0.15,0.426835591704117,1.8372020158114728,0.023748035966366262,1.8800000000000001,1.0
160,Linear,Poisson,0.15,0.27265764857409464,1.7579613145304198,0.0026248281017649056,1.6600000000000001,1.0
161,Linear,Poisson,0.15,0.3414792628757577,1.8268469844062125,0.015904994235467203,1.7,1.0
162,Linear,Poisson,0.15,0.30024937493298776,1.826279571134115,0.007331529070258694,1.74,1.0
163,Linear,Poisson,0.15,0.31092769496948164,1.9207064360127069,0.009497053061281685,1.7,1.0
164,Linear,Poisson,0.15,0.35921397684023243,1.945022112084048,0.021321498582938293,1.7,1.0
165,Linear,Poisson,0.15,0.30100329817409505,1.9082318849508912,0.008905477100255544,1.72,1.0
166,Linear,Poisson,0.15,0.3620737441470475,1.905556513024927,0.01976549789811735,1.6600000000000001,1.0
167,Linear,Poisson,0.15,0.3347358619622005,1.9069154286443346,0.014474853523841527,1.6400000000000001,1.0
168,Linear,Poisson,0.15,0.46258843820568357,1.8528982319123983,0.039444707136751286,1.6400000000000001,1.0
169,Linear,Poisson,0.15,0.29951529115768555,1.7451287951510508,0.0037606640270893875,1.58,1.0
170,Linear,Poisson,0.15,0.39885933691484105,1.9746900559793048,0.03711238318836714,1.68,1.0
171,Linear,Poisson,0.15,0.3764714037795468,1.8988561268567723,0.023326498651256435,1.72,1.0
172,Linear,Poisson,0.15,0.29948177219438404,1.8772108041203681,0.012259381487142833,1.6600000000000001,1.0
173,Linear,Poisson,0.15,0.3797193343680252,1.9064411032309976,0.021070849311126592,1.72,1.0
174,Linear,Poisson,0.15,0.32157302223376927,1.8300556409242208,0.009533675598536694,1.72,1.0
175,Linear,Poisson,0.15,0.3092894594099727,1.913451990991174,0.011013869024213654,1.6400000000000001,1.0
176,Linear,Poisson,0.15,0.31470052118826813,1.8348815669346887,0.00883503197070029,1.68,1.0
177,Linear,Poisson,0.15,0.352461890889783,1.8980687115110484,0.014658691574273611,1.7,1.0
178,Linear,Poisson,0.15,0.5152313414869548,1.8271489955659814,0.04329125123991806,1.6600000000000001,1.0
179,Linear,Poisson,0.15,0.3302517203363268,1.9060525630461902,0.02178291426136622,1.76,1.0
180,Linear,Poisson,0.15,0.3210187153969329,1.8798668482203407,0.012648871519107171,1.68,1.0
181,Linear,Poisson,0.15,0.35915234523003864,1.8279080380442827,0.014571944312045062,1.72,1.0
182,Linear,Poisson,0.15,0.35070268735648047,1.8806896186297632,0.018407658522130957,1.76,1.0
183,Linear,Poisson,0.15,0.3293031434151575,1.9575859398201554,0.015934678259266442,1.78,1.0
184,Linear,Poisson,0.15,0.3041891332101131,1.858228080794464,0.006666181875359314,1.6400000000000001,1.0
185,Linear,Poisson,0.15,0.29476850045051023,1.8094523780985725,0.0047393804362828645,1.68,1.0
186,Linear,Poisson,0.15,0.3262845608305984,2.0142390682938185,0.021068900248131406,1.68,1.0
187,Linear,Poisson,0.15,0.30472358784632286,1.8643599621098468,0.008025364139602888,1.7,1.0
188,Linear,Poisson,0.15,0.3380548705713223,1.7684782089721773,0.011666628940313577,1.72,1.0
189,Linear,Poisson,0.15,0.2981406156300316,1.7416952028071224,0.005068604300013994,1.74,1.0
190,Linear,Poisson,0.15,0.331052494054612,1.8779863985376901,0.012961717958695513,1.68,1.0
191,Linear,Poisson,0.15,0.3372985716266311,1.8496922472200978,0.017457786199681195,1.6600000000000001,1.0
192,Linear,Poisson,0.15,0.31757471027658063,1.898456491272072,0.00871893263884242,1.6400000000000001,1.0
193,Linear,Poisson,0.15,0.2889099138087124,1.799574103698997,0.004180630287692664,1.72,1.0
194,Linear,Poisson,0.15,0.3289254193931024,1.9204799664077152,0.013340564762430916,1.62,1.0
195,Linear,Poisson,0.15,0.366928099710817,1.860933675633363,0.02605204764048344,1.72,1.0
196,Linear,Poisson,0.15,0.352570390641442,1.9025633269360709,0.014446537708312765,1.6600000000000001,1.0
197,Linear,Poisson,0.15,0.33082092408353586,1.8143329385650007,0.010386498067012532,1.62,1.0
198,Linear,Poisson,0.15,0.352274817366962,1.8711161825624079,0.020332519199669122,1.62,1.0
199,Linear,Poisson,0.15,0.3196634153819584,1.8179818430263202,0.008469422539471293,1.7,1.0
200,Linear,Poisson,0.15,0.3031667376192545,1.8276140986333864,0.006860744706259957,1.6400000000000001,1.0
201,Linear,Poisson,0.15,0.3351410009662831,1.8463450529179364,0.012102463136669378,1.6600000000000001,1.0
202,Linear,Poisson,0.15,0.34873257700545457,1.8391252185180145,0.012715568502869605,1.62,1.0
203,Linear,Poisson,0.15,0.30752997881846944,1.8915022018188907,0.007278463826945286,1.6600000000000001,1.0
204,Linear,Poisson,0.15,0.3239554795338983,1.8033602929528383,0.010311444245852694,1.72,1.0
205,Linear,Poisson,0.15,0.36889069212485526,1.9238647405076528,0.022024918098668415,1.6600000000000001,1.0
206,Linear,Poisson,0.15,0.3465262652355978,1.912079883985094,0.01630661355359112,1.72,1.0
207,Linear,Poisson,0.15,0.31464066515907013,1.807028776080027,0.005195171742264261,1.6600000000000001,1.0
208,Linear,Poisson,0.15,0.39011566542796483,1.9405423963146595,0.021976703907843117,1.7,1.0
209,Linear,Poisson,0.15,0.3306584448801682,1.9313439836810211,0.012692760049440173,1.74,1.0
210,Linear,Poisson,0.15,0.31014295725950636,1.9045887650779376,0.009825279660274619,1.7,1.0
211,Linear,Poisson,0.15,0.39023998320455494,1.7269202700932593,0.0141144066347671,1.6400000000000001,1.0
212,Linear,Poisson,0.15,0.2903052557346148,1.791854812687525,0.007222791216664234,1.6400000000000001,1.0
213,Linear,Poisson,0.15,0.34815030877573633,2.0287046348483497,0.03172631978756666,1.7,1.0
214,Linear,Poisson,0.15,0.2899044397373716,1.8716061804942339,0.0065011392243526514,1.6,1.0
215,Linear,Poisson,0.15,0.3407535626303645,1.8181879973860453,0.010536410365328097,1.6400000000000001,1.0
216,Linear,Poisson,0.15,0.3800183572490528,2.0292840253023385,0.030732690583514233,1.76,1.0
217,Linear,Poisson,0.15,0.3266743154292109,1.8786903511846171,0.014283551397522135,1.68,1.0
218,Linear,Poisson,0.15,0.34593392016264146,1.761517600829024,0.009272100864456713,1.62,1.0
219,Linear,Poisson,0.15,0.3719494086427036,1.8801164277550402,0.018029947473737738,1.6600000000000001,1.0
220,Linear,Poisson,0.15,0.3550377356171258,1.911832904496761,0.023678985569296766,1.6600000000000001,1.0
221,Linear,Poisson,0.15,0.3418683290768837,1.9217134061805377,0.01613758357303145,1.72,1.0
222,Linear,Poisson,0.15,0.4006960720713062,1.7753090933018132,0.016189627300453115,1.6,1.0
223,Linear,Poisson,0.15,0.32744922192194437,1.844357677786255,0.01456168039691853,1.78,1.0
224,Linear,Poisson,0.15,0.3151754001095348,1.8900962280327673,0.01425487558558479,1.72,1.0
225,Linear,Poisson,0.15,0.4579870621255908,1.9527989911756793,0.05284722671867344,1.68,1.0
226,Linear,Poisson,0.15,0.31747226758570013,1.9048545285340517,0.012334508771677312,1.68,1.0
227,Linear,Poisson,0.15,0.33263681964550146,1.8129353764840352,0.012003338008089144,1.7,1.0
228,Linear,Poisson,0.15,0.3391405357691222,1.872831580697321,0.0103302157605436,1.7,1.0
229,Linear,Poisson,0.15,0.3335057131729097,1.9244653613793272,0.015386915111716378,1.6600000000000001,1.0
230,Linear,Poisson,0.15,0.34423794780763406,1.7906709324111034,0.010213439026507034,1.74,1.0
231,Linear,Poisson,0.15,0.364965447868767,1.9637353968693287,0.02777085298513298,1.8,1.0
232,Linear,Poisson,0.15,0.29370087714264836,1.8170368787506639,0.006151342211533385,1.72,1.0
233,Linear,Poisson,0.15,0.30018827441659945,1.888136348230638,0.00929895011870416,1.72,1.0
234,Linear,Poisson,0.15,0.35150569958930966,1.9073283981622444,0.023239150135922256,1.78,1.0
235,Linear,Poisson,0.15,0.337393972784371,1.9004910397672177,0.015644237523989607,1.68,1.0
236,Linear,Poisson,0.15,0.4458803240512963,1.822728941464918,0.031945229117459784,1.62,1.0
237,Linear,Poisson,0.15,0.41630094258613826,1.8012405196146994,0.02156573686033947,1.68,1.0
238,Linear,Poisson,0.15,0.38260910187178765,1.9244630425025653,0.02421317646152458,1.6400000000000001,1.0
239,Linear,Poisson,0.15,0.3321680217916692,1.9187302109231608,0.01580399154721975,1.78,1.0
240,Linear,Poisson,0.15,0.31683840842487826,1.8880927517428763,0.012994269885286416,1.6400000000000001,1.0
241,Linear,Poisson,0.15,0.35408948772735443,1.9330518836349266,0.017581505958796973,1.6600000000000001,1.0
242,Linear,Poisson,0.15,0.3672775153345421,1.966085848851142,0.026864876014135203,1.72,1.0
243,Linear,Poisson,0.15,0.37325651116682,1.969819594502677,0.03065039105021534,1.74,1.0
244,Linear,Poisson,0.15,0.3157958177986875,1.8438358184278918,0.00930104191661517,1.72,1.0
245,Linear,Poisson,0.15,0.3438857679828635,1.8305822313987496,0.014275796870805641,1.78,1.0
246,Linear,Poisson,0.15,0.32527673665443096,1.8416651581957766,0.014297784485112378,1.72,1.0
247,Linear,Poisson,0.15,0.3747588161387207,1.8807889504986026,0.015612535610468211,1.6400000000000001,1.0
248,Linear,Poisson,0.15,0.3068297929522971,1.919300344208477,0.011338679856371651,1.74,1.0
249,Linear,Poisson,0.15,0.3396234610476834,1.8405796504431233,0.021097028584795015,1.62,1.0
250,Linear,Poisson,0.15,0.3552414903837601,1.9494450712709464,0.02389943070538887,1.82,1.0
251,Linear,Poisson,0.15,0.35491117255939536,1.8353935917319164,0.019777478193348956,1.58,1.0
252,Linear,Poisson,0.15,0.31687346921393833,1.9333587579456717,0.01722810408825508,1.68,1.0
253,Linear,Poisson,0.15,0.32764726555859636,1.7834207956470154,0.008760116341067084,1.6,1.0
254,Linear,Poisson,0.15,0.36838872796841665,1.8963603123940882,0.021612646808595,1.82,1.0
255,Linear,Poisson,0.15,0.3941560482324287,1.9603432868900386,0.031118156139222163,1.6400000000000001,1.0
256,Linear,Poisson,0.15,0.3607458828869012,1.8216604330679695,0.012498598516010016,1.6600000000000001,1.0
257,Linear,Poisson,0.15,0.40844916151686944,1.853755425564452,0.018533991981681663,1.6400000000000001,1.0
258,Linear,Poisson,0.15,0.3120826734534358,1.8286955578363489,0.011647570398237604,1.6400000000000001,1.0
259,Linear,Poisson,0.15,0.45708330993914476,1.7903164369549909,0.029230004697195375,1.58,1.0
260,Linear,Poisson,0.15,0.351029482785384,1.7734044090632035,0.01141342167256953,1.6,1.0
261,Linear,Poisson,0.15,0.30441649043971497,1.8363769200036053,0.007597296513262047,1.72,1.0
262,Linear,Poisson,0.15,0.3057032709473263,1.887098671480271,0.008940425844959644,1.48,1.0
263,Linear,Poisson,0.15,0.3772628482283124,1.875237355797064,0.01854514680904797,1.6,1.0
264,Linear,Poisson,0.15,0.30368170886254686,1.9142962157272574,0.009202394786893466,1.62,1.0
265,Linear,Poisson,0.15,0.34164794529805725,1.8468981610636903,0.01004553021351779,1.7,1.0
266,Linear,Poisson,0.15,0.3333299889221428,1.9605359028560287,0.02490197244725907,1.76,1.0
267,Linear,Poisson,0.15,0.3806836290523896,1.8791360802500243,0.024676431581629594,1.6400000000000001,1.0
268,Linear,Poisson,0.15,0.3714669421388998,1.8612993391120352,0.018009728137173536,1.62,1.0
269,Linear,Poisson,0.15,0.3303520585156078,1.9357737339396364,0.01592335826536513,1.78,1.0
270,Linear,Poisson,0.15,0.3789070096534947,1.8083779519093772,0.018492750928767197,1.6400000000000001,1.0
271,Linear,Poisson,0.15,0.29662012511841046,1.8331278728932703,0.007461739546867246,1.62,1.0
272,Linear,Poisson,0.15,0.34761286271858827,1.8656992562798174,0.01495413401092516,1.7,1.0
273,Linear,Poisson,0.15,0.3055764141115524,1.7728903469844222,0.008826446910451315,1.58,1.0
274,Linear,Poisson,0.15,0.4739603062193679,1.804068173443283,0.03101025036325612,1.68,1.0
275,Linear,Poisson,0.15,0.35630153979253815,1.9116837519631364,0.024114702872889783,1.6400000000000001,1.0
276,Linear,Poisson,0.15,0.3187647830267091,1.9181747819900392,0.013014065916743228,1.6600000000000001,1.0
277,Linear,Poisson,0.15,0.3403895418911665,1.8722077230237464,0.017918922206930896,1.8,1.0
278,Linear,Poisson,0.15,0.27643504460683854,1.7963077150519984,0.0034398477236421065,1.68,1.0
279,Linear,Poisson,0.15,0.3398810647135802,1.907431960491817,0.01705665239532241,1.76,1.0
280,Linear,Poisson,0.15,0.30917083343696133,1.8627698830625916,0.009792931736134748,1.58,1.0
281,Linear,Poisson,0.15,0.3239975297436326,1.8629341595038298,0.01818659081581415,1.68,1.0
282,Linear,Poisson,0.15,0.33103415852237966,1.8590055709388997,0.01600421866343221,1.76,1.0
283,Linear,Poisson,0.15,0.3014163520462375,1.88700540400817,0.008777753226806769,1.6400000000000001,1.0
284,Linear,Poisson,0.15,0.3276862741852954,1.9020278291072983,0.015780115096699816,1.7,1.0
285,Linear,Poisson,0.15,0.3231332144919316,1.8069465955860513,0.008805655670247886,1.74,1.0
286,Linear,Poisson,0.15,0.34539190897675076,1.8269229919843093,0.013486293490428205,1.6400000000000001,1.0
287,Linear,Poisson,0.15,0.30797962689476027,1.7589518738926604,0.005814127920164131,1.74,1.0
288,Linear,Poisson,0.15,0.4365432571567923,1.955856660850583,0.04345559266594737,1.8,1.0
289,Linear,Poisson,0.15,0.47283763853113625,1.8415453669212514,0.05054896171228385,1.7,1.0
290,Linear,Poisson,0.15,0.30999223036589646,1.8756008687375592,0.009724623002392649,1.6600000000000001,1.0
291,Linear,Poisson,0.15,0.33271795692718964,1.8325949111758872,0.01164364062753255,1.6600000000000001,1.0
292,Linear,Poisson,0.15,0.32586349516525615,1.789918886961667,0.007981976541431082,1.68,1.0
293,Linear,Poisson,0.15,0.3902829399354376,1.946855478524187,0.03044030944398593,1.6400000000000001,1.0
294,Linear,Poisson,0.15,0.30907903864989994,1.7237018057593847,0.0038176038713564698,1.6400000000000001,1.0
295,Linear,Poisson,0.15,0.3295684050268835,1.9228160269122587,0.014904170287973525,1.6600000000000001,1.0
296,Linear,Poisson,0.15,0.5121515067843982,1.8554015274596445,0.05778750563315334,1.62,1.0
297,Linear,Poisson,0.15,0.38107874044510537,1.927595861259503,0.028576304315006944,1.7,1.0
298,Linear,Poisson,0.15,0.3033451243029359,1.859659925460648,0.011475368607903037,1.6400000000000001,1.0
299,Linear,Poisson,0.15,0.31848161579598716,1.830205428095715,0.00813540646599658,1.68,1.0
0,Michaelis-Menten,Poisson,0.15,0.3324855981140005,2.0218438519399915,0.02177421769180681,1.6600000000000001,1.0
1,Michaelis-Menten,Poisson,0.15,0.31052924399609194,1.9813712221891375,0.014592426682679443,1.7,1.0
2,Michaelis-Menten,Poisson,0.15,0.5336926668192044,1.987877437516373,0.05959583870369776,1.74,1.0
3,Michaelis-Menten,Poisson,0.15,0.3588386439924474,1.9709259907890455,0.02343108080863156,1.68,1.0
4,Michaelis-Menten,Poisson,0.15,0.3782480390295783,1.9892296299348295,0.02490838826934678,1.6,1.0
5,Michaelis-Menten,Poisson,0.15,0.33530650102620263,1.920762117477536,0.012751535640349284,1.6400000000000001,1.0
6,Michaelis-Menten,Poisson,0.15,0.34728870532839134,1.838285520690618,0.010571170656527061,1.54,1.0
7,Michaelis-Menten,Poisson,0.15,0.3160535306455711,1.9946834605220676,0.013082828219306838,1.56,1.0
8,Michaelis-Menten,Poisson,0.15,0.3168549071030557,2.0071646962213716,0.014074716153422174,1.7,1.0
9,Michaelis-Menten,Poisson,0.15,0.38618011544263586,2.0740975274750353,0.030889376473362068,1.58,1.0
10,Michaelis-Menten,Poisson,0.15,0.39721653920802924,1.9465097096490902,0.025085593951833986,1.7,1.0
11,Michaelis-Menten,Poisson,0.15,0.3821402944219718,2.075608533605314,0.036321300868709175,1.68,1.0
12,Michaelis-Menten,Poisson,0.15,0.32391636131043117,1.9701818910318603,0.011604753468270428,1.58,1.0
13,Michaelis-Menten,Poisson,0.15,0.36353148370448013,1.9444988795918392,0.017648898849378383,1.58,1.0
14,Michaelis-Menten,Poisson,0.15,0.3073654558276096,1.853397937561213,0.01088432475636899,1.6,1.0
15,Michaelis-Menten,Poisson,0.15,0.3972571189212763,2.00589677491031,0.03026057840512328,1.76,1.0
16,Michaelis-Menten,Poisson,0.15,0.3506171742196056,1.8971214463236232,0.01716006435151466,1.72,1.0
17,Michaelis-Menten,Poisson,0.15,0.5272835836338484,2.211960089595434,0.07245032053611292,1.62,1.0
18,Michaelis-Menten,Poisson,0.15,0.32916038188077745,2.0357421960731568,0.01821750578487226,1.72,1.0
19,Michaelis-Menten,Poisson,0.15,0.3227517620649774,1.9767604112166268,0.014856435798172397,1.76,1.0
20,Michaelis-Menten,Poisson,0.15,0.3603883918738554,1.9419811416766921,0.017651125025433506,1.54,1.0
21,Michaelis-Menten,Poisson,0.15,0.4415089956233142,2.0239752103919084,0.03929950645629604,1.92,1.0
22,Michaelis-Menten,Poisson,0.15,0.2973306650695231,1.8552737631780496,0.003828163115303757,1.6400000000000001,1.0
23,Michaelis-Menten,Poisson,0.15,0.3302499760306442,2.0502258141745937,0.013901979176634788,1.7,1.0
24,Michaelis-Menten,Poisson,0.15,0.3423235248557423,2.0982068163955203,0.02450235057459071,1.6400000000000001,1.0
25,Michaelis-Menten,Poisson,0.15,0.3462592792360627,2.065050895452238,0.017835927312336283,1.6,1.0
26,Michaelis-Menten,Poisson,0.15,0.32501206017262685,1.975262621185875,0.016942016565151142,1.74,1.0
27,Michaelis-Menten,Poisson,0.15,0.5698539265585492,1.9331326180604254,0.06962797882946874,1.68,1.0
28,Michaelis-Menten,Poisson,0.15,0.3507544083164678,1.9287603558820394,0.02210743658542807,1.68,1.0
29,Michaelis-Menten,Poisson,0.15,0.30806239665222757,1.8243433954917154,0.005353707890206702,1.74,1.0
30,Michaelis-Menten,Poisson,0.15,0.3167147575977049,1.9841257433871233,0.014747204484413445,1.6600000000000001,1.0
31,Michaelis-Menten,Poisson,0.15,0.4376856212660609,2.138888137708852,0.06493285464863663,1.86,1.0
32,Michaelis-Menten,Poisson,0.15,0.35794345504804614,2.064089155496426,0.027316943476261037,1.6400000000000001,1.0
33,Michaelis-Menten,Poisson,0.15,0.3314665997458108,1.9448399006470893,0.009084862115906391,1.62,1.0
34,Michaelis-Menten,Poisson,0.15,0.34202911385036655,2.0401826256911524,0.020226433634356195,1.68,1.0
35,Michaelis-Menten,Poisson,0.15,0.3454352439404144,1.9881881026982133,0.018279408270244445,1.6600000000000001,1.0
36,Michaelis-Menten,Poisson,0.15,0.566321411904861,2.063433359765849,0.07131458100834978,1.68,1.0
37,Michaelis-Menten,Poisson,0.15,0.3536556784905182,1.8825332471381306,0.01770182009954358,1.62,1.0
38,Michaelis-Menten,Poisson,0.15,0.3047296334926176,1.9741314878274037,0.010419490625955138,1.6400000000000001,1.0
39,Michaelis-Menten,Poisson,0.15,0.33207253159827327,2.058069091575012,0.017781648724287967,1.6400000000000001,1.0
40,Michaelis-Menten,Poisson,0.15,0.3586796042613783,1.9727904046724627,0.023580523905838605,1.62,1.0
41,Michaelis-Menten,Poisson,0.15,0.31035903871396464,1.7938735604665554,0.004407488010718005,1.6600000000000001,1.0
42,Michaelis-Menten,Poisson,0.15,0.30757271685132265,1.9206077130037513,0.008303417028756971,1.6,1.0
43,Michaelis-Menten,Poisson,0.15,0.36458246437841185,2.1285956246191504,0.03451971694992226,1.62,1.0
44,Michaelis-Menten,Poisson,0.15,0.5503543060891369,2.042629609938234,0.07294930142407556,1.6,1.0
45,Michaelis-Menten,Poisson,0.15,0.3280589720984599,1.9474606869327575,0.01878755206674853,1.58,1.0
46,Michaelis-Menten,Poisson,0.15,0.3817494090321538,1.9593020776415742,0.0265163864416425,1.54,1.0
47,Michaelis-Menten,Poisson,0.15,0.32427455786139203,1.93052559644627,0.009844554335851081,1.6,1.0
48,Michaelis-Menten,Poisson,0.15,0.3711600185428589,1.960651637978758,0.02026488750636402,1.54,1.0
49,Michaelis-Menten,Poisson,0.15,0.39155530455465026,2.00935780213239,0.02373449529168278,1.74,1.0
50,Michaelis-Menten,Poisson,0.15,0.3182860411059607,1.9098351368547173,0.01069866151536974,1.68,1.0
51,Michaelis-Menten,Poisson,0.15,0.3007216751088792,1.9621343196110541,0.01005381421713507,1.62,1.0
52,Michaelis-Menten,Poisson,0.15,0.4859882609651839,2.0318243822780095,0.054960920652496345,1.54,1.0
53,Michaelis-Menten,Poisson,0.15,0.3327083478201279,1.9461133498990888,0.01372840497690926,1.7,1.0
54,Michaelis-Menten,Poisson,0.15,0.36242313183874375,1.8902873349859646,0.01763639581354902,1.72,1.0
55,Michaelis-Menten,Poisson,0.15,0.33587040359339815,1.9507011313018596,0.017739323044959628,1.76,1.0
56,Michaelis-Menten,Poisson,0.15,0.3166725093774605,1.797258938111392,0.0058046601690227425,1.56,1.0
57,Michaelis-Menten,Poisson,0.15,0.3394211052180074,1.8751126586148548,0.013776954788256086,1.52,1.0
58,Michaelis-Menten,Poisson,0.15,0.3317934388339597,1.98483067394297,0.018205519445125076,1.6600000000000001,1.0
59,Michaelis-Menten,Poisson,0.15,0.3072739978228025,1.9774353142500918,0.013948064286315077,1.7,1.0
60,Michaelis-Menten,Poisson,0.15,0.36851318476395434,2.0183311088917546,0.02230649461771838,1.7,1.0
61,Michaelis-Menten,Poisson,0.15,0.3189550163255532,1.880865742944328,0.009409437448605408,1.68,1.0
62,Michaelis-Menten,Poisson,0.15,0.3484741624801605,1.936182153325403,0.01598554533015791,1.76,1.0
63,Michaelis-Menten,Poisson,0.15,0.33248547441685966,2.063530455562581,0.019863186306543067,1.7,1.0
64,Michaelis-Menten,Poisson,0.15,0.3024865243977471,1.92023906576137,0.007556755815232585,1.6,1.0
65,Michaelis-Menten,Poisson,0.15,0.3177313948418084,2.1160827337976666,0.022002346278218052,1.72,1.0
66,Michaelis-Menten,Poisson,0.15,0.33408290276567454,1.9511847153935924,0.011711052613419301,1.6400000000000001,1.0
67,Michaelis-Menten,Poisson,0.15,0.32780454577265705,1.957810933016378,0.013034629219063901,1.6400000000000001,1.0
68,Michaelis-Menten,Poisson,0.15,0.38702262579377195,2.0101139310451095,0.026633369604568764,1.6,1.0
69,Michaelis-Menten,Poisson,0.15,0.3179806449933288,1.9916340145369633,0.016528040160918623,1.68,1.0
70,Michaelis-Menten,Poisson,0.15,0.30233203937161207,1.9545841027196098,0.01014819243394507,1.6,1.0
71,Michaelis-Menten,Poisson,0.15,0.2710003892726907,1.9101587961376805,0.002708506309968163,1.7,1.0
72,Michaelis-Menten,Poisson,0.15,0.3517602897930196,1.9990934874013322,0.02583106725280067,1.6,1.0
73,Michaelis-Menten,Poisson,0.15,0.3128876951676962,1.88217877178445,0.008355867269301724,1.6600000000000001,1.0
74,Michaelis-Menten,Poisson,0.15,0.4491318037482939,2.150541744746439,0.06970152977324723,1.68,1.0
75,Michaelis-Menten,Poisson,0.15,0.29661546717104625,1.924084899780941,0.0065630601154106245,1.58,1.0
76,Michaelis-Menten,Poisson,0.15,0.36143684969159195,2.0760307528955737,0.034472478071747,1.82,1.0
77,Michaelis-Menten,Poisson,0.15,0.31759824165084743,1.8458678808847626,0.006110871054491942,1.6400000000000001,1.0
78,Michaelis-Menten,Poisson,0.15,0.330696077709883,1.9848980972381767,0.017946462579704024,1.6400000000000001,1.0
79,Michaelis-Menten,Poisson,0.15,0.30654774803940366,2.012472170413342,0.012601604713253028,1.6400000000000001,1.0
80,Michaelis-Menten,Poisson,0.15,0.3138024333511376,1.9375642958885053,0.012353986048881941,1.6600000000000001,1.0
81,Michaelis-Menten,Poisson,0.15,0.3095821503294912,1.879127615099149,0.009259065282477785,1.68,1.0
82,Michaelis-Menten,Poisson,0.15,0.5191348286519242,2.10998229527095,0.0602828457253205,1.7,1.0
83,Michaelis-Menten,Poisson,0.15,0.33283572400622585,1.9656083386256904,0.014871346054030479,1.72,1.0
84,Michaelis-Menten,Poisson,0.15,0.3563735634424485,1.9321917339170886,0.015372026137349616,1.54,1.0
85,Michaelis-Menten,Poisson,0.15,0.3233843209819082,1.999253998493044,0.0142585512034667,1.76,1.0
86,Michaelis-Menten,Poisson,0.15,0.33532468601518284,1.8807408949019584,0.010465369130309316,1.68,1.0
87,Michaelis-Menten,Poisson,0.15,0.2997960557842669,1.957689407635027,0.008714585329876309,1.62,1.0
88,Michaelis-Menten,Poisson,0.15,0.3061114484996228,1.8951372332185998,0.007328448699646847,1.62,1.0
89,Michaelis-Menten,Poisson,0.15,0.30592029677274096,1.8791281879886454,0.0071607603040168295,1.62,1.0
90,Michaelis-Menten,Poisson,0.15,0.3530829188663552,1.9319409960203338,0.014445443048453502,1.7,1.0
91,Michaelis-Menten,Poisson,0.15,0.3464250966842399,1.9630548937783874,0.01630367018671028,1.5,1.0
92,Michaelis-Menten,Poisson,0.15,0.31908905007703786,1.9815502550406283,0.010038690512922712,1.68,1.0
93,Michaelis-Menten,Poisson,0.15,0.3195649648478446,1.8777232910254273,0.008648285223825197,1.68,1.0
94,Michaelis-Menten,Poisson,0.15,0.3206235967845419,1.9101727639630166,0.009978512480768194,1.72,1.0
95,Michaelis-Menten,Poisson,0.15,0.33074138264191383,2.0473247697615924,0.018227884604004027,1.6400000000000001,1.0
96,Michaelis-Menten,Poisson,0.15,0.34704586417896494,2.002090599423799,0.022932354304751233,1.56,1.0
97,Michaelis-Menten,Poisson,0.15,0.31850059721359775,1.9921531317025027,0.0156976297246033,1.58,1.0
98,Michaelis-Menten,Poisson,0.15,0.40483830971133505,1.901547561805794,0.020886485496957263,1.8800000000000001,1.0
99,Michaelis-Menten,Poisson,0.15,0.36472729294010087,1.9098333231501725,0.019557014149166264,1.74,1.0
100,Michaelis-Menten,Poisson,0.15,0.30277356757016327,1.9617442904513216,0.011860642843057339,1.74,1.0
101,Michaelis-Menten,Poisson,0.15,0.29839424510750834,1.8996959503925568,0.007833524757909391,1.56,1.0
102,Michaelis-Menten,Poisson,0.15,0.3141318013249078,2.036112196228562,0.016674052132345487,1.72,1.0
103,Michaelis-Menten,Poisson,0.15,0.34529738185437764,2.0410043458232585,0.025502892127493636,1.6,1.0
104,Michaelis-Menten,Poisson,0.15,0.3084692514037239,1.9508079637800184,0.009110731983913727,1.6,1.0
105,Michaelis-Menten,Poisson,0.15,0.34770163748558913,2.0418972357341754,0.020302723355911906,1.52,1.0
106,Michaelis-Menten,Poisson,0.15,0.32560131102687345,2.06567324237459,0.021791801364138788,1.6400000000000001,1.0
107,Michaelis-Menten,Poisson,0.15,0.31180110869225075,1.9517597880461712,0.011659395479805133,1.62,1.0
108,Michaelis-Menten,Poisson,0.15,0.36919701814473055,1.9467737858694483,0.01631151490784707,1.82,1.0
109,Michaelis-Menten,Poisson,0.15,0.3233953671107365,2.0554434060347644,0.02457623826183489,1.6400000000000001,1.0
110,Michaelis-Menten,Poisson,0.15,0.3232065527176949,2.0204653013621465,0.015629847423293906,1.7,1.0
111,Michaelis-Menten,Poisson,0.15,0.2990924557210244,1.929180067810936,0.009311519948548175,1.62,1.0
112,Michaelis-Menten,Poisson,0.15,0.35783051165898716,2.0613219344547034,0.024089201689512115,1.68,1.0
113,Michaelis-Menten,Poisson,0.15,0.28912350168832723,1.9420882783433653,0.0068210071111177205,1.62,1.0
114,Michaelis-Menten,Poisson,0.15,0.28533459413928297,1.9236521722074462,0.003726621733288261,1.58,1.0
115,Michaelis-Menten,Poisson,0.15,0.33307668796849804,2.0131234598901027,0.014507905473734931,1.6400000000000001,1.0
116,Michaelis-Menten,Poisson,0.15,0.34851813551638644,2.1502254738388507,0.031253770470067097,1.6400000000000001,1.0
117,Michaelis-Menten,Poisson,0.15,0.3330029350301211,1.952835464530917,0.016799268109741205,1.76,1.0
118,Michaelis-Menten,Poisson,0.15,0.29553902486973593,1.9051895992437902,0.007109130135012858,1.52,1.0
119,Michaelis-Menten,Poisson,0.15,0.31522724605702784,2.0189166984288285,0.012205525844921355,1.76,1.0
120,Michaelis-Menten,Poisson,0.15,0.34437686423436525,2.012873977385439,0.021389074123302033,1.68,1.0
121,Michaelis-Menten,Poisson,0.15,0.333061770144756,1.9903871532097925,0.021760619027691806,1.6400000000000001,1.0
122,Michaelis-Menten,Poisson,0.15,0.46530704242180293,2.066336092404176,0.051949865079062914,1.94,1.0
123,Michaelis-Menten,Poisson,0.15,0.4944949684647558,2.049120077015001,0.07005102789586241,1.6400000000000001,1.0
124,Michaelis-Menten,Poisson,0.15,0.2873882339725676,1.8438924169896524,0.004990041015174903,1.6,1.0
125,Michaelis-Menten,Poisson,0.15,0.33019367063283334,1.9986181495207436,0.018814302212647478,1.62,1.0
126,Michaelis-Menten,Poisson,0.15,0.3133126265722525,2.010159018863649,0.014063348782072467,1.76,1.0
127,Michaelis-Menten,Poisson,0.15,0.38080082331745224,1.923584973063877,0.019914629414770874,1.62,1.0
128,Michaelis-Menten,Poisson,0.15,0.3227289597599092,2.0465895957643965,0.02063979734335597,1.6600000000000001,1.0
129,Michaelis-Menten,Poisson,0.15,0.41709260055279607,1.9826025273928185,0.04343136270047098,1.62,1.0
130,Michaelis-Menten,Poisson,0.15,0.3987738738720114,1.8710086234865728,0.017730859659262282,1.6400000000000001,1.0
131,Michaelis-Menten,Poisson,0.15,0.3812308886441859,1.9439386943619972,0.027725738417011845,1.58,1.0
132,Michaelis-Menten,Poisson,0.15,0.4100774623236041,2.008651174033609,0.02807451451540634,1.6600000000000001,1.0
133,Michaelis-Menten,Poisson,0.15,0.3607016522760228,2.092538694937854,0.025316034474533945,1.68,1.0
134,Michaelis-Menten,Poisson,0.15,0.419109625069263,2.0695783800800998,0.04038889412946171,1.74,1.0
135,Michaelis-Menten,Poisson,0.15,0.3819283678127565,1.8991099922736012,0.024863748551385165,1.6400000000000001,1.0
136,Michaelis-Menten,Poisson,0.15,0.3017438067830452,2.002990759447294,0.011103869138560292,1.6400000000000001,1.0
137,Michaelis-Menten,Poisson,0.15,0.32116215355619837,1.900097626211567,0.011134991368677192,1.6400000000000001,1.0
138,Michaelis-Menten,Poisson,0.15,0.32482004603371517,1.9638931275744012,0.019667456410113193,1.62,1.0
139,Michaelis-Menten,Poisson,0.15,0.5673979960374004,2.0727192791534237,0.09013672513606465,1.6,1.0
140,Michaelis-Menten,Poisson,0.15,0.3214714517101249,1.8946020358736668,0.011521518422828933,1.7,1.0
141,Michaelis-Menten,Poisson,0.15,0.3335621530905029,1.895033926966376,0.011885511530019646,1.6,1.0
142,Michaelis-Menten,Poisson,0.15,0.29480596955191174,1.8646790136438391,0.006911381986016299,1.72,1.0
143,Michaelis-Menten,Poisson,0.15,0.34167899774746846,1.9265985985115346,0.011601234810261162,1.52,1.0
144,Michaelis-Menten,Poisson,0.15,0.39918179895962747,2.052574509868668,0.03557609556967988,1.76,1.0
145,Michaelis-Menten,Poisson,0.15,0.3708855606673542,1.9478946140960878,0.024524723299633254,1.7,1.0
146,Michaelis-Menten,Poisson,0.15,0.3079381709427386,1.9060040130757299,0.009088216370658807,1.6400000000000001,1.0
147,Michaelis-Menten,Poisson,0.15,0.3132936283286198,1.978804941375928,0.012785179574451418,1.6400000000000001,1.0
148,Michaelis-Menten,Poisson,0.15,0.33060237985764285,1.966514858835407,0.015107773641108605,1.68,1.0
149,Michaelis-Menten,Poisson,0.15,0.33183842319714785,2.0096615308080468,0.018751643736979868,1.68,1.0
150,Michaelis-Menten,Poisson,0.15,0.4866083670111623,1.9769107765035734,0.05369108473408507,1.72,1.0
151,Michaelis-Menten,Poisson,0.15,0.3339341374632347,2.0154025077995508,0.021103705809870265,1.68,1.0
152,Michaelis-Menten,Poisson,0.15,0.33506081789571734,2.0220563152048694,0.01781750551600216,1.54,1.0
153,Michaelis-Menten,Poisson,0.15,0.29811568090857204,1.936104981789643,0.00748316046508498,1.6400000000000001,1.0
154,Michaelis-Menten,Poisson,0.15,0.305749917349583,1.978414207696931,0.011155195679711249,1.7,1.0
155,Michaelis-Menten,Poisson,0.15,0.29785341965042483,1.821675110058556,0.0061550613670184546,1.48,1.0
156,Michaelis-Menten,Poisson,0.15,0.3226941250997685,2.0645668576287384,0.020546964032134532,1.62,1.0
157,Michaelis-Menten,Poisson,0.15,0.409651382974838,1.97959313933018,0.02380997469432434,1.72,1.0
158,Michaelis-Menten,Poisson,0.15,0.33146517363220707,1.9848686728379479,0.016879971484820077,1.54,1.0
159,Michaelis-Menten,Poisson,0.15,0.43319348883265113,1.9498165221194805,0.030486880964271035,1.9000000000000001,1.0
160,Michaelis-Menten,Poisson,0.15,0.27265764857409464,1.8401058440052522,0.0028461248022028855,1.6400000000000001,1.0
161,Michaelis-Menten,Poisson,0.15,0.34147926287575725,1.9281037429949113,0.018808672383260696,1.6600000000000001,1.0
162,Michaelis-Menten,Poisson,0.15,0.3002493749329875,1.9203916093283748,0.008262508086195712,1.74,1.0
163,Michaelis-Menten,Poisson,0.15,0.31092769496928274,2.029422093661908,0.010843560989962779,1.68,1.0
164,Michaelis-Menten,Poisson,0.15,0.35921397684023243,2.0622004982791964,0.02481647911836143,1.68,1.0
165,Michaelis-Menten,Poisson,0.15,0.30100329817409505,2.0154143526484285,0.009976610176260618,1.7,1.0
166,Michaelis-Menten,Poisson,0.15,0.36207374414447047,2.018657759490185,0.02366880832878622,1.62,1.0
167,Michaelis-Menten,Poisson,0.15,0.3347358169601273,2.0154567655804634,0.016661083834153538,1.6,1.0
168,Michaelis-Menten,Poisson,0.15,0.4789189276638577,1.9743596229397378,0.05264246853974264,1.62,1.0
169,Michaelis-Menten,Poisson,0.15,0.29951529115768555,1.829456563492601,0.004365240536212047,1.54,1.0
170,Michaelis-Menten,Poisson,0.15,0.39885933691484105,2.107083583512534,0.04495793443340298,1.6600000000000001,1.0
171,Michaelis-Menten,Poisson,0.15,0.3821720895416789,2.0178720818014853,0.02844741234777074,1.7,1.0
172,Michaelis-Menten,Poisson,0.15,0.29948177219438404,1.9881188454500711,0.014678606949515415,1.62,1.0
173,Michaelis-Menten,Poisson,0.15,0.3797193343680252,2.017915578200567,0.02497591324487625,1.72,1.0
174,Michaelis-Menten,Poisson,0.15,0.32561752638921887,1.9351690191310293,0.011633978693927469,1.72,1.0
175,Michaelis-Menten,Poisson,0.15,0.30928945932016155,2.021428444049945,0.012547263123549004,1.6,1.0
176,Michaelis-Menten,Poisson,0.15,0.31470052118826813,1.930912831600577,0.01016690733442541,1.6600000000000001,1.0
177,Michaelis-Menten,Poisson,0.15,0.352461890889783,2.0054177628014886,0.017099173052370378,1.6600000000000001,1.0
178,Michaelis-Menten,Poisson,0.15,0.5211334285698166,1.9465624478596832,0.05646342326295199,1.62,1.0
179,Michaelis-Menten,Poisson,0.15,0.3302517203363268,2.0195751473406864,0.025228260875955106,1.74,1.0
180,Michaelis-Menten,Poisson,0.15,0.3210187153827676,1.9839254087829543,0.014565640891860715,1.6600000000000001,1.0
181,Michaelis-Menten,Poisson,0.15,0.35915234523003864,1.9247283649336657,0.01708304348450106,1.7,1.0
182,Michaelis-Menten,Poisson,0.15,0.35070268735648047,1.9900315045406483,0.021608488702936274,1.74,1.0
183,Michaelis-Menten,Poisson,0.15,0.32930314341515543,2.0745966146989128,0.01833164997736057,1.76,1.0
184,Michaelis-Menten,Poisson,0.15,0.3041891332101131,1.9563666698253563,0.0074720398151568316,1.62,1.0
185,Michaelis-Menten,Poisson,0.15,0.29476850045051023,1.8993815787444748,0.0053306959463967135,1.6600000000000001,1.0
186,Michaelis-Menten,Poisson,0.15,0.3262845608305984,2.1433317867983246,0.02457106734117287,1.6400000000000001,1.0
187,Michaelis-Menten,Poisson,0.15,0.30472358784632286,1.966828160760178,0.00926618080185928,1.68,1.0
188,Michaelis-Menten,Poisson,0.15,0.33805390555682585,1.8608127893867494,0.013846032277183664,1.7,1.0
189,Michaelis-Menten,Poisson,0.15,0.2981406156300316,1.822806221326767,0.005696570348407145,1.74,1.0
190,Michaelis-Menten,Poisson,0.15,0.331052494054612,1.9861157770705793,0.015538842040938817,1.6600000000000001,1.0
191,Michaelis-Menten,Poisson,0.15,0.33729772267973285,1.9579445088987912,0.020900254627375697,1.6400000000000001,1.0
192,Michaelis-Menten,Poisson,0.15,0.31757471027658063,2.0034341372614914,0.009960741282582236,1.6,1.0
193,Michaelis-Menten,Poisson,0.15,0.2889099138087124,1.8890626823550505,0.004600129630119252,1.7,1.0
194,Michaelis-Menten,Poisson,0.15,0.33332015525939584,2.035849745780911,0.015862029382221737,1.6,1.0
195,Michaelis-Menten,Poisson,0.15,0.366928099710817,1.9750762137609945,0.03238909285974694,1.7,1.0
196,Michaelis-Menten,Poisson,0.15,0.352570390641442,2.0105002351408916,0.0167621038695512,1.62,1.0
197,Michaelis-Menten,Poisson,0.15,0.33082092408353586,1.908556636385736,0.012086263533011498,1.6,1.0
198,Michaelis-Menten,Poisson,0.15,0.35725687745110013,1.9899560685498316,0.025048879847341887,1.58,1.0
199,Michaelis-Menten,Poisson,0.15,0.32334249265599124,1.9190049414029766,0.010191859719728812,1.68,1.0
200,Michaelis-Menten,Poisson,0.15,0.3031667376192234,1.9242964586432374,0.007764396171386951,1.6,1.0
201,Michaelis-Menten,Poisson,0.15,0.33514100096627386,1.9451929784149364,0.013924168476987256,1.62,1.0
202,Michaelis-Menten,Poisson,0.15,0.34873257700545457,1.9370783472017057,0.014911099831463482,1.58,1.0
203,Michaelis-Menten,Poisson,0.15,0.3075299788184688,1.9949161990853383,0.00831231790581949,1.62,1.0
204,Michaelis-Menten,Poisson,0.15,0.3239554795338983,1.9000484307124268,0.012195677982972669,1.7,1.0
205,Michaelis-Menten,Poisson,0.15,0.36889069212485526,2.0381734504865308,0.026086451423103365,1.6400000000000001,1.0
206,Michaelis-Menten,Poisson,0.15,0.3465262652355978,2.0220152887840284,0.019003056624731562,1.7,1.0
207,Michaelis-Menten,Poisson,0.15,0.31464044386468415,1.8981964785755847,0.005893297578069221,1.6400000000000001,1.0
208,Michaelis-Menten,Poisson,0.15,0.39011566542796483,2.056988304306137,0.026124917505710426,1.68,1.0
209,Michaelis-Menten,Poisson,0.15,0.3306584448801682,2.042926886575015,0.014723886596265907,1.74,1.0
210,Michaelis-Menten,Poisson,0.15,0.31014295725950636,2.0125691380497015,0.011111714732911827,1.68,1.0
211,Michaelis-Menten,Poisson,0.15,0.3976188123637532,1.8181913829364016,0.01848793525278649,1.62,1.0
212,Michaelis-Menten,Poisson,0.15,0.29131599116565166,1.8824044162725604,0.008172627896477647,1.6,1.0
213,Michaelis-Menten,Poisson,0.15,0.34815030877573633,2.162375289839727,0.03721456561112803,1.68,1.0
214,Michaelis-Menten,Poisson,0.15,0.2899044397373716,1.9718658487970115,0.0071848678320530195,1.56,1.0
215,Michaelis-Menten,Poisson,0.15,0.3407535626303645,1.9145630524658341,0.012268301180111548,1.62,1.0
216,Michaelis-Menten,Poisson,0.15,0.3800183572490528,2.166254015713384,0.03649517846374379,1.74,1.0
217,Michaelis-Menten,Poisson,0.15,0.3266743154292109,1.9832114803635121,0.016530814470440157,1.6600000000000001,1.0
218,Michaelis-Menten,Poisson,0.15,0.34593392016264146,1.8474907988939255,0.010820707099289504,1.58,1.0
219,Michaelis-Menten,Poisson,0.15,0.3719494086427036,1.9858214635417237,0.021371641676863888,1.6400000000000001,1.0
220,Michaelis-Menten,Poisson,0.15,0.3577650865152795,2.0274484815191816,0.028418963473713293,1.6400000000000001,1.0
221,Michaelis-Menten,Poisson,0.15,0.3426572779530883,2.037114827651826,0.01876771330461265,1.7,1.0
222,Michaelis-Menten,Poisson,0.15,0.40777002847342536,1.8740438814003508,0.02104078079204986,1.56,1.0
223,Michaelis-Menten,Poisson,0.15,0.32744922192194437,1.9438996015716339,0.016966286796459458,1.78,1.0
224,Michaelis-Menten,Poisson,0.15,0.3151754001095348,2.0014034810562613,0.016838591541528152,1.7,1.0
225,Michaelis-Menten,Poisson,0.15,0.47581187867692,2.103284651687774,0.07129850595122286,1.6600000000000001,1.0
226,Michaelis-Menten,Poisson,0.15,0.31747226758570013,2.013099337434353,0.014147466184633266,1.6400000000000001,1.0
227,Michaelis-Menten,Poisson,0.15,0.33263681964550146,1.9069280502611452,0.013961228162717476,1.68,1.0
228,Michaelis-Menten,Poisson,0.15,0.3391405357691222,1.9752609142371589,0.011950144434103773,1.68,1.0
229,Michaelis-Menten,Poisson,0.15,0.3335057081721726,2.0361791150056168,0.017820174646260924,1.6400000000000001,1.0
230,Michaelis-Menten,Poisson,0.15,0.34423794780763406,1.880025018849757,0.01193538544712076,1.72,1.0
231,Michaelis-Menten,Poisson,0.15,0.364965447868767,2.090464692262297,0.03318879173275175,1.8,1.0
232,Michaelis-Menten,Poisson,0.15,0.29370087714264836,1.9088095210144405,0.006916660430174013,1.7,1.0
233,Michaelis-Menten,Poisson,0.15,0.30113688648280296,1.9951779215158452,0.010634803237661177,1.68,1.0
234,Michaelis-Menten,Poisson,0.15,0.35150569958930966,2.019755086227646,0.027472119310876706,1.78,1.0
235,Michaelis-Menten,Poisson,0.15,0.337393972784371,2.0087074238269698,0.01819338794985864,1.6600000000000001,1.0
236,Michaelis-Menten,Poisson,0.15,0.4548978215929987,1.93595834809383,0.04130443077439496,1.58,1.0
237,Michaelis-Menten,Poisson,0.15,0.41969756989610596,1.9078256142143144,0.026997356781796423,1.6600000000000001,1.0
238,Michaelis-Menten,Poisson,0.15,0.38260910187178765,2.0389742659448826,0.0288308517277569,1.6,1.0
239,Michaelis-Menten,Poisson,0.15,0.3354568985396012,2.033239510238606,0.01872304519800876,1.78,1.0
240,Michaelis-Menten,Poisson,0.15,0.31683840842487826,1.9963333362698088,0.014961849467916627,1.62,1.0
241,Michaelis-Menten,Poisson,0.15,0.35408948772735443,2.0468776223431324,0.020459203677141595,1.62,1.0
242,Michaelis-Menten,Poisson,0.15,0.3745200144178263,2.0942551452577747,0.0328963129630601,1.72,1.0
243,Michaelis-Menten,Poisson,0.15,0.37325651116682,2.094200610794338,0.03637443112325703,1.72,1.0
244,Michaelis-Menten,Poisson,0.15,0.3157958177986875,1.9425055518006833,0.010661061606814721,1.7,1.0
245,Michaelis-Menten,Poisson,0.15,0.3438857679817033,1.9274261917105517,0.016893988365153587,1.78,1.0
246,Michaelis-Menten,Poisson,0.15,0.32527673665443096,1.9403681968373694,0.016632301562340093,1.7,1.0
247,Michaelis-Menten,Poisson,0.15,0.3747588161387207,1.9858853157715017,0.018459241985028945,1.6,1.0
248,Michaelis-Menten,Poisson,0.15,0.3068297929522971,2.0288410902473895,0.012758242178948605,1.74,1.0
249,Michaelis-Menten,Poisson,0.15,0.34072913751851774,1.9483699169093212,0.02630593129943693,1.58,1.0
250,Michaelis-Menten,Poisson,0.15,0.35524149038367736,2.068697254825949,0.028063801737415302,1.82,1.0
251,Michaelis-Menten,Poisson,0.15,0.35491117255939536,1.944030950225601,0.024310552427758186,1.54,1.0
252,Michaelis-Menten,Poisson,0.15,0.31778185659186714,2.0534861185438893,0.020630710622192436,1.6400000000000001,1.0
253,Michaelis-Menten,Poisson,0.15,0.32764726555859636,1.8715321395922981,0.010172054645395638,1.56,1.0
254,Michaelis-Menten,Poisson,0.15,0.3683887279682855,2.0076854062048435,0.025642056038419937,1.82,1.0
255,Michaelis-Menten,Poisson,0.15,0.3941560482324287,2.092905664936163,0.038609702022114036,1.62,1.0
256,Michaelis-Menten,Poisson,0.15,0.3607458828869012,1.9167400640743897,0.014783161573663392,1.62,1.0
257,Michaelis-Menten,Poisson,0.15,0.42032261483405564,1.9649516455892282,0.02490949752185721,1.62,1.0
258,Michaelis-Menten,Poisson,0.15,0.31208267345343577,1.9270194332716521,0.013319767373778652,1.6,1.0
259,Michaelis-Menten,Poisson,0.15,0.46449859205134436,1.89928459090405,0.03814500914081399,1.52,1.0
260,Michaelis-Menten,Poisson,0.15,0.35771943656296634,1.868172219432009,0.014378464960228828,1.56,1.0
261,Michaelis-Menten,Poisson,0.15,0.30441649043971497,1.9319436169751383,0.008578264100806027,1.7,1.0
262,Michaelis-Menten,Poisson,0.15,0.3057032709473263,1.9918753462131418,0.010008405544875056,1.42,1.0
263,Michaelis-Menten,Poisson,0.15,0.3772628482283124,1.9809459169656825,0.022038231091754342,1.56,1.0
264,Michaelis-Menten,Poisson,0.15,0.30368170886254686,2.023416123089751,0.010339593330386594,1.58,1.0
265,Michaelis-Menten,Poisson,0.15,0.34164794529805725,1.9445962642803825,0.011579984976604743,1.6600000000000001,1.0
266,Michaelis-Menten,Poisson,0.15,0.3333299889221428,2.08146544901179,0.029014744730892657,1.76,1.0
267,Michaelis-Menten,Poisson,0.15,0.3914394903043422,1.994270718261836,0.031186316963322414,1.6,1.0
268,Michaelis-Menten,Poisson,0.15,0.37571273870779776,1.9707716176296313,0.021957200864126426,1.58,1.0
269,Michaelis-Menten,Poisson,0.15,0.3303520585156078,2.0492786565971985,0.018260914478550168,1.78,1.0
270,Michaelis-Menten,Poisson,0.15,0.3789070096534947,1.9116643635133428,0.022991510260931672,1.6,1.0
271,Michaelis-Menten,Poisson,0.15,0.29662012511841046,1.928272039445494,0.008398491999028338,1.58,1.0
272,Michaelis-Menten,Poisson,0.15,0.3556166030104775,1.975732509832358,0.01852220851599333,1.68,1.0
273,Michaelis-Menten,Poisson,0.15,0.3055764141115524,1.862120690435822,0.010081828834774143,1.54,1.0
274,Michaelis-Menten,Poisson,0.15,0.48036142031031365,1.9146907329984248,0.04056252489206772,1.6600000000000001,1.0
275,Michaelis-Menten,Poisson,0.15,0.356301539792413,2.0322863325992775,0.029491375587877927,1.62,1.0
276,Michaelis-Menten,Poisson,0.15,0.32089742419136646,2.0299751199017932,0.015133651249129293,1.62,1.0
277,Michaelis-Menten,Poisson,0.15,0.34489315549642074,1.9815061877006803,0.02160668264710438,1.8,1.0
278,Michaelis-Menten,Poisson,0.15,0.2764350446053336,1.8866400519202144,0.003880814661281517,1.6600000000000001,1.0
279,Michaelis-Menten,Poisson,0.15,0.3398810647135802,2.017614640817187,0.019853218784945902,1.74,1.0
280,Michaelis-Menten,Poisson,0.15,0.30917083343696133,1.9632704300888084,0.011164407318644364,1.54,1.0
281,Michaelis-Menten,Poisson,0.15,0.32917318743210394,1.9729591441884764,0.02181816536250906,1.6600000000000001,1.0
282,Michaelis-Menten,Poisson,0.15,0.33103415852237966,1.96117935694839,0.018621690136574404,1.76,1.0
283,Michaelis-Menten,Poisson,0.15,0.3014163509123123,1.993543866012908,0.010066652897236296,1.62,1.0
284,Michaelis-Menten,Poisson,0.15,0.3274930269818546,2.010744710086177,0.018111238701621797,1.68,1.0
285,Michaelis-Menten,Poisson,0.15,0.3231332144919316,1.90013878243463,0.010118788992922142,1.74,1.0
286,Michaelis-Menten,Poisson,0.15,0.34539190897675076,1.926876422555199,0.01589120014489401,1.6,1.0
287,Michaelis-Menten,Poisson,0.15,0.3077128633688779,1.8426729411558662,0.00662641654543258,1.72,1.0
288,Michaelis-Menten,Poisson,0.15,0.4498867100029297,2.0947014147555354,0.05602688257645086,1.8,1.0
289,Michaelis-Menten,Poisson,0.15,0.48690949386129456,1.9798929186084013,0.06768365523568247,1.68,1.0
290,Michaelis-Menten,Poisson,0.15,0.30999223036589646,1.977398471363947,0.01112985766070858,1.6400000000000001,1.0
291,Michaelis-Menten,Poisson,0.15,0.3327179568208093,1.9307293728837485,0.013457583117448583,1.62,1.0
292,Michaelis-Menten,Poisson,0.15,0.32586349516525615,1.878681022088609,0.009180349583877758,1.6600000000000001,1.0
293,Michaelis-Menten,Poisson,0.15,0.3976754016718114,2.0735031853750363,0.0377357603567235,1.62,1.0
294,Michaelis-Menten,Poisson,0.15,0.30907903864989994,1.8010248569063148,0.004384060875058073,1.6,1.0
295,Michaelis-Menten,Poisson,0.15,0.3295684050268835,2.033724913542006,0.017312956875500673,1.6400000000000001,1.0
296,Michaelis-Menten,Poisson,0.15,0.5121515067843982,1.9950039636827293,0.07538055320970206,1.58,1.0
297,Michaelis-Menten,Poisson,0.15,0.38107874044510537,2.0497500742402184,0.034344134384075485,1.68,1.0
298,Michaelis-Menten,Poisson,0.15,0.3033451243024049,1.9604058435672502,0.013054133299902829,1.6,1.0
299,Michaelis-Menten,Poisson,0.15,0.318675228263548,1.925483567355398,0.009402550365792994,1.6600000000000001,1.0
0,Transporter-state,Poisson,0.15,0.3323313478711092,2.5762044332591922,0.016317810147436666,2.64,0.20385534161789054
1,Transporter-state,Poisson,0.15,0.31052925506794177,2.6849697312553156,0.010930700370745824,7.58,0.11760486624356903
2,Transporter-state,Poisson,0.15,0.5095051387141356,3.0007973960589296,0.04352016110052473,2.38,0.06638407087396891
3,Transporter-state,Poisson,0.15,0.35888215292400405,3.0060427829853618,0.021032135908517574,2.3000000000000003,0.08707087278242276
4,Transporter-state,Poisson,0.15,0.33993686413299057,2.406599400986531,0.014508648999274053,2.62,0.18969296645753653
5,Transporter-state,Poisson,0.15,0.3353065010262029,2.4934934360059016,0.008787624292102175,1.98,0.14195505593397695
6,Transporter-state,Poisson,0.15,0.34728870532839134,1.9121881514397798,0.006563411606223201,1.76,0.2581126861251942
7,Transporter-state,Poisson,0.15,0.3160535306455711,2.9329282439785613,0.01005724191328283,3.04,0.12287868988637862
8,Transporter-state,Poisson,0.15,0.3168549071030557,2.6032028219119385,0.013663978347658458,2.46,0.08611705122877389
9,Transporter-state,Poisson,0.15,0.38618011544263586,3.2151582227013753,0.02871150011233672,1.86,0.06541697717489081
10,Transporter-state,Poisson,0.15,0.4070830825814613,2.7701480168192827,0.03514071479651573,3.2800000000000002,0.06250168566270664
11,Transporter-state,Poisson,0.15,0.35518938872933975,2.562730837791406,0.024633336648917703,2.32,0.1638971475852522
12,Transporter-state,Poisson,0.15,0.32391636131043117,2.4898209581669,0.008265400653257027,2.56,0.162946117595116
13,Transporter-state,Poisson,0.15,0.36353148370448013,2.8463536659969817,0.012009186110799337,1.8,0.0770175451450793
14,Transporter-state,Poisson,0.15,0.3073654558276096,2.7961270672375242,0.00982505946850138,1.84,0.10678981966229084
15,Transporter-state,Poisson,0.15,0.3874409580910158,2.941734945898785,0.024954321141973566,5.0600000000000005,0.12543255606869586
16,Transporter-state,Poisson,0.15,0.3319510389915136,2.3850113832728774,0.011241107121413707,3.2,0.181599032989614
17,Transporter-state,Poisson,0.15,0.5272835836338484,4.001847323571438,0.05225715930470106,2.2800000000000002,0.06269760364972288
18,Transporter-state,Poisson,0.15,0.35894960225977773,4.017511079835798,0.044341404846463116,2.68,0.03923976250706207
19,Transporter-state,Poisson,0.15,0.32275176210521933,2.9104277499149402,0.011466154244209773,4.48,0.08507001250848878
20,Transporter-state,Poisson,0.15,0.3603883918744609,2.620843391047327,0.014578282443414907,1.8,0.14646937833183127
21,Transporter-state,Poisson,0.15,0.4024986182640512,2.5051162530913627,0.025016882964598038,6.66,0.15310329896688024
22,Transporter-state,Poisson,0.15,0.2973306650695231,2.0821621343542946,0.0026394676424846344,1.98,0.26597013039461026
23,Transporter-state,Poisson,0.15,0.33990723437856774,5.001393315567667,0.045019554106792224,12.16,0.03866868346548036
24,Transporter-state,Poisson,0.15,0.3423235248557423,3.358844825072323,0.023148838843007776,2.2600000000000002,0.08931062459230166
25,Transporter-state,Poisson,0.15,0.3462592792360627,2.4272293421105737,0.01099702446534073,2.38,0.2325370302245262
26,Transporter-state,Poisson,0.15,0.3196978100650534,2.867522761117488,0.011952103841224174,2.54,0.10353742000551758
27,Transporter-state,Poisson,0.15,0.5306629874037677,2.759901233809827,0.04102675484759949,3.06,0.1320549573735833
28,Transporter-state,Poisson,0.15,0.35075440890482895,2.8592823661210534,0.017271766109842598,4.68,0.13120260841882458
29,Transporter-state,Poisson,0.15,0.30806239665222757,2.2930431371116473,0.0034735930929052886,2.44,0.1613347495079146
30,Transporter-state,Poisson,0.15,0.3168241218828667,2.9367861374479967,0.012467055348708055,5.78,0.14397110534487823
31,Transporter-state,Poisson,0.15,0.42824700459344267,4.950842931984344,0.1350999787185069,13.32,0.03571515197545372
32,Transporter-state,Poisson,0.15,0.3579962656760307,3.5575060889035055,0.022525657202910363,1.98,0.08847233245068964
33,Transporter-state,Poisson,0.15,0.3314665997458108,2.8452132067486526,0.006246273053132345,2.2600000000000002,0.10679727157238517
34,Transporter-state,Poisson,0.15,0.34202911385036655,2.8082589985308357,0.013789197987971851,9.540000000000001,0.07843643958510771
35,Transporter-state,Poisson,0.15,0.3454352439404144,3.4214362871703248,0.015204578566266284,2.16,0.06720756519105453
36,Transporter-state,Poisson,0.15,0.5370832992946069,3.1012641278771262,0.05637048509765454,6.08,0.0842155037605038
37,Transporter-state,Poisson,0.15,0.35365756275439975,2.689874443713775,0.015502720810663229,1.94,0.10086933522395913
38,Transporter-state,Poisson,0.15,0.31164496316470675,2.516829487884015,0.010734102879671881,2.0,0.10614239190063068
39,Transporter-state,Poisson,0.15,0.33207253159827327,3.1768702980156314,0.012861810207835257,2.2,0.08781352530979702
40,Transporter-state,Poisson,0.15,0.3621151943301673,2.7375623264873763,0.020061445013802356,2.3000000000000003,0.08281489289527233
41,Transporter-state,Poisson,0.15,0.31035903871396464,2.1621028090637893,0.0032511240722105793,5.5,0.18583714257695183
42,Transporter-state,Poisson,0.15,0.30757271685132265,2.825933288130252,0.006445634617302288,6.42,0.1298190330682195
43,Transporter-state,Poisson,0.15,0.36458246437841185,3.040299698255469,0.024271830644614852,2.68,0.1385894748401333
44,Transporter-state,Poisson,0.15,0.5235938848260895,3.9884439162890057,0.05492721309792966,1.86,0.09487357740709501
45,Transporter-state,Poisson,0.15,0.32805897209846036,2.571851373451223,0.014218594530598518,2.3000000000000003,0.11737599940285226
46,Transporter-state,Poisson,0.15,0.35951297058217835,2.4414650634127613,0.02194162871897015,3.18,0.09723644982798874
47,Transporter-state,Poisson,0.15,0.324481164003489,2.8955848223871015,0.010697030049241128,3.16,0.07688894365942944
48,Transporter-state,Poisson,0.15,0.3718061302251951,3.390926315157153,0.019312851767814564,2.5,0.06734564951607003
49,Transporter-state,Poisson,0.15,0.3965083706980754,2.5668410901800307,0.023840536393406844,3.16,0.09719691914755102
50,Transporter-state,Poisson,0.15,0.3182860411059607,2.6410951811397396,0.007969337512870786,2.56,0.11693166477933359
51,Transporter-state,Poisson,0.15,0.3007216751088792,2.5665113735918346,0.006630481038636474,1.94,0.17065366365895307
52,Transporter-state,Poisson,0.15,0.6371811024217204,11.598771644147089,3.1253730497996894,2.56,0.012600409164855941
53,Transporter-state,Poisson,0.15,0.3327083478201279,2.4339739841264825,0.009032093232425738,2.52,0.13661795976695779
54,Transporter-state,Poisson,0.15,0.3276171272241518,2.2642540716586086,0.00911075061060783,3.14,0.24641774058315757
55,Transporter-state,Poisson,0.15,0.33587162153549605,3.356323208891454,0.020570003224780295,5.36,0.05098610238333445
56,Transporter-state,Poisson,0.15,0.3166725093774605,2.2206733248866612,0.003938694123883367,1.74,0.21257072769859497
57,Transporter-state,Poisson,0.15,0.3394211052180074,2.374495762187419,0.008071559743913126,1.82,0.13082819116359445
58,Transporter-state,Poisson,0.15,0.34316089341270367,4.026511769399213,0.031047479929171753,5.24,0.050111650297041566
59,Transporter-state,Poisson,0.15,0.3189309748982595,3.0371182783005666,0.015276808079645253,5.2,0.0967509682346287
60,Transporter-state,Poisson,0.15,0.37526807365405723,2.891399703519731,0.024878731068208194,2.6,0.08046260445982667
61,Transporter-state,Poisson,0.15,0.3189550163255532,2.2795174134373997,0.006068110311581216,2.84,0.23563885864399436
62,Transporter-state,Poisson,0.15,0.3484741624801605,2.4653702242979154,0.010032335713247286,2.48,0.20271958529187317
63,Transporter-state,Poisson,0.15,0.33248547441685966,2.829886773986437,0.013299911917607403,2.46,0.16084686696151063
64,Transporter-state,Poisson,0.15,0.3024865243977471,2.4052095438732835,0.005170078839133146,2.74,0.1977985208022368
65,Transporter-state,Poisson,0.15,0.3177313948418084,2.645467750805656,0.01536954412603678,3.74,0.22473035305425515
66,Transporter-state,Poisson,0.15,0.3340907421663933,2.5350258520453113,0.008589126568338802,3.18,0.11580811760769583
67,Transporter-state,Poisson,0.15,0.3350060635625195,4.326519761576926,0.023216651882613883,2.58,0.044846940085847886
68,Transporter-state,Poisson,0.15,0.38702262579377195,2.274679828805999,0.016190503458230487,2.22,0.27020952230368755
69,Transporter-state,Poisson,0.15,0.3179806449933288,2.4731437294740153,0.010987276512034067,3.98,0.15429315680005928
70,Transporter-state,Poisson,0.15,0.30233203937161207,2.3337870140658694,0.007476899747177099,2.02,0.26075386735655404
71,Transporter-state,Poisson,0.15,0.2755652151251283,2.59511270412595,0.0029815870125629276,8.88,0.0896376454694171
72,Transporter-state,Poisson,0.15,0.4154244501519393,4.188215750419349,0.11403048983982819,1.98,0.03164699512566538
73,Transporter-state,Poisson,0.15,0.3128876951676962,3.205104421351574,0.006068029505661628,2.24,0.056877937360230946
74,Transporter-state,Poisson,0.15,0.4360129557954113,4.802335668786808,0.0885655105963365,2.1,0.03397556599602625
75,Transporter-state,Poisson,0.15,0.29661546717104625,2.047459299973109,0.005052815990858704,2.16,0.3217466297074756
76,Transporter-state,Poisson,0.15,0.35279009464499533,3.1443015244368393,0.024226051816214463,5.18,0.134048907168268
77,Transporter-state,Poisson,0.15,0.31759824165084743,3.2080413138022004,0.004107847439204012,2.14,0.07443399396997175
78,Transporter-state,Poisson,0.15,0.3359341981075312,2.98423202770871,0.01543686535457166,2.68,0.0957755310955909
79,Transporter-state,Poisson,0.15,0.30654774803940366,2.7141431226668358,0.010021389813512877,2.34,0.16220231690127584
80,Transporter-state,Poisson,0.15,0.3138024333511376,2.4210219787332603,0.00864141542951118,2.2600000000000002,0.16589262856210463
81,Transporter-state,Poisson,0.15,0.3197409975616796,2.6413445492500927,0.012415543164226774,2.38,0.06572084990762095
82,Transporter-state,Poisson,0.15,0.48060754716327925,3.086819347961335,0.043107490770030905,3.14,0.1033890790980333
83,Transporter-state,Poisson,0.15,0.3328357242186282,2.762777359719126,0.010244311699680327,4.04,0.10183572929490115
84,Transporter-state,Poisson,0.15,0.35945697002785276,2.461768677003459,0.01212526419998185,2.02,0.1717904606247883
85,Transporter-state,Poisson,0.15,0.33143610462424206,2.9061121490392035,0.013955238006067676,6.7,0.10124678623905026
86,Transporter-state,Poisson,0.15,0.3145693272839414,2.720034528076797,0.006833288116328784,2.8000000000000003,0.1678321588728502
87,Transporter-state,Poisson,0.15,0.2997960557842669,2.444168914887866,0.0060715933000911005,2.1,0.17968484604373147
88,Transporter-state,Poisson,0.15,0.3061114484996228,2.503769751661726,0.005006545818473714,2.58,0.11242965619654133
89,Transporter-state,Poisson,0.15,0.30592029677274096,2.330467440227517,0.0049544208099241895,5.5200000000000005,0.1825463718124396
90,Transporter-state,Poisson,0.15,0.3530829188663552,2.357996464518867,0.009782805543914315,5.48,0.1737440060875568
91,Transporter-state,Poisson,0.15,0.3464250966842399,2.6961054230148793,0.012092971910572655,1.7,0.1454286197564395
92,Transporter-state,Poisson,0.15,0.31908905007703786,2.17908241968597,0.007055737533405442,2.52,0.22392723825197003
93,Transporter-state,Poisson,0.15,0.3195649648478446,2.1430472962074347,0.005724052751579555,3.02,0.2314878126270694
94,Transporter-state,Poisson,0.15,0.3206235967845419,2.807008273572303,0.006575890543476331,2.46,0.13429981226913545
95,Transporter-state,Poisson,0.15,0.33074138264191383,2.605508659811536,0.012060080974102213,4.16,0.19284809743069709
96,Transporter-state,Poisson,0.15,0.34704586417896494,2.581854513335901,0.014358410272765573,1.9000000000000001,0.1673297371636886
97,Transporter-state,Poisson,0.15,0.31353475275552434,3.19229611403061,0.01314328123462435,1.9000000000000001,0.08042555212217906
98,Transporter-state,Poisson,0.15,0.3934294932261239,3.497235996342289,0.031882277016566866,8.02,0.04815788147453748
99,Transporter-state,Poisson,0.15,0.3465473046101907,3.0389990966048352,0.013080751484686421,2.88,0.0805054772145426
100,Transporter-state,Poisson,0.15,0.302775770568511,2.5289434659872816,0.008621491874569284,2.46,0.14226694652644367
101,Transporter-state,Poisson,0.15,0.29902434922957083,2.441879521813365,0.007038501499136039,3.48,0.1553260444314979
102,Transporter-state,Poisson,0.15,0.32803132973338245,2.82079149603537,0.016172654605020247,2.6,0.09918915106409043
103,Transporter-state,Poisson,0.15,0.35852818578486856,3.3285023364211375,0.026982362290873498,4.48,0.0957338439055676
104,Transporter-state,Poisson,0.15,0.3120025628369447,2.2152204677731313,0.006957383117418988,2.12,0.20992689588610147
105,Transporter-state,Poisson,0.15,0.34773261950720863,2.4344779033494697,0.01485781335964044,1.7,0.19639759415888736
106,Transporter-state,Poisson,0.15,0.3256013110348371,3.2936173193898686,0.0175038993243546,4.82,0.09882418673845628
107,Transporter-state,Poisson,0.15,0.3232035948239216,2.8606115228357707,0.012261651119577626,2.0,0.08059248119930806
108,Transporter-state,Poisson,0.15,0.36919701814476275,3.6839348510106085,0.0273434658821197,4.66,0.036800391389659515
109,Transporter-state,Poisson,0.15,0.3277187094803988,3.6474801431561557,0.01913947606697681,10.06,0.06867193635283131
110,Transporter-state,Poisson,0.15,0.3232065527176949,3.0968450718011202,0.012314400926463305,2.64,0.0726138114460223
111,Transporter-state,Poisson,0.15,0.2990924557210244,2.5828931004229587,0.006218724690709108,2.06,0.11634428626976667
112,Transporter-state,Poisson,0.15,0.35783051165898716,2.6123240084647037,0.014613451699131209,3.14,0.15165087242431163
113,Transporter-state,Poisson,0.15,0.28912350168837814,2.4321706240814853,0.005274078134943439,5.16,0.18852505153983123
114,Transporter-state,Poisson,0.15,0.28533459413928297,2.164613991535486,0.0028461819229679067,3.64,0.29853284232899324
115,Transporter-state,Poisson,0.15,0.33307668796849804,2.30579531527994,0.010037085414715381,2.02,0.23001245849409546
116,Transporter-state,Poisson,0.15,0.3619515962850915,3.0967241565110872,0.027402813802705116,2.88,0.08984349115265933
117,Transporter-state,Poisson,0.15,0.3330029350301211,2.391545792133972,0.010976961029935003,3.18,0.16921936180863006
118,Transporter-state,Poisson,0.15,0.29553902486973593,2.2456455625101253,0.005626838704003863,1.8800000000000001,0.18446005658034903
119,Transporter-state,Poisson,0.15,0.3201308999569277,2.8341056604525217,0.01401143852178954,2.44,0.07565391427016654
120,Transporter-state,Poisson,0.15,0.3343911382719737,2.326743096309865,0.013451596910528997,2.98,0.2004510124232597
121,Transporter-state,Poisson,0.15,0.333061770144756,2.236991643793712,0.013681911129028933,4.18,0.25961407115350277
122,Transporter-state,Poisson,0.15,0.4362609374764125,3.3344207294739165,0.03779006415135716,8.36,0.09871329065912249
123,Transporter-state,Poisson,0.15,0.44277672999528006,3.0408145597923877,0.04768219894576505,2.4,0.10316887976528233
124,Transporter-state,Poisson,0.15,0.2873882339725676,2.2587700508115383,0.0035202042157346583,1.96,0.1974933825156604
125,Transporter-state,Poisson,0.15,0.33019367063283334,2.7829285968956414,0.012049324709556863,2.2,0.13733439741275588
126,Transporter-state,Poisson,0.15,0.3133126265722525,2.331488443379325,0.00915561534923483,2.4,0.22703352926607967
127,Transporter-state,Poisson,0.15,0.4230338108217201,5.786238290090807,0.11185913269216936,1.9000000000000001,0.031893031253930504
128,Transporter-state,Poisson,0.15,0.39155202952636897,7.444559127188306,0.37352075313618793,2.06,0.024151780466641903
129,Transporter-state,Poisson,0.15,0.44295092763685495,6.525149716546111,0.5025105646138425,2.2,0.021525983264853
130,Transporter-state,Poisson,0.15,0.38003406202129675,2.323900695945217,0.01239777382470175,2.7,0.16764889649531545
131,Transporter-state,Poisson,0.15,0.3627803471007584,2.3006002277010538,0.017567793661636695,2.0,0.18451776179334256
132,Transporter-state,Poisson,0.15,0.38612334686992444,2.7066896475833477,0.019255953096679317,4.7,0.12099959860506726
133,Transporter-state,Poisson,0.15,0.3607016522760228,3.465905354130075,0.02223810876605826,7.42,0.0749031799270703
134,Transporter-state,Poisson,0.15,0.419109625069263,2.462211813649944,0.02484291168330214,2.58,0.1989380368560687
135,Transporter-state,Poisson,0.15,0.38192836781275785,2.5871288485047526,0.016755397038688405,2.0,0.10230067480066163
136,Transporter-state,Poisson,0.15,0.30174380678819446,2.8105698855407355,0.008328069091853572,2.0,0.07631898291663253
137,Transporter-state,Poisson,0.15,0.32116215355619837,2.360895455644843,0.007375610181990759,2.84,0.1446731713768793
138,Transporter-state,Poisson,0.15,0.32482004603371517,2.3006030110990294,0.011960687938238278,4.48,0.20163776493378371
139,Transporter-state,Poisson,0.15,0.5357993619831734,8.081253369796727,0.4789703906520885,1.84,0.023529353142030085
140,Transporter-state,Poisson,0.15,0.3214714517101249,2.144456956193676,0.007259919344099922,3.16,0.1789001318534177
141,Transporter-state,Poisson,0.15,0.3454680026742141,3.356302868032951,0.01940144392127382,3.1,0.054361702154282265
142,Transporter-state,Poisson,0.15,0.29480596955191174,2.660545486809161,0.004860845251949084,2.3000000000000003,0.10753585982368763
143,Transporter-state,Poisson,0.15,0.34167899774746846,2.6970480004410495,0.007470770075476877,3.7,0.12462247175921204
144,Transporter-state,Poisson,0.15,0.4210685060365072,4.167189237317858,0.05687834361088001,3.02,0.04828737144265316
145,Transporter-state,Poisson,0.15,0.352652744852817,3.8137859938456673,0.01785343815457377,2.7800000000000002,0.06850302051978963
146,Transporter-state,Poisson,0.15,0.3079381709427386,2.3232601143254077,0.006119113781655091,2.42,0.15072597754915706
147,Transporter-state,Poisson,0.15,0.34474439491149766,3.257568135549099,0.024824564289355856,2.04,0.05135334479345177
148,Transporter-state,Poisson,0.15,0.33060237985764285,2.2941004495492954,0.009759577295830607,3.38,0.3258497206140947
149,Transporter-state,Poisson,0.15,0.3318384231971493,2.778052307336135,0.012841813947680225,5.1000000000000005,0.1628800625126755
150,Transporter-state,Poisson,0.15,0.44277674851463883,2.644808420366363,0.03315859114539684,2.58,0.1478146150555989
151,Transporter-state,Poisson,0.15,0.3339392793406471,3.6712916863932,0.020456557926083987,2.08,0.07380983247533413
152,Transporter-state,Poisson,0.15,0.33506081789571734,2.6535914171893773,0.013923300267132246,2.64,0.18423465849224474
153,Transporter-state,Poisson,0.15,0.3084904529463784,3.350186505407241,0.010435905535473486,3.8200000000000003,0.06070273243454305
154,Transporter-state,Poisson,0.15,0.305749917349583,2.653190634915658,0.007634440547134637,4.3,0.12896547382483603
155,Transporter-state,Poisson,0.15,0.29785341965042483,3.304367642541867,0.005259830743459313,10.06,0.06256513406855524
156,Transporter-state,Poisson,0.15,0.3226948785049893,3.2812949950617143,0.015674891614425136,1.92,0.11441029777571676
157,Transporter-state,Poisson,0.15,0.409651382974838,2.353410210739897,0.015751053118195114,2.66,0.19283131431084855
158,Transporter-state,Poisson,0.15,0.33146517363220707,2.486543324045093,0.011578458007009702,1.72,0.1456702956447985
159,Transporter-state,Poisson,0.15,0.40856649826859537,2.4746669433875508,0.019971021848454742,6.04,0.1760184861201991
160,Transporter-state,Poisson,0.15,0.27265764857409464,2.9615135692842545,0.002869603990678367,1.96,0.0723020675310031
161,Transporter-state,Poisson,0.15,0.341479332206792,2.6861394520416817,0.017266606373542596,2.18,0.1241924012662895
162,Transporter-state,Poisson,0.15,0.30024937493312975,2.037224682427359,0.006089225431172927,3.34,0.28298038028518246
163,Transporter-state,Poisson,0.15,0.3109277150406226,2.4832563012413496,0.00822055157505068,3.38,0.18984909567745034
164,Transporter-state,Poisson,0.15,0.35921397684024686,2.550874135948561,0.01777466909011028,2.92,0.12173433937281553
165,Transporter-state,Poisson,0.15,0.30100329817409505,2.5790872826245503,0.007616948928691319,2.66,0.1069763531254001
166,Transporter-state,Poisson,0.15,0.36207381971717917,2.6104451427910154,0.01891709260256716,2.34,0.13855293177965144
167,Transporter-state,Poisson,0.15,0.33489145422593763,3.5810061910913906,0.015420857551800013,1.9000000000000001,0.07544512630756584
168,Transporter-state,Poisson,0.15,0.48836376604513393,4.257717975058738,0.11930065318348224,2.44,0.03525935302334171
169,Transporter-state,Poisson,0.15,0.29951529115768555,1.9771192989211308,0.002970643005590686,2.2600000000000002,0.25031074863547575
170,Transporter-state,Poisson,0.15,0.39885933691484105,3.4137100398879165,0.03639897150072313,2.04,0.05131575016945544
171,Transporter-state,Poisson,0.15,0.35400601215020067,2.3921915126052604,0.016507285798264878,2.46,0.2588141695562719
172,Transporter-state,Poisson,0.15,0.4320700856438773,6.471139336881621,0.3547253441602605,2.32,0.023066625539762464
173,Transporter-state,Poisson,0.15,0.3797193343680252,2.43352561848464,0.015387276597155622,2.24,0.22068338655781117
174,Transporter-state,Poisson,0.15,0.322229670019765,2.3346073311845164,0.008977549081767577,2.2800000000000002,0.19963200441499762
175,Transporter-state,Poisson,0.15,0.30929268754403155,2.5001223189402633,0.010005132558054871,3.74,0.14275932157813853
176,Transporter-state,Poisson,0.15,0.31470052118826813,2.6148706808889335,0.006618588718349013,3.06,0.15994585263139527
177,Transporter-state,Poisson,0.15,0.352461890889783,2.3230601576590053,0.010777190540275688,2.18,0.223573063616895
178,Transporter-state,Poisson,0.15,0.4926174643540796,2.963573429889499,0.03388318305964181,6.140000000000001,0.10621412349775405
179,Transporter-state,Poisson,0.15,0.3302517203363268,2.5550572613038156,0.017056638010880927,4.44,0.2299977572486197
180,Transporter-state,Poisson,0.15,0.3216222253569057,4.295147344496877,0.01685151462496916,2.08,0.05635674960150394
181,Transporter-state,Poisson,0.15,0.35915234523003864,2.159477241514491,0.01138110753540208,3.2800000000000002,0.23738417891825447
182,Transporter-state,Poisson,0.15,0.36803411775505657,5.079525787513264,0.19290248369243587,2.54,0.02557398130955535
183,Transporter-state,Poisson,0.15,0.32930314341929423,2.392028577899679,0.01328624398192402,4.68,0.23613801611136553
184,Transporter-state,Poisson,0.15,0.3041891332101131,2.1973899451937973,0.005241259517129063,3.36,0.3244753912835723
185,Transporter-state,Poisson,0.15,0.29476850045051023,2.0770447192549435,0.003866973378904053,2.04,0.28332654631275966
186,Transporter-state,Poisson,0.15,0.33516860248546787,2.8679639712572444,0.02046914337457166,2.44,0.11055656976232275
187,Transporter-state,Poisson,0.15,0.32951673617531024,3.2297864187208276,0.01734274082404722,4.04,0.07783831335866531
188,Transporter-state,Poisson,0.15,0.342316017814258,2.9602686993279375,0.02072911894403093,5.92,0.05140965576971779
189,Transporter-state,Poisson,0.15,0.2981406156300316,2.192857197900452,0.0040424741395996815,3.2,0.2790579624238999
190,Transporter-state,Poisson,0.15,0.331052494054612,2.7089431101991504,0.010408146406230633,2.2,0.14043505072785933
191,Transporter-state,Poisson,0.15,0.33740843014050775,3.440853800699858,0.026747243958238676,3.46,0.04204047037270897
192,Transporter-state,Poisson,0.15,0.31757471027658063,2.7528354018675962,0.007744448754256587,1.94,0.1288681135817794
193,Transporter-state,Poisson,0.15,0.2889099138087124,2.23433363473843,0.003501309799429153,4.88,0.22003670955010035
194,Transporter-state,Poisson,0.15,0.3648812056488724,3.143030080946128,0.026243892945098362,1.86,0.060090764901016946
195,Transporter-state,Poisson,0.15,0.516076921739802,10.159123719612076,1.4999250786532405,2.7,0.01899921879293387
196,Transporter-state,Poisson,0.15,0.352570390641442,2.72327147220894,0.011784069300477375,1.96,0.14454407726148655
197,Transporter-state,Poisson,0.15,0.33082092408353586,3.145700198831462,0.01389067347203299,2.66,0.05456688048420277
198,Transporter-state,Poisson,0.15,0.33914524267971013,4.09522626475628,0.017968541780435172,2.0,0.05332014722848877
199,Transporter-state,Poisson,0.15,0.37438820661313005,3.7690906914209026,0.03361848554698887,6.0600000000000005,0.04862483354503
200,Transporter-state,Poisson,0.15,0.30316673762047186,2.962558049387806,0.0068480298768003,1.96,0.07917727050943535
201,Transporter-state,Poisson,0.15,0.33514107409804594,2.4435311731745566,0.011804614543554118,2.02,0.13525935543843537
202,Transporter-state,Poisson,0.15,0.34873257700545457,2.279842565198185,0.009619885894855348,1.8800000000000001,0.16810320399126366
203,Transporter-state,Poisson,0.15,0.3075299788188526,2.293411015016221,0.006287560461551451,2.14,0.24745501524234415
204,Transporter-state,Poisson,0.15,0.3239554795338983,2.2053272368031056,0.008453324746355958,3.22,0.2370735184474193
205,Transporter-state,Poisson,0.15,0.36889069212485553,2.612558745336479,0.017737018307558146,3.64,0.13213074659132817
206,Transporter-state,Poisson,0.15,0.3465262652355978,2.6878055370149703,0.012475599286513232,3.8200000000000003,0.13685150569516913
207,Transporter-state,Poisson,0.15,0.34863490049774176,4.19146480852538,0.044678137571783655,2.12,0.035824489896352674
208,Transporter-state,Poisson,0.15,0.39011566542796483,2.9796012827413425,0.01888394332978861,9.36,0.08177126111575383
209,Transporter-state,Poisson,0.15,0.33065844488017426,2.367144432285922,0.01038299888411943,3.04,0.26417745205396637
210,Transporter-state,Poisson,0.15,0.3934257650670865,4.3560565453682845,0.1617077649063996,2.2800000000000002,0.02736509381885277
211,Transporter-state,Poisson,0.15,0.35990161656499575,2.307706395908216,0.008559706858845719,2.5,0.22390742904501515
212,Transporter-state,Poisson,0.15,0.2953253470824077,2.7078499738142563,0.006355381485898975,2.3000000000000003,0.10311492053290117
213,Transporter-state,Poisson,0.15,0.3481503087757549,3.8769434207796287,0.033997639961274834,3.6,0.0580066662105313
214,Transporter-state,Poisson,0.15,0.28990443973737173,2.984516800569414,0.005429761187704249,1.9000000000000001,0.10166489458779482
215,Transporter-state,Poisson,0.15,0.3407535626303645,2.2493610932133934,0.008141395052816587,2.38,0.1788139092925991
216,Transporter-state,Poisson,0.15,0.3800183572490528,6.995721807681578,0.10275818313695387,5.5200000000000005,0.031667705975773064
217,Transporter-state,Poisson,0.15,0.3266743154292109,2.276410024251091,0.010976570032078295,2.08,0.2535835778799026
218,Transporter-state,Poisson,0.15,0.34593392016264146,2.316576767956934,0.007275639667970358,1.9000000000000001,0.2159852021760711
219,Transporter-state,Poisson,0.15,0.3719494086427036,3.433962348692883,0.012643087573112496,2.32,0.06161408952609393
220,Transporter-state,Poisson,0.15,0.3836919152129495,2.9841890744063924,0.033181671838370404,2.16,0.06409440992138915
221,Transporter-state,Poisson,0.15,0.3715878154009705,4.015041680363697,0.03894889827249164,2.38,0.058260565533974185
222,Transporter-state,Poisson,0.15,0.3756108105030792,2.2297297794989244,0.011267076288466953,4.3,0.22317510418868858
223,Transporter-state,Poisson,0.15,0.32744922192194437,3.296031544754721,0.014455415045941895,2.72,0.07683271541398595
224,Transporter-state,Poisson,0.15,0.3151754001095348,2.3145809418069794,0.009981994854665036,2.84,0.24000145315331345
225,Transporter-state,Poisson,0.15,0.47699357052198454,3.860704054858223,0.09153972129947803,2.4,0.04275919313612497
226,Transporter-state,Poisson,0.15,0.31747226758570013,2.6028539652867377,0.010104020764053022,2.98,0.15916261694567457
227,Transporter-state,Poisson,0.15,0.33263681964550146,2.344482915093091,0.009103437056017762,2.1,0.2184629606855617
228,Transporter-state,Poisson,0.15,0.33914053576916436,2.3865545600248788,0.008333041415902112,2.8000000000000003,0.21296769308369323
229,Transporter-state,Poisson,0.15,0.33350637043402104,2.574834999711656,0.01296905397575385,3.34,0.19572949490691816
230,Transporter-state,Poisson,0.15,0.34423794780763406,2.696952055297852,0.007055502109605679,2.5,0.12958687030264648
231,Transporter-state,Poisson,0.15,0.364965447868767,3.6388760220525187,0.0258533608220048,3.04,0.05267448260601715
232,Transporter-state,Poisson,0.15,0.29370087714264836,2.2193576274105076,0.004738407582725484,2.54,0.22974571223859852
233,Transporter-state,Poisson,0.15,0.3122761439453396,2.593982059556331,0.010373263734655358,2.2600000000000002,0.14917704511808427
234,Transporter-state,Poisson,0.15,0.35150569958930994,2.381929126570418,0.018250260016284842,2.5,0.16748467001141676
235,Transporter-state,Poisson,0.15,0.337393972784371,3.2642773630428876,0.017328362295777625,2.12,0.05198045798702311
236,Transporter-state,Poisson,0.15,0.4175771894834344,2.6614155903817873,0.022816938243492582,2.44,0.10341274116896881
237,Transporter-state,Poisson,0.15,0.4521452979555347,5.904664749061179,0.12481374162869394,2.1,0.03243492348419341
238,Transporter-state,Poisson,0.15,0.3826091018723798,2.5959705413404794,0.021233425711096956,1.9000000000000001,0.18433897517129638
239,Transporter-state,Poisson,0.15,0.32487893836300313,3.1466966922839785,0.01264638472246669,4.48,0.12109528728492724
240,Transporter-state,Poisson,0.15,0.38784666081092595,4.459607022440913,0.13405503930299145,2.04,0.028752179772345676
241,Transporter-state,Poisson,0.15,0.35408948772735443,2.504754193166269,0.013316211171127254,1.94,0.20616057713066283
242,Transporter-state,Poisson,0.15,0.35524023281941325,2.450259964068786,0.020933585008544,4.6000000000000005,0.20665559258690458
243,Transporter-state,Poisson,0.15,0.3856577955257652,5.6203028778613,0.2508549835966843,17.44,0.024520880997474293
244,Transporter-state,Poisson,0.15,0.3157958177986875,2.6433472116421304,0.007040980247940226,3.24,0.08820624241073738
245,Transporter-state,Poisson,0.15,0.3438857786051604,2.9338366632651423,0.012516378589053507,3.96,0.06954631063078764
246,Transporter-state,Poisson,0.15,0.32527673665443096,2.4900815910885004,0.010560149399690567,2.46,0.13245214692803486
247,Transporter-state,Poisson,0.15,0.3747588161387207,2.1790586986901057,0.011280166384747268,2.2600000000000002,0.2457890648045825
248,Transporter-state,Poisson,0.15,0.30682979295229723,2.3071992902313863,0.009187008105522641,3.0,0.1894160070401616
249,Transporter-state,Poisson,0.15,0.3566612651877398,3.8927401777175996,0.034950285412455276,5.48,0.05436319420364921
250,Transporter-state,Poisson,0.15,0.3552415071404274,2.619207750338564,0.020135991639950966,6.78,0.14542931584484875
251,Transporter-state,Poisson,0.15,0.35491117255939536,5.476855984841579,0.06667022859030823,1.78,0.03016067992417626
252,Transporter-state,Poisson,0.15,0.3231340390082254,2.8196107391493164,0.01634897053306348,2.5,0.1400598022951286
253,Transporter-state,Poisson,0.15,0.3418517112497583,3.8813437371486894,0.051585705143909893,2.7,0.03304751911496795
254,Transporter-state,Poisson,0.15,0.36838872835309106,2.5876001479099364,0.017419557977024075,5.5,0.19531077793259632
255,Transporter-state,Poisson,0.15,0.7084200134825531,12.202181625473465,3.6549348797384993,1.92,0.011478654490566287
256,Transporter-state,Poisson,0.15,0.3607458828869012,2.5461799344051963,0.008783772602593738,1.94,0.13336407172877407
257,Transporter-state,Poisson,0.15,0.3888529731388074,3.4076991027567187,0.016102976395131384,2.08,0.06334941958475426
258,Transporter-state,Poisson,0.15,0.3120826734535414,2.703368295660213,0.011962294449391765,1.94,0.10148531014714712
259,Transporter-state,Poisson,0.15,0.427293697467847,2.2786758423021243,0.019341500738030287,2.0,0.18438957608161288
260,Transporter-state,Poisson,0.15,0.3858544793178752,3.1004268079517767,0.03155880734328717,1.94,0.05199670106817089
261,Transporter-state,Poisson,0.15,0.30441649043971497,2.2319515834988617,0.005915046939952161,2.84,0.18839199771338644
262,Transporter-state,Poisson,0.15,0.3057032709473263,2.2640957720854265,0.0069709007299730286,1.76,0.2205023338399359
263,Transporter-state,Poisson,0.15,0.3772628482283124,2.4655596806781,0.01414037777911797,1.78,0.13653523960127978
264,Transporter-state,Poisson,0.15,0.30368170886254686,3.0810715457641846,0.010955467079717503,4.0,0.06046849290792766
265,Transporter-state,Poisson,0.15,0.34164794529805725,2.208282278731747,0.0073240794732547555,2.94,0.18338149024071182
266,Transporter-state,Poisson,0.15,0.33332998892214355,2.528961275351195,0.01962006621851731,4.4,0.19185850560867268
267,Transporter-state,Poisson,0.15,0.3867886567037872,2.8808399679189014,0.02980909841958118,2.12,0.09957058941981356
268,Transporter-state,Poisson,0.15,0.35802074670745376,2.8748813266969386,0.014681631658624152,10.26,0.06626702160144016
269,Transporter-state,Poisson,0.15,0.3303520585156078,2.782117442069972,0.012894969819770025,3.18,0.12073229888153603
270,Transporter-state,Poisson,0.15,0.3789070096534947,2.2468301422778865,0.013179084495085052,2.24,0.20454797729685525
271,Transporter-state,Poisson,0.15,0.29662012511841046,2.2111988971344103,0.005685123597839906,1.82,0.1957821241429718
272,Transporter-state,Poisson,0.15,0.32314354957430347,2.5658830153721923,0.011466708532349634,2.24,0.12327109744886378
273,Transporter-state,Poisson,0.15,0.3055764141115524,2.615972314536017,0.006429878984704029,1.72,0.09627643528818397
274,Transporter-state,Poisson,0.15,0.46130412287439565,2.539759486613185,0.031484692818070543,2.66,0.11324058233898426
275,Transporter-state,Poisson,0.15,0.35630176865824,2.707386368276081,0.021908365523923765,2.18,0.1145244421108621
276,Transporter-state,Poisson,0.15,0.35450918942805054,3.6344138685849625,0.02194533571403807,1.96,0.06546513744538951
277,Transporter-state,Poisson,0.15,0.3503866025540271,2.3579358040297427,0.018262936150993263,7.4,0.12767497733764221
278,Transporter-state,Poisson,0.15,0.32222162091476986,2.9702778750092165,0.012454443195528133,2.08,0.05786159519993128
279,Transporter-state,Poisson,0.15,0.3398810647135802,2.430351861690061,0.012602782021433364,2.8000000000000003,0.1381748639897019
280,Transporter-state,Poisson,0.15,0.30917083343696133,3.620212540912084,0.012290232183918703,1.86,0.04558737174125116
281,Transporter-state,Poisson,0.15,0.39482071772911287,3.5323814895522454,0.06297981770762896,2.48,0.03837925858263658
282,Transporter-state,Poisson,0.15,0.33103415852237966,2.49220177952497,0.012985516861498275,3.74,0.2255595499875368
283,Transporter-state,Poisson,0.15,0.32417070367547335,4.241519705669348,0.05587598677223299,3.94,0.031160909900811995
284,Transporter-state,Poisson,0.15,0.3620168512078341,3.6876796300656385,0.040582145803489796,2.66,0.04139829908606296
285,Transporter-state,Poisson,0.15,0.3231332144919316,3.32560373492342,0.00974576065116771,5.88,0.05039781297756085
286,Transporter-state,Poisson,0.15,0.34539190897675076,2.0351936846309657,0.009513349348918697,3.22,0.3295240506420569
287,Transporter-state,Poisson,0.15,0.31222170648848097,2.0981239909414207,0.0059833046416682325,3.62,0.17369668803586302
288,Transporter-state,Poisson,0.15,0.40098773717411407,5.197616133978128,0.1120373367426636,15.56,0.030751939427748787
289,Transporter-state,Poisson,0.15,0.4853885630864251,4.0867913842432,0.09981858821491167,8.06,0.042504565204117384
290,Transporter-state,Poisson,0.15,0.30999223036589646,2.4132906640171417,0.007435328199095168,2.64,0.23312592143588617
291,Transporter-state,Poisson,0.15,0.33271806551319405,2.6972426277320998,0.010190187272520418,3.12,0.13770460104304316
292,Transporter-state,Poisson,0.15,0.32586349516525615,2.1634811460974004,0.006214335718620255,2.2800000000000002,0.23804195766299396
293,Transporter-state,Poisson,0.15,0.3752873154644908,4.536176667101699,0.03164844595599144,2.4,0.04505439885178952
294,Transporter-state,Poisson,0.15,0.30907903864989994,2.182778966353575,0.002773852222463731,3.84,0.2251474074301354
295,Transporter-state,Poisson,0.15,0.3295684050268835,3.787220014203523,0.0156221147382017,2.02,0.04467275479168842
296,Transporter-state,Poisson,0.15,0.5121515067843982,3.7750000211589656,0.048935572983157,2.1,0.0809028470137132
297,Transporter-state,Poisson,0.15,0.38107874044510537,2.74336737298887,0.02480528109014925,2.52,0.10175431834583559
298,Transporter-state,Poisson,0.15,0.30334512440447003,2.309723353139604,0.009081196243615365,2.5,0.21578173042347104
299,Transporter-state,Poisson,0.15,0.3200256363998257,2.3816893653193123,0.007362708323927196,2.12,0.17239835511314405
0,Linear,Burst,0.15,0.3179181506571551,1.9087605761772175,0.01655090168476983,1.7,1.0
1,Linear,Burst,0.15,0.31052924399366555,1.8770553199201212,0.01279237244994817,1.72,1.0
2,Linear,Burst,0.15,0.30299438170741905,1.8624202238802827,0.010880969832303812,1.74,1.0
3,Linear,Burst,0.15,0.35883864166384777,1.8626732371204624,0.019807933760296565,1.7,1.0
4,Linear,Burst,0.15,0.3399368603017622,1.8743968993083755,0.010643028079475727,1.6400000000000001,1.0
5,Linear,Burst,0.15,0.33530650102620263,1.8254102770258962,0.010903282846504157,1.68,1.0
6,Linear,Burst,0.15,0.34728870532839134,1.7541069330216794,0.008779687983822313,1.6,1.0
7,Linear,Burst,0.15,0.3160535306455711,1.8895988939996955,0.011516116241410466,1.58,1.0
8,Linear,Burst,0.15,0.3168549071030557,1.89936254135165,0.011522984487146816,1.72,1.0
9,Linear,Burst,0.15,0.38618011544263586,1.9535371313974987,0.025153700740376164,1.62,1.0
10,Linear,Burst,0.15,0.3158001302826737,1.836812278454123,0.007863668526288134,1.72,1.0
11,Linear,Burst,0.15,0.3551893824319067,1.9468907692368242,0.019562379872252622,1.7,1.0
12,Linear,Burst,0.15,0.32391636131043117,1.8689155018863362,0.010060423074853254,1.62,1.0
13,Linear,Burst,0.15,0.36353148370448013,1.8445184187405095,0.01488656878576774,1.62,1.0
14,Linear,Burst,0.15,0.3073654558276096,1.7595794386214683,0.0075742509794953184,1.6400000000000001,1.0
15,Linear,Burst,0.15,0.32486058962379327,1.889907189936915,0.015504702170661688,1.78,1.0
16,Linear,Burst,0.15,0.31813433599506186,1.7992915345590463,0.008473118740377842,1.74,1.0
17,Linear,Burst,0.15,0.5272835836338484,2.061711422937147,0.05759272167660289,1.6400000000000001,1.0
18,Linear,Burst,0.15,0.32848906832233593,1.9222293627727036,0.015074286195951686,1.74,1.0
19,Linear,Burst,0.15,0.32275176206497685,1.873550423453433,0.01288848367470845,1.78,1.0
20,Linear,Burst,0.15,0.3603883918738554,1.8427039005685182,0.01499417347557189,1.58,1.0
21,Linear,Burst,0.15,0.31056853291648634,1.9001484571832175,0.013363059145811935,1.72,1.0
22,Linear,Burst,0.15,0.2973306650695231,1.7715011187172454,0.0033476805762013297,1.6600000000000001,1.0
23,Linear,Burst,0.15,0.33024997572422016,1.9366348148384396,0.011950034480041399,1.7,1.0
24,Linear,Burst,0.15,0.3423235248557423,1.9767527414831827,0.020951186263258478,1.68,1.0
25,Linear,Burst,0.15,0.3462592792360627,1.9498733047459607,0.015317207042162757,1.6400000000000001,1.0
26,Linear,Burst,0.15,0.3116662319256631,1.8685797704379563,0.01071778906264949,1.76,1.0
27,Linear,Burst,0.15,0.33044656008509865,1.8115909973410054,0.010774450025369895,1.7,1.0
28,Linear,Burst,0.15,0.3507544083164678,1.8296572539009575,0.01873380126829699,1.7,1.0
29,Linear,Burst,0.15,0.30806239665222757,1.7434522328152375,0.004711281112691574,1.76,1.0
30,Linear,Burst,0.15,0.3062641031453023,1.876287914874086,0.009494188145236565,1.68,1.0
31,Linear,Burst,0.15,0.395992958925063,1.9889256032833118,0.025636151373850342,1.84,1.0
32,Linear,Burst,0.15,0.3579404426411741,1.946057179095894,0.022507505277447833,1.6600000000000001,1.0
33,Linear,Burst,0.15,0.3314665997458108,1.84748431560185,0.007738300423240923,1.6600000000000001,1.0
34,Linear,Burst,0.15,0.34202911385036655,1.9272979180155423,0.01735983208431664,1.7,1.0
35,Linear,Burst,0.15,0.3454352439404144,1.8830107987550293,0.015636365806656234,1.68,1.0
36,Linear,Burst,0.15,0.34582318648775945,1.9239295101172695,0.012818617404007032,1.7,1.0
37,Linear,Burst,0.15,0.3536556784900034,1.7894279665426644,0.014821570401279412,1.6600000000000001,1.0
38,Linear,Burst,0.15,0.3047296334926176,1.8707622952073877,0.00793085361104181,1.6600000000000001,1.0
39,Linear,Burst,0.15,0.33207253159827327,1.9435259660630164,0.01551199365631704,1.6600000000000001,1.0
40,Linear,Burst,0.15,0.3387845525821451,1.8613619348215285,0.011935760312789086,1.6600000000000001,1.0
41,Linear,Burst,0.15,0.31035903871396464,1.715425992225801,0.0038371309608874462,1.68,1.0
42,Linear,Burst,0.15,0.30757271685132265,1.826478895026185,0.007323845782071271,1.6400000000000001,1.0
43,Linear,Burst,0.15,0.36458246437841185,1.9951983073037267,0.026345465674507674,1.6600000000000001,1.0
44,Linear,Burst,0.15,0.3318261147080354,1.906314133685073,0.018410444964664444,1.62,1.0
45,Linear,Burst,0.15,0.3280589720984599,1.844264234836025,0.013418542378764754,1.62,1.0
46,Linear,Burst,0.15,0.2921995172290078,1.8456597576191993,0.008325788434772715,1.58,1.0
47,Linear,Burst,0.15,0.32427455752925644,1.8352932302396658,0.008572123365782171,1.6400000000000001,1.0
48,Linear,Burst,0.15,0.37114660312736636,1.8553798888420843,0.016723558734573908,1.58,1.0
49,Linear,Burst,0.15,0.34587419141861747,1.8961333741479103,0.014094145320002107,1.76,1.0
50,Linear,Burst,0.15,0.3182860411059607,1.8163742438617456,0.009274153163758854,1.7,1.0
51,Linear,Burst,0.15,0.3007216751088792,1.8618223392781048,0.00896092257500429,1.6600000000000001,1.0
52,Linear,Burst,0.15,0.3547789132432241,1.9016099453651507,0.017245551513699227,1.58,1.0
53,Linear,Burst,0.15,0.3327083478201279,1.8468704151467417,0.01180378601182474,1.72,1.0
54,Linear,Burst,0.15,0.31287770767236706,1.7914221870539297,0.006615866270000261,1.74,1.0
55,Linear,Burst,0.15,0.3358704009217594,1.8472590977991785,0.013209639153474501,1.78,1.0
56,Linear,Burst,0.15,0.3166725093774605,1.7198156379466656,0.005064537860482717,1.6,1.0
57,Linear,Burst,0.15,0.3394211052180074,1.7855421000729252,0.011618340590084758,1.56,1.0
58,Linear,Burst,0.15,0.3317934388339597,1.8764582595508565,0.014276659355512098,1.68,1.0
59,Linear,Burst,0.15,0.30518165372175815,1.873942696168768,0.01193663837748934,1.72,1.0
60,Linear,Burst,0.15,0.3176987167322269,1.9013744269895818,0.010016180235425913,1.72,1.0
61,Linear,Burst,0.15,0.3189550163255532,1.7894853509271602,0.00818973541206018,1.7,1.0
62,Linear,Burst,0.15,0.3484741624801605,1.8376942309875148,0.013524647439964298,1.78,1.0
63,Linear,Burst,0.15,0.33248547441685966,1.9479526116049128,0.017040048996029306,1.72,1.0
64,Linear,Burst,0.15,0.3024865243977471,1.8221021942310318,0.0052722445905831385,1.6400000000000001,1.0
65,Linear,Burst,0.15,0.3177313948418084,1.9926646127574341,0.019103576946164547,1.74,1.0
66,Linear,Burst,0.15,0.33408237616177866,1.8520722125753146,0.010159675905915055,1.68,1.0
67,Linear,Burst,0.15,0.32780454577265705,1.8534264591086183,0.009627954354850763,1.68,1.0
68,Linear,Burst,0.15,0.38702262579377195,1.899411264666028,0.022334025497044076,1.6400000000000001,1.0
69,Linear,Burst,0.15,0.3179806449933288,1.885287232843071,0.014365839923464574,1.7,1.0
70,Linear,Burst,0.15,0.30233203937161207,1.8532737234117802,0.008660413467889727,1.62,1.0
71,Linear,Burst,0.15,0.270982009990042,1.8190068427736164,0.00244313151919773,1.72,1.0
72,Linear,Burst,0.15,0.3517602897930196,1.8886460176290067,0.020293629395502128,1.6400000000000001,1.0
73,Linear,Burst,0.15,0.3128876951676962,1.7928129092428797,0.007291892467386651,1.68,1.0
74,Linear,Burst,0.15,0.3960512821360066,2.002537378172704,0.037731216763136816,1.7,1.0
75,Linear,Burst,0.15,0.29661546717104625,1.8295413825069335,0.005922954178752535,1.62,1.0
76,Linear,Burst,0.15,0.3527900946449953,1.9478612375384226,0.021001765061543692,1.6400000000000001,1.0
77,Linear,Burst,0.15,0.31759824165084743,1.7603048561822239,0.005370768495311389,1.6600000000000001,1.0
78,Linear,Burst,0.15,0.3301820981856115,1.8798253186150715,0.015390021502799296,1.68,1.0
79,Linear,Burst,0.15,0.30654774803940366,1.9051902868336545,0.011094238502427653,1.68,1.0
80,Linear,Burst,0.15,0.3138024333511376,1.839912256077044,0.010847432366413272,1.7,1.0
81,Linear,Burst,0.15,0.3095821503293601,1.7902852468874477,0.007995637165302518,1.7,1.0
82,Linear,Burst,0.15,0.3197510556747378,1.9684406212392,0.015206222159920893,1.72,1.0
83,Linear,Burst,0.15,0.3328357240057385,1.8631694125569038,0.012836077863000443,1.74,1.0
84,Linear,Burst,0.15,0.34469907864004895,1.834018308753506,0.01162414913222229,1.58,1.0
85,Linear,Burst,0.15,0.30081585119629783,1.8913704158027311,0.0101128632442094,1.74,1.0
86,Linear,Burst,0.15,0.2900797634285217,1.7852675074899655,0.0036722739547875418,1.7,1.0
87,Linear,Burst,0.15,0.2997960557842669,1.8576609650065077,0.007782036993251896,1.6600000000000001,1.0
88,Linear,Burst,0.15,0.3061114484996228,1.8046035552255983,0.006474106444532073,1.6400000000000001,1.0
89,Linear,Burst,0.15,0.30592029677274096,1.7909193710761027,0.006316480363977116,1.6600000000000001,1.0
90,Linear,Burst,0.15,0.3530829188663552,1.834627139511793,0.012373049009885494,1.72,1.0
91,Linear,Burst,0.15,0.3464250966842399,1.856325936027462,0.013256977721188435,1.56,1.0
92,Linear,Burst,0.15,0.31908905007703786,1.8793718588943478,0.008806161262328952,1.7,1.0
93,Linear,Burst,0.15,0.3195649648478446,1.7892248717512647,0.0075487594567915876,1.7,1.0
94,Linear,Burst,0.15,0.3206235967845419,1.8164264511728752,0.008759373995564543,1.74,1.0
95,Linear,Burst,0.15,0.33074138264191383,1.9337991419130323,0.01582846435263108,1.6600000000000001,1.0
96,Linear,Burst,0.15,0.34704586417896494,1.893706464063123,0.01940340955690285,1.6,1.0
97,Linear,Burst,0.15,0.30574056998505195,1.8839737293782595,0.010497879528128726,1.62,1.0
98,Linear,Burst,0.15,0.27971818004398136,1.7994743115734224,0.0032879763079702888,1.7,1.0
99,Linear,Burst,0.15,0.30672429253227823,1.8098420903593713,0.010001529529099627,1.76,1.0
100,Linear,Burst,0.15,0.3027735468753824,1.861557831942445,0.010474381440284902,1.74,1.0
101,Linear,Burst,0.15,0.29839424510750834,1.8080883242931431,0.006224175832664051,1.6,1.0
102,Linear,Burst,0.15,0.29849994475267877,1.919038678242746,0.011370779877800528,1.74,1.0
103,Linear,Burst,0.15,0.3213168390523347,1.9182159343999006,0.014865709643328255,1.6400000000000001,1.0
104,Linear,Burst,0.15,0.30401747444447685,1.8528505889989901,0.0076805571472608625,1.6400000000000001,1.0
105,Linear,Burst,0.15,0.3476990949938553,1.9284321725910707,0.017497127285528845,1.56,1.0
106,Linear,Burst,0.15,0.32560131102687345,1.946534448448543,0.016488118621269206,1.6600000000000001,1.0
107,Linear,Burst,0.15,0.310816924145109,1.8523520177446269,0.010156564479755058,1.6600000000000001,1.0
108,Linear,Burst,0.15,0.36919701814473055,1.847538196618574,0.013698866029085656,1.82,1.0
109,Linear,Burst,0.15,0.32077569267089534,1.934901498239038,0.01715113711407137,1.6600000000000001,1.0
110,Linear,Burst,0.15,0.3232065527176949,1.9116218860040104,0.013486295988384371,1.72,1.0
111,Linear,Burst,0.15,0.2990924557210244,1.833518987213638,0.008217574329965949,1.6600000000000001,1.0
112,Linear,Burst,0.15,0.35783051165898716,1.9450120739905723,0.020524194462873412,1.7,1.0
113,Linear,Burst,0.15,0.28912350168832723,1.8458462832694418,0.006102497761225944,1.6600000000000001,1.0
114,Linear,Burst,0.15,0.28533459413928297,1.830992366451768,0.003446179204761223,1.62,1.0
115,Linear,Burst,0.15,0.33307668796849804,1.9054787013250498,0.01266454564019488,1.68,1.0
116,Linear,Burst,0.15,0.3467558806051908,2.0157985256261934,0.020831532947270113,1.6600000000000001,1.0
117,Linear,Burst,0.15,0.3330029350301211,1.850672165728915,0.014434920811558795,1.76,1.0
118,Linear,Burst,0.15,0.29553902486973593,1.8133570485040076,0.006307038050088469,1.56,1.0
119,Linear,Burst,0.15,0.31522724605702784,1.9096332399374278,0.00968290741588541,1.76,1.0
120,Linear,Burst,0.15,0.3343911382719737,1.89757274085407,0.012065874585884736,1.7,1.0
121,Linear,Burst,0.15,0.333061770144756,1.8835889355018725,0.01860756923301431,1.6600000000000001,1.0
122,Linear,Burst,0.15,0.35113419164371007,1.9340116889757233,0.019992639975348205,1.74,1.0
123,Linear,Burst,0.15,0.3780498273668025,1.9056741152612615,0.022826351055400162,1.68,1.0
124,Linear,Burst,0.15,0.2873882339725676,1.7602661280443663,0.00447925040772673,1.6400000000000001,1.0
125,Linear,Burst,0.15,0.33019367063283334,1.8863405401079911,0.015354046426885844,1.6600000000000001,1.0
126,Linear,Burst,0.15,0.3133126265722525,1.9026167178174318,0.012237462382263378,1.76,1.0
127,Linear,Burst,0.15,0.3072542789356083,1.8209801773817542,0.0068771013640720165,1.6400000000000001,1.0
128,Linear,Burst,0.15,0.3227289597599092,1.9289116208721724,0.017410414674948204,1.68,1.0
129,Linear,Burst,0.15,0.365096697830199,1.8617036082701919,0.019317785762092712,1.6600000000000001,1.0
130,Linear,Burst,0.15,0.27285803384670515,1.7748222512622551,0.00154145063943649,1.6600000000000001,1.0
131,Linear,Burst,0.15,0.35089607244761295,1.8357823463562102,0.012896618419052742,1.62,1.0
132,Linear,Burst,0.15,0.29806031586175136,1.8918588641070404,0.01044315370279141,1.68,1.0
133,Linear,Burst,0.15,0.3607016522760228,1.9700295973991688,0.020694268312807306,1.7,1.0
134,Linear,Burst,0.15,0.419109625069263,1.9441995318800112,0.03101258231440716,1.76,1.0
135,Linear,Burst,0.15,0.3819283678127565,1.8019095351576164,0.020875672377388552,1.6600000000000001,1.0
136,Linear,Burst,0.15,0.3017438067830449,1.8972041550748378,0.009872611860927217,1.6600000000000001,1.0
137,Linear,Burst,0.15,0.32116215355619837,1.8041259731254513,0.009029844900894115,1.6600000000000001,1.0
138,Linear,Burst,0.15,0.32482004603371517,1.8605043191502835,0.01687360083390817,1.6400000000000001,1.0
139,Linear,Burst,0.15,0.3711923300211961,1.9206843667635536,0.030587514828356258,1.6400000000000001,1.0
140,Linear,Burst,0.15,0.3214714517101249,1.802385011268041,0.009973194376578,1.72,1.0
141,Linear,Burst,0.15,0.29537169133261854,1.797000699844065,0.005261869674286378,1.6400000000000001,1.0
142,Linear,Burst,0.15,0.29480596955191174,1.778205364303416,0.006140655871432417,1.74,1.0
143,Linear,Burst,0.15,0.34167899774746846,1.830955678408315,0.010011358870756049,1.58,1.0
144,Linear,Burst,0.15,0.32269728300695255,1.9280045656290876,0.019085168320616106,1.76,1.0
145,Linear,Burst,0.15,0.32194953425426476,1.8370079628596427,0.012037412662655199,1.72,1.0
146,Linear,Burst,0.15,0.3079381709427386,1.8135266599443953,0.007892163507079993,1.6600000000000001,1.0
147,Linear,Burst,0.15,0.3132936283286198,1.8741030707565274,0.010004139484200054,1.6600000000000001,1.0
148,Linear,Burst,0.15,0.33060237985764285,1.8633075762875444,0.01273214640314781,1.7,1.0
149,Linear,Burst,0.15,0.33183842319714785,1.900886294624897,0.016147573451365273,1.7,1.0
150,Linear,Burst,0.15,0.3523436413202539,1.8510608015990322,0.014130639163870131,1.74,1.0
151,Linear,Burst,0.15,0.3339341374632059,1.904331732058269,0.01712748634548453,1.7,1.0
152,Linear,Burst,0.15,0.33506081789571734,1.9112823199165465,0.01501512410192389,1.58,1.0
153,Linear,Burst,0.15,0.29234741132301284,1.837708375480928,0.004369320875364519,1.68,1.0
154,Linear,Burst,0.15,0.305749917349583,1.8761930073438968,0.009771433058633136,1.72,1.0
155,Linear,Burst,0.15,0.29785341965042483,1.740021678500071,0.005143989585917495,1.54,1.0
156,Linear,Burst,0.15,0.3226941237208561,1.948676915140933,0.01778104827128854,1.6400000000000001,1.0
157,Linear,Burst,0.15,0.409651382974838,1.8743227051380043,0.019590890305549304,1.74,1.0
158,Linear,Burst,0.15,0.33146517363220707,1.8802176300193492,0.014680120713183295,1.58,1.0
159,Linear,Burst,0.15,0.30374146920726597,1.837202015811468,0.005815542715520023,1.72,1.0
160,Linear,Burst,0.15,0.27265764857409464,1.7579613145304158,0.0026248174503278434,1.6600000000000001,1.0
161,Linear,Burst,0.15,0.3414792628757572,1.826846984406213,0.013453000854519524,1.7,1.0
162,Linear,Burst,0.15,0.3002493749329875,1.8262795711341118,0.007331529070001698,1.74,1.0
163,Linear,Burst,0.15,0.3109276949692431,1.9207064360127037,0.009497053060844111,1.7,1.0
164,Linear,Burst,0.15,0.35921397684023243,1.9450221120840445,0.021321357688992737,1.7,1.0
165,Linear,Burst,0.15,0.30100329817409505,1.9082318849508857,0.00890547707024184,1.72,1.0
166,Linear,Burst,0.15,0.3620737441437818,1.9055565130249204,0.018290223790406023,1.6600000000000001,1.0
167,Linear,Burst,0.15,0.33473578339826654,1.906915428644331,0.014474625749756153,1.6400000000000001,1.0
168,Linear,Burst,0.15,0.33039102071902476,1.852898231912384,0.015939374923049608,1.6400000000000001,1.0
169,Linear,Burst,0.15,0.29951529115768555,1.7451287951510486,0.0033675885450927543,1.58,1.0
170,Linear,Burst,0.15,0.39885933691484105,1.9746900559792981,0.03622704300796354,1.68,1.0
171,Linear,Burst,0.15,0.3295921586279871,1.8988561268567756,0.013505922877937275,1.72,1.0
172,Linear,Burst,0.15,0.29948177219438404,1.8772108041203683,0.009003794267179519,1.6600000000000001,1.0
173,Linear,Burst,0.15,0.3797193343680252,1.9064411032309967,0.021070849311126585,1.72,1.0
174,Linear,Burst,0.15,0.2916321541338122,1.8300556409242186,0.005877729696117831,1.72,1.0
175,Linear,Burst,0.15,0.3092894592886513,1.91345199099117,0.011013868899525296,1.6400000000000001,1.0
176,Linear,Burst,0.15,0.31470052118826813,1.8348815669346858,0.008835031391498634,1.68,1.0
177,Linear,Burst,0.15,0.352461890889783,1.8980687115110468,0.014613413002252208,1.7,1.0
178,Linear,Burst,0.15,0.31808308824663106,1.8271489955659805,0.011119509128703915,1.6600000000000001,1.0
179,Linear,Burst,0.15,0.3302517203363268,1.9060525630461835,0.02034468664133904,1.74,1.0
180,Linear,Burst,0.15,0.3210187153785468,1.879866848220334,0.012634121225301042,1.68,1.0
181,Linear,Burst,0.15,0.35915234523003864,1.8279080380442791,0.014571944311884487,1.72,1.0
182,Linear,Burst,0.15,0.35070268735648047,1.8806896186297517,0.018227154990886004,1.76,1.0
183,Linear,Burst,0.15,0.32930314341515515,1.9575859398201507,0.01593467825926611,1.78,1.0
184,Linear,Burst,0.15,0.3041891332101131,1.8582280807944602,0.006666181875359313,1.6400000000000001,1.0
185,Linear,Burst,0.15,0.29476850045051023,1.809452378098572,0.004739380436271153,1.68,1.0
186,Linear,Burst,0.15,0.3262845608305984,2.0142390682938167,0.019438929395700206,1.68,1.0
187,Linear,Burst,0.15,0.30472358784632286,1.8643599621098446,0.0063112837591620145,1.7,1.0
188,Linear,Burst,0.15,0.3380526028181781,1.7684782089721798,0.010697401544592528,1.72,1.0
189,Linear,Burst,0.15,0.2981406156300316,1.7416952028071169,0.005060875409880609,1.74,1.0
190,Linear,Burst,0.15,0.331052494054612,1.8779863985376897,0.010799966188644804,1.68,1.0
191,Linear,Burst,0.15,0.33729667279127273,1.8496922472200938,0.014696824554873053,1.6600000000000001,1.0
192,Linear,Burst,0.15,0.31757471027658063,1.898456491272067,0.008718605351150087,1.6400000000000001,1.0
193,Linear,Burst,0.15,0.2889099138087124,1.7995741036989938,0.004148924431868668,1.72,1.0
194,Linear,Burst,0.15,0.3055024236626059,1.9204799664077128,0.009025653731068938,1.62,1.0
195,Linear,Burst,0.15,0.366928099710817,1.860933675633358,0.01929633662815158,1.72,1.0
196,Linear,Burst,0.15,0.352570390641442,1.9025633269360585,0.014400243245328126,1.6600000000000001,1.0
197,Linear,Burst,0.15,0.33082092408353586,1.8143329385649976,0.01036573653893399,1.62,1.0
198,Linear,Burst,0.15,0.3280644406907331,1.871116182562404,0.012266055839683234,1.62,1.0
199,Linear,Burst,0.15,0.2801393077075356,1.817981843026307,0.004013602531752895,1.68,1.0
200,Linear,Burst,0.15,0.3031667376192185,1.8276140986333815,0.006209794305029905,1.6400000000000001,1.0
201,Linear,Burst,0.15,0.3351410009662725,1.8463450529179302,0.012092058838440813,1.6600000000000001,1.0
202,Linear,Burst,0.15,0.34873257700545457,1.8391252185180096,0.012715558285834991,1.62,1.0
203,Linear,Burst,0.15,0.3075299788184687,1.8915022018188898,0.007278460030671041,1.6600000000000001,1.0
204,Linear,Burst,0.15,0.3239554795338983,1.8033602929528363,0.008400724878237219,1.72,1.0
205,Linear,Burst,0.15,0.36889069212485526,1.923864740507646,0.02202490995231352,1.6600000000000001,1.0
206,Linear,Burst,0.15,0.3465262652355978,1.9120798839850908,0.016306440801469965,1.72,1.0
207,Linear,Burst,0.15,0.31464023641887995,1.8070287760800283,0.0049957304073337035,1.6600000000000001,1.0
208,Linear,Burst,0.15,0.39011566542796483,1.940542396314656,0.021946696279377533,1.7,1.0
209,Linear,Burst,0.15,0.3306584448801682,1.931343983681022,0.01269276004680758,1.74,1.0
210,Linear,Burst,0.15,0.31014295725950636,1.9045887650779358,0.009103928908426083,1.7,1.0
211,Linear,Burst,0.15,0.27966636717323234,1.7269202700932542,0.002184397588087261,1.6400000000000001,1.0
212,Linear,Burst,0.15,0.28871086385105216,1.7918548126875244,0.006285234905198783,1.6400000000000001,1.0
213,Linear,Burst,0.15,0.34815030877573633,2.028704634848343,0.03169956126540044,1.7,1.0
214,Linear,Burst,0.15,0.2899044397373716,1.8716061804942261,0.006501106795527724,1.6,1.0
215,Linear,Burst,0.15,0.3407535626303645,1.8181879973860429,0.010222628788424889,1.6400000000000001,1.0
216,Linear,Burst,0.15,0.3800183572490528,2.029284025302328,0.02915054179501824,1.76,1.0
217,Linear,Burst,0.15,0.3266743154292109,1.878690351184615,0.014283551397522132,1.68,1.0
218,Linear,Burst,0.15,0.34593392016264146,1.7615176008290205,0.009272100864456704,1.62,1.0
219,Linear,Burst,0.15,0.3719494086427036,1.8801164277550322,0.01802994747368625,1.6600000000000001,1.0
220,Linear,Burst,0.15,0.3388455807064203,1.9118329044967588,0.019640668805165042,1.6600000000000001,1.0
221,Linear,Burst,0.15,0.33051972986358424,1.9217134061805279,0.014045142494825713,1.72,1.0
222,Linear,Burst,0.15,0.2793577387916117,1.7753090933018063,0.002734385053938647,1.6,1.0
223,Linear,Burst,0.15,0.32744922192194437,1.8443576777862456,0.014561490606646866,1.78,1.0
224,Linear,Burst,0.15,0.3151754001095348,1.8900962280327651,0.011619337287185949,1.72,1.0
225,Linear,Burst,0.15,0.32914220143742295,1.9527989911756751,0.014807748803419719,1.68,1.0
226,Linear,Burst,0.15,0.31747226758570013,1.9048545285340435,0.012045283796201112,1.68,1.0
227,Linear,Burst,0.15,0.33263681964550146,1.812935376484031,0.012002080839848538,1.7,1.0
228,Linear,Burst,0.15,0.3391405357691222,1.8728315806973161,0.01032863587513839,1.7,1.0
229,Linear,Burst,0.15,0.33350570530112966,1.9244653613793292,0.015386914284906092,1.6600000000000001,1.0
230,Linear,Burst,0.15,0.34423794780763406,1.7906709324111034,0.010206375237983897,1.74,1.0
231,Linear,Burst,0.15,0.364965447868767,1.963735396869329,0.02721832707945926,1.8,1.0
232,Linear,Burst,0.15,0.29370087714264836,1.8170368787506617,0.006151342211050247,1.72,1.0
233,Linear,Burst,0.15,0.2869552176160026,1.8881363482306288,0.006965443443310632,1.72,1.0
234,Linear,Burst,0.15,0.35150569958930966,1.907328398162244,0.023239149497691517,1.78,1.0
235,Linear,Burst,0.15,0.337393972784371,1.9004910397672172,0.01558156324387514,1.68,1.0
236,Linear,Burst,0.15,0.3372736851365683,1.822728941464914,0.01132166737292319,1.62,1.0
237,Linear,Burst,0.15,0.31606611338333673,1.8012405196146837,0.005660821574661849,1.68,1.0
238,Linear,Burst,0.15,0.38260910187178765,1.9244630425025608,0.024213175663534703,1.6400000000000001,1.0
239,Linear,Burst,0.15,0.3215579409288096,1.9187302109231479,0.012011443345561392,1.72,1.0
240,Linear,Burst,0.15,0.31683840842487826,1.8880927517428703,0.011625532824120967,1.6400000000000001,1.0
241,Linear,Burst,0.15,0.35408948772735443,1.9330518836349209,0.017581499942415625,1.6600000000000001,1.0
242,Linear,Burst,0.15,0.3468344108829814,1.96608584885114,0.019734708612537517,1.72,1.0
243,Linear,Burst,0.15,0.37325651116682,1.969819594502669,0.030648865878543055,1.74,1.0
244,Linear,Burst,0.15,0.3157958177986875,1.8438358184278905,0.009260668824524455,1.72,1.0
245,Linear,Burst,0.15,0.3438857679814362,1.8305822313987448,0.014275794281357768,1.78,1.0
246,Linear,Burst,0.15,0.32527673665443096,1.8416651581957704,0.01429765199191232,1.72,1.0
247,Linear,Burst,0.15,0.3747588161387207,1.880788950498603,0.015612434027294219,1.6400000000000001,1.0
248,Linear,Burst,0.15,0.3068297929522971,1.9193003442084735,0.011338659231708566,1.74,1.0
249,Linear,Burst,0.15,0.3396234610476834,1.8405796504431111,0.016140641033283856,1.62,1.0
250,Linear,Burst,0.15,0.3552414903836617,1.9494450712709386,0.023899430665744653,1.82,1.0
251,Linear,Burst,0.15,0.35491117255939536,1.8353935917319124,0.015351814047410385,1.58,1.0
252,Linear,Burst,0.15,0.31687346921393833,1.9333587579456633,0.014308294678996695,1.68,1.0
253,Linear,Burst,0.15,0.32764726555859636,1.7834207956470103,0.008759145363537578,1.6,1.0
254,Linear,Burst,0.15,0.3683887279682611,1.8963603123940789,0.02161176612203676,1.82,1.0
255,Linear,Burst,0.15,0.3941560482324287,1.9603432868900326,0.026371374142949062,1.6400000000000001,1.0
256,Linear,Burst,0.15,0.3607458828869012,1.8216604330679627,0.01249859850077575,1.6600000000000001,1.0
257,Linear,Burst,0.15,0.2821902749590218,1.8537554255644508,0.0045644293275135086,1.6400000000000001,1.0
258,Linear,Burst,0.15,0.31208267345343577,1.828695557836345,0.011639902734052115,1.6400000000000001,1.0
259,Linear,Burst,0.15,0.3077884349323276,1.7903164369549869,0.006707806523591055,1.58,1.0
260,Linear,Burst,0.15,0.3077229482194024,1.7734044090632002,0.004498487942898975,1.6,1.0
261,Linear,Burst,0.15,0.30441649043971497,1.8363769200035969,0.007597296191825183,1.72,1.0
262,Linear,Burst,0.15,0.3057032709473263,1.8870986714802689,0.008937591247095159,1.48,1.0
263,Linear,Burst,0.15,0.3772628482283124,1.8752373557970585,0.01854514680898732,1.6,1.0
264,Linear,Burst,0.15,0.30368170886254686,1.914296215727249,0.008921410384575591,1.62,1.0
265,Linear,Burst,0.15,0.34164794529805725,1.8468981610636892,0.010024720412089424,1.7,1.0
266,Linear,Burst,0.15,0.3333299889221428,1.9605359028560236,0.024901968261968978,1.76,1.0
267,Linear,Burst,0.15,0.3211642493082653,1.8791360802500172,0.015480731095052644,1.6400000000000001,1.0
268,Linear,Burst,0.15,0.30444077766840255,1.861299339112025,0.010926071598353697,1.62,1.0
269,Linear,Burst,0.15,0.3303520585156078,1.935773733939633,0.015923282102194913,1.78,1.0
270,Linear,Burst,0.15,0.3789070096534947,1.8083779519093799,0.014737214600812933,1.6400000000000001,1.0
271,Linear,Burst,0.15,0.29662012511841046,1.8331278728932643,0.007461739546817786,1.62,1.0
272,Linear,Burst,0.15,0.30210960460658837,1.8656992562798076,0.008441957119695493,1.7,1.0
273,Linear,Burst,0.15,0.3055764141115524,1.772890346984413,0.008732071438992637,1.58,1.0
274,Linear,Burst,0.15,0.2905373355689134,1.8040681734432757,0.005855527470069681,1.68,1.0
275,Linear,Burst,0.15,0.356301539792386,1.9116837519631342,0.019312384893294135,1.6400000000000001,1.0
276,Linear,Burst,0.15,0.30545797830877436,1.9181747819900343,0.011051486348982873,1.6600000000000001,1.0
277,Linear,Burst,0.15,0.3355514181965251,1.872207723023743,0.013944065258031341,1.74,1.0
278,Linear,Burst,0.15,0.27643504460498364,1.796307715051994,0.0031578357395643697,1.68,1.0
279,Linear,Burst,0.15,0.3398810647135802,1.9074319604918117,0.017056314238420987,1.76,1.0
280,Linear,Burst,0.15,0.30917083343696133,1.8627698830625856,0.009733759619475627,1.58,1.0
281,Linear,Burst,0.15,0.32184500077749223,1.8629341595038247,0.014077006731713533,1.68,1.0
282,Linear,Burst,0.15,0.33103415852237966,1.859005570938894,0.016004218663413408,1.76,1.0
283,Linear,Burst,0.15,0.30141635038560344,1.8870054040081545,0.007049243794650892,1.6400000000000001,1.0
284,Linear,Burst,0.15,0.327134975806914,1.9020278291072925,0.015584735072641492,1.7,1.0
285,Linear,Burst,0.15,0.3231332144919316,1.8069465955860513,0.008100991446892037,1.74,1.0
286,Linear,Burst,0.15,0.34539190897675076,1.8269229919843097,0.013342142365762413,1.6400000000000001,1.0
287,Linear,Burst,0.15,0.30544662878315115,1.758951873892652,0.00562719687808941,1.74,1.0
288,Linear,Burst,0.15,0.36853273986564794,1.9558566608505776,0.02388443946745955,1.8,1.0
289,Linear,Burst,0.15,0.316929021315866,1.841545366921235,0.010258641602498862,1.7,1.0
290,Linear,Burst,0.15,0.30999223036589646,1.8756008687375585,0.009724622787304668,1.6600000000000001,1.0
291,Linear,Burst,0.15,0.33271795678218186,1.8325949111758877,0.01164364061230204,1.6600000000000001,1.0
292,Linear,Burst,0.15,0.32586349516525615,1.7899188869616625,0.007979662676217305,1.68,1.0
293,Linear,Burst,0.15,0.3294263054869324,1.946855478524179,0.02143087126468566,1.6400000000000001,1.0
294,Linear,Burst,0.15,0.30907903864989994,1.723701805759374,0.0038165581552128615,1.6400000000000001,1.0
295,Linear,Burst,0.15,0.3295684050268835,1.9228160269122525,0.014903531876461044,1.6600000000000001,1.0
296,Linear,Burst,0.15,0.3047540730797062,1.8554015274596327,0.008108975958503309,1.62,1.0
297,Linear,Burst,0.15,0.38107874044510537,1.9275958612595023,0.028385148759038793,1.7,1.0
298,Linear,Burst,0.15,0.303345124302297,1.8596599254606425,0.011475368601049652,1.6400000000000001,1.0
299,Linear,Burst,0.15,0.30490671483225085,1.8302054280957116,0.007022998959635047,1.68,1.0
0,Michaelis-Menten,Burst,0.15,0.3179181506571551,2.0188096929976567,0.019106256323204767,1.6600000000000001,1.0
1,Michaelis-Menten,Burst,0.15,0.31052924399366555,1.9812535588356344,0.014592416273852268,1.7,1.0
2,Michaelis-Menten,Burst,0.15,0.30299438170741905,1.9628559211381513,0.012427952118198183,1.74,1.0
3,Michaelis-Menten,Burst,0.15,0.35883864166384777,1.9677806480524713,0.023430458044635383,1.68,1.0
4,Michaelis-Menten,Burst,0.15,0.3399368603017622,1.9766347994985223,0.012310091277713518,1.6,1.0
5,Michaelis-Menten,Burst,0.15,0.33530650102620263,1.920724884181397,0.012751535640349284,1.6400000000000001,1.0
6,Michaelis-Menten,Burst,0.15,0.34728870532839134,1.8374216162401493,0.010372627315563559,1.54,1.0
7,Michaelis-Menten,Burst,0.15,0.3160535306455711,1.9942758129058686,0.0130826943402368,1.54,1.0
8,Michaelis-Menten,Burst,0.15,0.3168549071030557,2.0057067612671786,0.01322408104722579,1.7,1.0
9,Michaelis-Menten,Burst,0.15,0.38618011544263586,2.072773760626616,0.029841620233622357,1.58,1.0
10,Michaelis-Menten,Burst,0.15,0.3158001302826737,1.9327092894317444,0.008917373437426214,1.7,1.0
11,Michaelis-Menten,Burst,0.15,0.3551893824319067,2.0632703421195995,0.0230475609983537,1.68,1.0
12,Michaelis-Menten,Burst,0.15,0.32391636131043117,1.9701304697483326,0.011604753468056039,1.58,1.0
13,Michaelis-Menten,Burst,0.15,0.36353148370448013,1.9436391607834973,0.017648898108944242,1.58,1.0
14,Michaelis-Menten,Burst,0.15,0.3073654558276096,1.8440683622518066,0.00863954845532962,1.6,1.0
15,Michaelis-Menten,Burst,0.15,0.32486058962379327,1.9963292644936026,0.01796905770202743,1.76,1.0
16,Michaelis-Menten,Burst,0.15,0.31813433599506186,1.88979371049893,0.009706458594170641,1.72,1.0
17,Michaelis-Menten,Burst,0.15,0.5272835836338484,2.2119505389204703,0.07245032047591475,1.62,1.0
18,Michaelis-Menten,Burst,0.15,0.32848906832233593,2.0338397555538643,0.017333248416865545,1.72,1.0
19,Michaelis-Menten,Burst,0.15,0.32275176206497685,1.9767350725814457,0.014856434541415324,1.76,1.0
20,Michaelis-Menten,Burst,0.15,0.3603883918738554,1.9419802216595543,0.01765038338827695,1.54,1.0
21,Michaelis-Menten,Burst,0.15,0.31056853291648634,2.007824857343006,0.015316087281732156,1.7,1.0
22,Michaelis-Menten,Burst,0.15,0.2973306650695231,1.8552643693310507,0.00382425746707195,1.6400000000000001,1.0
23,Michaelis-Menten,Burst,0.15,0.33024997572422016,2.0486387913012556,0.013625855449127066,1.68,1.0
24,Michaelis-Menten,Burst,0.15,0.3423235248557423,2.0981623220659293,0.024470199382000544,1.6400000000000001,1.0
25,Michaelis-Menten,Burst,0.15,0.3462592792360627,2.065050891991494,0.017835926118495354,1.6,1.0
26,Michaelis-Menten,Burst,0.15,0.3116662319256631,1.9695430152698525,0.012308753748891569,1.74,1.0
27,Michaelis-Menten,Burst,0.15,0.33044656008509865,1.9043683762747157,0.012437616820176415,1.68,1.0
28,Michaelis-Menten,Burst,0.15,0.3507544083164678,1.9287570225246826,0.022105585072249526,1.68,1.0
29,Michaelis-Menten,Burst,0.15,0.30806239665222757,1.8243273102707023,0.005353707884829961,1.74,1.0
30,Michaelis-Menten,Burst,0.15,0.3062641031453023,1.9784888664904954,0.010792179276484987,1.6600000000000001,1.0
31,Michaelis-Menten,Burst,0.15,0.395992958925063,2.1139781291542374,0.030538859586234403,1.86,1.0
32,Michaelis-Menten,Burst,0.15,0.3579404426411741,2.063165620402059,0.026522539665211547,1.6400000000000001,1.0
33,Michaelis-Menten,Burst,0.15,0.3314665997458108,1.944141508756051,0.0089264160796481,1.62,1.0
34,Michaelis-Menten,Burst,0.15,0.34202911385036655,2.040158076127394,0.020217157636434828,1.68,1.0
35,Michaelis-Menten,Burst,0.15,0.3454352439404144,1.9881872425008662,0.01827866152406465,1.6600000000000001,1.0
36,Michaelis-Menten,Burst,0.15,0.34582318648775945,2.034357473268659,0.014979083323260948,1.68,1.0
37,Michaelis-Menten,Burst,0.15,0.3536556784900034,1.880630331961181,0.017543543382497653,1.62,1.0
38,Michaelis-Menten,Burst,0.15,0.3047296334926176,1.9713336500125558,0.009024044870635137,1.6400000000000001,1.0
39,Michaelis-Menten,Burst,0.15,0.33207253159827327,2.058068197683287,0.01778120238963252,1.6400000000000001,1.0
40,Michaelis-Menten,Burst,0.15,0.3387845525821451,1.9615563041034765,0.013844921684007482,1.62,1.0
41,Michaelis-Menten,Burst,0.15,0.31035903871396464,1.791694890223066,0.004396428989575474,1.6600000000000001,1.0
42,Michaelis-Menten,Burst,0.15,0.30757271685132265,1.920561826341577,0.00829361255682974,1.6,1.0
43,Michaelis-Menten,Burst,0.15,0.36458246437841185,2.12117316574166,0.031101999053062563,1.62,1.0
44,Michaelis-Menten,Burst,0.15,0.3318261147080354,2.015983888413517,0.021396731565147833,1.6,1.0
45,Michaelis-Menten,Burst,0.15,0.3280589720984599,1.9436357086882048,0.015481241164727556,1.58,1.0
46,Michaelis-Menten,Burst,0.15,0.2921995172290078,1.9430109236808122,0.009365412216032513,1.54,1.0
47,Michaelis-Menten,Burst,0.15,0.32427455752925644,1.930525588253374,0.009844550315199568,1.6,1.0
48,Michaelis-Menten,Burst,0.15,0.37114660312736636,1.9567873432194236,0.019808238922834034,1.54,1.0
49,Michaelis-Menten,Burst,0.15,0.34587419141861747,2.003723726929341,0.01638695651945441,1.74,1.0
50,Michaelis-Menten,Burst,0.15,0.3182860411059607,1.90977113391481,0.010698649495760439,1.68,1.0
51,Michaelis-Menten,Burst,0.15,0.3007216751088792,1.9621220903944347,0.010053750291539454,1.62,1.0
52,Michaelis-Menten,Burst,0.15,0.3547789132432241,2.0107721864087167,0.02024796479509279,1.54,1.0
53,Michaelis-Menten,Burst,0.15,0.3327083478201279,1.9461120509327885,0.013728119773530443,1.7,1.0
54,Michaelis-Menten,Burst,0.15,0.31287770767236706,1.8795124903844682,0.007612317067240446,1.72,1.0
55,Michaelis-Menten,Burst,0.15,0.3358704009217594,1.9464996007598656,0.015403759576792,1.76,1.0
56,Michaelis-Menten,Burst,0.15,0.3166725093774605,1.7966378002271606,0.00580460568418351,1.56,1.0
57,Michaelis-Menten,Burst,0.15,0.3394211052180074,1.875106330209103,0.013776954457279587,1.52,1.0
58,Michaelis-Menten,Burst,0.15,0.3317934388339597,1.9805596232398683,0.016625571653915705,1.6400000000000001,1.0
59,Michaelis-Menten,Burst,0.15,0.30518165372175815,1.976971113827991,0.01357047141555008,1.7,1.0
60,Michaelis-Menten,Burst,0.15,0.3176987167322269,2.0075161168703795,0.011317927448108799,1.7,1.0
61,Michaelis-Menten,Burst,0.15,0.3189550163255532,1.8783780089024191,0.00940943744855613,1.68,1.0
62,Michaelis-Menten,Burst,0.15,0.3484741624801605,1.9357220005754405,0.015985545330070718,1.76,1.0
63,Michaelis-Menten,Burst,0.15,0.33248547441685966,2.0634181846779547,0.019817053153882408,1.7,1.0
64,Michaelis-Menten,Burst,0.15,0.3024865243977471,1.91438937146765,0.005856275815653369,1.6,1.0
65,Michaelis-Menten,Burst,0.15,0.3177313948418084,2.116073581683059,0.02200045139063209,1.72,1.0
66,Michaelis-Menten,Burst,0.15,0.33408237616177866,1.950580564194981,0.0117109726876755,1.6400000000000001,1.0
67,Michaelis-Menten,Burst,0.15,0.32780454577265705,1.9519715732626346,0.011020606201691957,1.6400000000000001,1.0
68,Michaelis-Menten,Burst,0.15,0.38702262579377195,2.0100714250909317,0.026633369604568764,1.6,1.0
69,Michaelis-Menten,Burst,0.15,0.3179806449933288,1.9915888006969986,0.01651354638897979,1.68,1.0
70,Michaelis-Menten,Burst,0.15,0.30233203937161207,1.9513668246205613,0.009806037552594609,1.6,1.0
71,Michaelis-Menten,Burst,0.15,0.270982009990042,1.9097404133632108,0.002640096691280689,1.7,1.0
72,Michaelis-Menten,Burst,0.15,0.3517602897930196,1.9972427355923932,0.023760769158280893,1.6,1.0
73,Michaelis-Menten,Burst,0.15,0.3128876951676962,1.8817479462395625,0.008342344334624139,1.6600000000000001,1.0
74,Michaelis-Menten,Burst,0.15,0.3960512821360066,2.1347893192059515,0.045480001352046766,1.68,1.0
75,Michaelis-Menten,Burst,0.15,0.29661546717104625,1.9240848997809377,0.0065630601154097355,1.58,1.0
76,Michaelis-Menten,Burst,0.15,0.3527900946449953,2.0650451902018316,0.02460446744473955,1.6,1.0
77,Michaelis-Menten,Burst,0.15,0.31759824165084743,1.8435610345590008,0.006110633666268696,1.6400000000000001,1.0
78,Michaelis-Menten,Burst,0.15,0.3301820981856115,1.984835604758595,0.017880507366749107,1.6400000000000001,1.0
79,Michaelis-Menten,Burst,0.15,0.30654774803940366,2.012472152632738,0.01260159455382278,1.6400000000000001,1.0
80,Michaelis-Menten,Burst,0.15,0.3138024333511376,1.9375641558566776,0.01235395547254122,1.6600000000000001,1.0
81,Michaelis-Menten,Burst,0.15,0.3095821503293601,1.8790120901760936,0.009158475062226222,1.68,1.0
82,Michaelis-Menten,Burst,0.15,0.3197510556747378,2.0865327630475163,0.017507866940050684,1.7,1.0
83,Michaelis-Menten,Burst,0.15,0.3328357240057385,1.9645024970583629,0.01487134605396873,1.72,1.0
84,Michaelis-Menten,Burst,0.15,0.34469907864004895,1.9307204431109157,0.013696481176989237,1.54,1.0
85,Michaelis-Menten,Burst,0.15,0.30081585119629783,1.9962471471100245,0.011523308869424055,1.72,1.0
86,Michaelis-Menten,Burst,0.15,0.2900797634285217,1.8714217783037077,0.004052358306033749,1.68,1.0
87,Michaelis-Menten,Burst,0.15,0.2997960557842669,1.9566339833400934,0.008714584816807307,1.62,1.0
88,Michaelis-Menten,Burst,0.15,0.3061114484996228,1.8948629477733971,0.007328448464710579,1.62,1.0
89,Michaelis-Menten,Burst,0.15,0.30592029677274096,1.879108713195125,0.007160760304016678,1.62,1.0
90,Michaelis-Menten,Burst,0.15,0.3530829188663552,1.9319404949637087,0.014445426150842183,1.7,1.0
91,Michaelis-Menten,Burst,0.15,0.3464250966842399,1.9577781014232658,0.015516046899348603,1.5,1.0
92,Michaelis-Menten,Burst,0.15,0.31908905007703786,1.9815502547532298,0.010038690393206037,1.68,1.0
93,Michaelis-Menten,Burst,0.15,0.3195649648478446,1.877646492149394,0.008648285223825197,1.68,1.0
94,Michaelis-Menten,Burst,0.15,0.3206235967845419,1.9101444925978575,0.009978014937798528,1.72,1.0
95,Michaelis-Menten,Burst,0.15,0.33074138264191383,2.047324683553462,0.01822785002901736,1.6400000000000001,1.0
96,Michaelis-Menten,Burst,0.15,0.34704586417896494,2.0020901498290504,0.02293235429111633,1.56,1.0
97,Michaelis-Menten,Burst,0.15,0.30574056998505195,1.9876809228885763,0.011918014692970802,1.58,1.0
98,Michaelis-Menten,Burst,0.15,0.27971818004398136,1.8877440416032583,0.0036069251943386484,1.68,1.0
99,Michaelis-Menten,Burst,0.15,0.30672429253227823,1.9025823756309523,0.011367774837736757,1.74,1.0
100,Michaelis-Menten,Burst,0.15,0.3027735468753824,1.9616967037423247,0.011860640911697425,1.74,1.0
101,Michaelis-Menten,Burst,0.15,0.29839424510750834,1.8984214611809567,0.007020592635691095,1.56,1.0
102,Michaelis-Menten,Burst,0.15,0.29849994475267877,2.028273728530653,0.012915184629364957,1.72,1.0
103,Michaelis-Menten,Burst,0.15,0.3213168390523347,2.0289012338494286,0.01706758608687055,1.6,1.0
104,Michaelis-Menten,Burst,0.15,0.30401747444447685,1.9503261701251973,0.008695117340153227,1.6,1.0
105,Michaelis-Menten,Burst,0.15,0.3476990949938553,2.041868686381203,0.02029636365484977,1.52,1.0
106,Michaelis-Menten,Burst,0.15,0.32560131102687345,2.062318869659513,0.01897463057475613,1.6400000000000001,1.0
107,Michaelis-Menten,Burst,0.15,0.310816924145109,1.9516509580921013,0.011567465228906677,1.62,1.0
108,Michaelis-Menten,Burst,0.15,0.36919701814473055,1.9467210858421307,0.016310654608263548,1.82,1.0
109,Michaelis-Menten,Burst,0.15,0.32077569267089534,2.0487856258967883,0.019795119216020444,1.6400000000000001,1.0
110,Michaelis-Menten,Burst,0.15,0.3232065527176949,2.020408028842915,0.015592976224962278,1.7,1.0
111,Michaelis-Menten,Burst,0.15,0.2990924557210244,1.9287404619770283,0.009311510112627869,1.62,1.0
112,Michaelis-Menten,Burst,0.15,0.35783051165898716,2.0613163702117,0.024087978354396973,1.68,1.0
113,Michaelis-Menten,Burst,0.15,0.28912350168832723,1.9420874259708205,0.006821007110447545,1.62,1.0
114,Michaelis-Menten,Burst,0.15,0.28533459413928297,1.9236521721159359,0.0037266217329682614,1.58,1.0
115,Michaelis-Menten,Burst,0.15,0.33307668796849804,2.0131234557778184,0.01450790547372973,1.6400000000000001,1.0
116,Michaelis-Menten,Burst,0.15,0.3467558806051908,2.1431550427164057,0.024140577175262717,1.6400000000000001,1.0
117,Michaelis-Menten,Burst,0.15,0.3330029350301211,1.9506994903059165,0.016799268109741205,1.76,1.0
118,Michaelis-Menten,Burst,0.15,0.29553902486973593,1.9051891111939427,0.007109011493428511,1.52,1.0
119,Michaelis-Menten,Burst,0.15,0.31522724605702784,2.016497548342261,0.011065053255636814,1.76,1.0
120,Michaelis-Menten,Burst,0.15,0.3343911382719737,2.003642437085129,0.014007730022819161,1.68,1.0
121,Michaelis-Menten,Burst,0.15,0.333061770144756,1.9903814655075873,0.02176024847981078,1.6400000000000001,1.0
122,Michaelis-Menten,Burst,0.15,0.35113419164371007,2.0484805726309028,0.023285436490958385,1.72,1.0
123,Michaelis-Menten,Burst,0.15,0.3780498273668025,2.018383025528417,0.026959142721538095,1.6400000000000001,1.0
124,Michaelis-Menten,Burst,0.15,0.2873882339725676,1.8438914320623174,0.004990041015174903,1.6,1.0
125,Michaelis-Menten,Burst,0.15,0.33019367063283334,1.9923909129634516,0.017834025752702497,1.62,1.0
126,Michaelis-Menten,Burst,0.15,0.3133126265722525,2.0096959038651923,0.013992152211359715,1.76,1.0
127,Michaelis-Menten,Burst,0.15,0.3072542789356083,1.9134514289423892,0.007830915615615698,1.62,1.0
128,Michaelis-Menten,Burst,0.15,0.3227289597599092,2.0425794383230684,0.02014661171100078,1.6600000000000001,1.0
129,Michaelis-Menten,Burst,0.15,0.365096697830199,1.9653758445501757,0.022740696248965495,1.62,1.0
130,Michaelis-Menten,Burst,0.15,0.27285803384670515,1.858177301504608,0.0016310814514907722,1.6400000000000001,1.0
131,Michaelis-Menten,Burst,0.15,0.35089607244761295,1.933174060307779,0.015099558686446813,1.58,1.0
132,Michaelis-Menten,Burst,0.15,0.29806031586175136,1.9967188421377131,0.011808125135199887,1.6600000000000001,1.0
133,Michaelis-Menten,Burst,0.15,0.3607016522760228,2.0903519811645364,0.02423402095615697,1.68,1.0
134,Michaelis-Menten,Burst,0.15,0.419109625069263,2.0644135327603887,0.03760562190141109,1.74,1.0
135,Michaelis-Menten,Burst,0.15,0.3819283678127565,1.8991098236453992,0.024863748161246292,1.6400000000000001,1.0
136,Michaelis-Menten,Burst,0.15,0.3017438067830449,2.002979818565859,0.01109937166455866,1.6400000000000001,1.0
137,Michaelis-Menten,Burst,0.15,0.32116215355619837,1.8951404672220555,0.01048888573767984,1.6400000000000001,1.0
138,Michaelis-Menten,Burst,0.15,0.32482004603371517,1.963198320014969,0.019667456410112374,1.62,1.0
139,Michaelis-Menten,Burst,0.15,0.3711923300211961,2.0375590625972806,0.03648206199290586,1.6,1.0
140,Michaelis-Menten,Burst,0.15,0.3214714517101249,1.894601028259957,0.011521518422828933,1.7,1.0
141,Michaelis-Menten,Burst,0.15,0.29537169133261854,1.8857097740421522,0.005862780738737616,1.6,1.0
142,Michaelis-Menten,Burst,0.15,0.29480596955191174,1.8646512577535859,0.006906460122161451,1.72,1.0
143,Michaelis-Menten,Burst,0.15,0.34167899774746846,1.9265946295379268,0.011601234810261065,1.52,1.0
144,Michaelis-Menten,Burst,0.15,0.32269728300695255,2.042272586036583,0.021986683989611133,1.76,1.0
145,Michaelis-Menten,Burst,0.15,0.32194953425426476,1.9341143825656795,0.013938937155019565,1.7,1.0
146,Michaelis-Menten,Burst,0.15,0.3079381709427386,1.9058935471960503,0.0090442441085031,1.6400000000000001,1.0
147,Michaelis-Menten,Burst,0.15,0.3132936283286198,1.976621298325933,0.011366858821797145,1.6400000000000001,1.0
148,Michaelis-Menten,Burst,0.15,0.33060237985764285,1.9646774977923303,0.014788931904953428,1.68,1.0
149,Michaelis-Menten,Burst,0.15,0.33183842319714785,2.009532977901118,0.0187239066775857,1.68,1.0
150,Michaelis-Menten,Burst,0.15,0.3523436413202539,1.9514534063811506,0.016594541618750916,1.72,1.0
151,Michaelis-Menten,Burst,0.15,0.3339341374632059,2.0139588011453187,0.019856339181788297,1.68,1.0
152,Michaelis-Menten,Burst,0.15,0.33506081789571734,2.021256282517103,0.017240144262775887,1.54,1.0
153,Michaelis-Menten,Burst,0.15,0.29234741132301284,1.9319304690945542,0.0049138290785826775,1.6400000000000001,1.0
154,Michaelis-Menten,Burst,0.15,0.305749917349583,1.9783753151082708,0.011155195679711249,1.7,1.0
155,Michaelis-Menten,Burst,0.15,0.29785341965042483,1.8205918216291859,0.005816729023200976,1.48,1.0
156,Michaelis-Menten,Burst,0.15,0.3226941237208561,2.0645666963338907,0.02054692470291424,1.62,1.0
157,Michaelis-Menten,Burst,0.15,0.409651382974838,1.979582395913586,0.023802116229365365,1.72,1.0
158,Michaelis-Menten,Burst,0.15,0.33146517363220707,1.984868670166169,0.016879969164636764,1.54,1.0
159,Michaelis-Menten,Burst,0.15,0.30374146920726597,1.931987639036148,0.006498187203149724,1.7,1.0
160,Michaelis-Menten,Burst,0.15,0.27265764857409464,1.8401023681689388,0.002846115454055751,1.6400000000000001,1.0
161,Michaelis-Menten,Burst,0.15,0.3414792628757572,1.923520752206242,0.015667986008656976,1.6600000000000001,1.0
162,Michaelis-Menten,Burst,0.15,0.3002493749329875,1.9203916093282416,0.008262508086141485,1.74,1.0
163,Michaelis-Menten,Burst,0.15,0.3109276949692431,2.029422093661734,0.010843560989868451,1.68,1.0
164,Michaelis-Menten,Burst,0.15,0.35921397684023243,2.0622003546376506,0.024816397296920038,1.68,1.0
165,Michaelis-Menten,Burst,0.15,0.30100329817409505,2.015412348775126,0.009976610164539936,1.7,1.0
166,Michaelis-Menten,Burst,0.15,0.3620737441437818,2.014915381717371,0.021761138686617654,1.62,1.0
167,Michaelis-Menten,Burst,0.15,0.33473578339826654,2.0154563315822633,0.016660953502774047,1.6,1.0
168,Michaelis-Menten,Burst,0.15,0.33039102071902476,1.954058447186852,0.018574026680598283,1.62,1.0
169,Michaelis-Menten,Burst,0.15,0.29951529115768555,1.824725124786808,0.0037777876108894765,1.54,1.0
170,Michaelis-Menten,Burst,0.15,0.39885933691484105,2.101656421713391,0.043674720402944366,1.6600000000000001,1.0
171,Michaelis-Menten,Burst,0.15,0.3295921586279871,2.0067211432876846,0.015436442185573877,1.7,1.0
172,Michaelis-Menten,Burst,0.15,0.29948177219438404,1.9793292287678939,0.010211412499214544,1.62,1.0
173,Michaelis-Menten,Burst,0.15,0.3797193343680252,2.0179155766527015,0.02497591324487625,1.72,1.0
174,Michaelis-Menten,Burst,0.15,0.2916321541338122,1.924481528878501,0.006591775113249641,1.72,1.0
175,Michaelis-Menten,Burst,0.15,0.3092894592886513,2.021428443916524,0.012547263080353853,1.6,1.0
176,Michaelis-Menten,Burst,0.15,0.31470052118826813,1.9303403553865954,0.010166906863607614,1.6600000000000001,1.0
177,Michaelis-Menten,Burst,0.15,0.352461890889783,2.0053222317096693,0.017059601728532044,1.6600000000000001,1.0
178,Michaelis-Menten,Burst,0.15,0.31808308824663106,1.9227419503214882,0.01282757227298354,1.62,1.0
179,Michaelis-Menten,Burst,0.15,0.3302517203363268,2.0173355866237976,0.023611977793762003,1.72,1.0
180,Michaelis-Menten,Burst,0.15,0.3210187153785468,1.9839038237575484,0.01455049836803636,1.6600000000000001,1.0
181,Michaelis-Menten,Burst,0.15,0.35915234523003864,1.924728341717839,0.017083043484463704,1.7,1.0
182,Michaelis-Menten,Burst,0.15,0.35070268735648047,1.9869972996983962,0.0213744174941051,1.74,1.0
183,Michaelis-Menten,Burst,0.15,0.32930314341515515,2.074596505460249,0.018331649977360524,1.76,1.0
184,Michaelis-Menten,Burst,0.15,0.3041891332101131,1.9563666698223983,0.0074720398151568316,1.62,1.0
185,Michaelis-Menten,Burst,0.15,0.29476850045051023,1.8993815787444654,0.00533069594639467,1.6600000000000001,1.0
186,Michaelis-Menten,Burst,0.15,0.3262845608305984,2.1409331064812753,0.02242552766209399,1.6400000000000001,1.0
187,Michaelis-Menten,Burst,0.15,0.30472358784632286,1.9634167506015459,0.0071018121944274705,1.68,1.0
188,Michaelis-Menten,Burst,0.15,0.3380526028181781,1.8559777859685795,0.012455330823213423,1.7,1.0
189,Michaelis-Menten,Burst,0.15,0.2981406156300316,1.822792083696356,0.005690707471813072,1.74,1.0
190,Michaelis-Menten,Burst,0.15,0.331052494054612,1.9802562115962614,0.012483182394806877,1.6600000000000001,1.0
191,Michaelis-Menten,Burst,0.15,0.33729667279127273,1.9497848092677001,0.017118321102340243,1.6400000000000001,1.0
192,Michaelis-Menten,Burst,0.15,0.31757471027658063,2.003433795203535,0.00996054513495728,1.6,1.0
193,Michaelis-Menten,Burst,0.15,0.2889099138087124,1.8886477397067774,0.0045716092014738965,1.7,1.0
194,Michaelis-Menten,Burst,0.15,0.3055024236626059,2.0291967533977173,0.010142192104095974,1.6,1.0
195,Michaelis-Menten,Burst,0.15,0.366928099710817,1.9652026027129093,0.02275613207104105,1.7,1.0
196,Michaelis-Menten,Burst,0.15,0.352570390641442,2.01018294136515,0.016717123743735265,1.62,1.0
197,Michaelis-Menten,Burst,0.15,0.33082092408353586,1.9077943286694397,0.012065679895987485,1.6,1.0
198,Michaelis-Menten,Burst,0.15,0.3280644406907331,1.9738320984476647,0.013989067199436314,1.58,1.0
199,Michaelis-Menten,Burst,0.15,0.2801393077075356,1.9097869077254426,0.004462035600922517,1.6400000000000001,1.0
200,Michaelis-Menten,Burst,0.15,0.3031667376192185,1.9213472444970583,0.007032041606103143,1.6,1.0
201,Michaelis-Menten,Burst,0.15,0.3351410009662725,1.9451785004418412,0.013914055654226083,1.62,1.0
202,Michaelis-Menten,Burst,0.15,0.34873257700545457,1.9370591318681596,0.01491109486370374,1.58,1.0
203,Michaelis-Menten,Burst,0.15,0.3075299788184687,1.9949161960845239,0.00831231574131088,1.62,1.0
204,Michaelis-Menten,Burst,0.15,0.3239554795338983,1.8949251138356287,0.009695382759378467,1.7,1.0
205,Michaelis-Menten,Burst,0.15,0.36889069212485526,2.0381733250164804,0.026086447568598747,1.6400000000000001,1.0
206,Michaelis-Menten,Burst,0.15,0.3465262652355978,2.0220139917486377,0.019002925201625935,1.7,1.0
207,Michaelis-Menten,Burst,0.15,0.31464023641887995,1.897259701072737,0.005632760616024952,1.6400000000000001,1.0
208,Michaelis-Menten,Burst,0.15,0.39011566542796483,2.056847601869226,0.026095030333605662,1.68,1.0
209,Michaelis-Menten,Burst,0.15,0.3306584448801682,2.0429268858177423,0.014723886595567937,1.74,1.0
210,Michaelis-Menten,Burst,0.15,0.31014295725950636,2.0107924689201653,0.010314051447112295,1.68,1.0
211,Michaelis-Menten,Burst,0.15,0.27966636717323234,1.8047297415457992,0.002412012272199447,1.62,1.0
212,Michaelis-Menten,Burst,0.15,0.28871086385105216,1.8804785152082804,0.006996592484688381,1.6,1.0
213,Michaelis-Menten,Burst,0.15,0.34815030877573633,2.162333915848036,0.03719051405701219,1.68,1.0
214,Michaelis-Menten,Burst,0.15,0.2899044397373716,1.971865799671702,0.007184851611191965,1.56,1.0
215,Michaelis-Menten,Burst,0.15,0.3407535626303645,1.912229611334166,0.011874673752998758,1.62,1.0
216,Michaelis-Menten,Burst,0.15,0.3800183572490528,2.161684610403843,0.034471416610674176,1.74,1.0
217,Michaelis-Menten,Burst,0.15,0.3266743154292109,1.983211480331847,0.016530814470440157,1.6600000000000001,1.0
218,Michaelis-Menten,Burst,0.15,0.34593392016264146,1.847014407189183,0.010820707099289504,1.58,1.0
219,Michaelis-Menten,Burst,0.15,0.3719494086427036,1.985821064487649,0.02137164167685433,1.6400000000000001,1.0
220,Michaelis-Menten,Burst,0.15,0.3388455807064203,2.022718517783442,0.02304713661212286,1.6400000000000001,1.0
221,Michaelis-Menten,Burst,0.15,0.33051972986358424,2.032539428112294,0.016119803242384587,1.7,1.0
222,Michaelis-Menten,Burst,0.15,0.2793577387916117,1.8596424010011114,0.003031769422624567,1.56,1.0
223,Michaelis-Menten,Burst,0.15,0.32744922192194437,1.9438991818243019,0.016966157010254748,1.78,1.0
224,Michaelis-Menten,Burst,0.15,0.3151754001095348,1.9951500619503189,0.013276226410829555,1.7,1.0
225,Michaelis-Menten,Burst,0.15,0.32914220143742295,2.0684094871527647,0.016990210090680368,1.6600000000000001,1.0
226,Michaelis-Menten,Burst,0.15,0.31747226758570013,2.012374373126396,0.013846372640114363,1.6400000000000001,1.0
227,Michaelis-Menten,Burst,0.15,0.33263681964550146,1.9069162074979082,0.013960358869591103,1.68,1.0
228,Michaelis-Menten,Burst,0.15,0.3391405357691222,1.974716844854124,0.011949109392337433,1.68,1.0
229,Michaelis-Menten,Burst,0.15,0.33350570530112966,2.0360967687205442,0.01782017428248164,1.6400000000000001,1.0
230,Michaelis-Menten,Burst,0.15,0.34423794780763406,1.8799965176277154,0.011929302108832671,1.72,1.0
231,Michaelis-Menten,Burst,0.15,0.364965447868767,2.08592225556031,0.03218265412327826,1.8,1.0
232,Michaelis-Menten,Burst,0.15,0.29370087714264836,1.9088092338551785,0.006916660430014062,1.7,1.0
233,Michaelis-Menten,Burst,0.15,0.2869552176160026,1.9911309386885496,0.007767241509644161,1.68,1.0
234,Michaelis-Menten,Burst,0.15,0.35150569958930966,2.0197490861219687,0.027472119079293946,1.78,1.0
235,Michaelis-Menten,Burst,0.15,0.337393972784371,2.0084161723226184,0.018123896302480458,1.6600000000000001,1.0
236,Michaelis-Menten,Burst,0.15,0.3372736851365683,1.9177842564219287,0.013087928704604821,1.58,1.0
237,Michaelis-Menten,Burst,0.15,0.31606611338333673,1.8905350713433102,0.006439851397409765,1.6600000000000001,1.0
238,Michaelis-Menten,Burst,0.15,0.38260910187178765,2.038974265334656,0.028830851408684237,1.6,1.0
239,Michaelis-Menten,Burst,0.15,0.3215579409288096,2.0279656022259274,0.013723076055069111,1.72,1.0
240,Michaelis-Menten,Burst,0.15,0.31683840842487826,1.9931899604206216,0.01333536204102903,1.62,1.0
241,Michaelis-Menten,Burst,0.15,0.35408948772735443,2.0468776173403116,0.020459200022506785,1.62,1.0
242,Michaelis-Menten,Burst,0.15,0.3468344108829814,2.0858608205991267,0.02295158319373833,1.72,1.0
243,Michaelis-Menten,Burst,0.15,0.37325651116682,2.094184194128076,0.03637297957951987,1.72,1.0
244,Michaelis-Menten,Burst,0.15,0.3157958177986875,1.9406901113651591,0.010600407626563816,1.7,1.0
245,Michaelis-Menten,Burst,0.15,0.3438857679814362,1.9271859913033162,0.016893987216191522,1.78,1.0
246,Michaelis-Menten,Burst,0.15,0.32527673665443096,1.9403679329656125,0.016632183806779957,1.7,1.0
247,Michaelis-Menten,Burst,0.15,0.3747588161387207,1.9858850451658616,0.018459181641154586,1.6,1.0
248,Michaelis-Menten,Burst,0.15,0.3068297929522971,2.02884106496894,0.012758231855296988,1.74,1.0
249,Michaelis-Menten,Burst,0.15,0.3396234610476834,1.9395160999161871,0.018967595691997487,1.58,1.0
250,Michaelis-Menten,Burst,0.15,0.3552414903836617,2.068697254737969,0.028063801724650207,1.82,1.0
251,Michaelis-Menten,Burst,0.15,0.35491117255939536,1.9340420866288763,0.01800842866587869,1.54,1.0
252,Michaelis-Menten,Burst,0.15,0.31687346921393833,2.0455597375149894,0.016418331359485512,1.6400000000000001,1.0
253,Michaelis-Menten,Burst,0.15,0.32764726555859636,1.8715301226683378,0.010171330213747979,1.56,1.0
254,Michaelis-Menten,Burst,0.15,0.3683887279682611,2.006390475726958,0.025641505846809357,1.82,1.0
255,Michaelis-Menten,Burst,0.15,0.3941560482324287,2.0812386236171014,0.031607419411096675,1.62,1.0
256,Michaelis-Menten,Burst,0.15,0.3607458828869012,1.9167345684191295,0.014783161565017194,1.62,1.0
257,Michaelis-Menten,Burst,0.15,0.2821902749590218,1.9506583856875213,0.005014671117695071,1.62,1.0
258,Michaelis-Menten,Burst,0.15,0.31208267345343577,1.9250637885594322,0.013312385485621928,1.6,1.0
259,Michaelis-Menten,Burst,0.15,0.3077884349323276,1.8789694719108916,0.007630487315025919,1.52,1.0
260,Michaelis-Menten,Burst,0.15,0.3077229482194024,1.8576261388614603,0.005092314613719181,1.56,1.0
261,Michaelis-Menten,Burst,0.15,0.30441649043971497,1.9319436148822058,0.008578263979976774,1.7,1.0
262,Michaelis-Menten,Burst,0.15,0.3057032709473263,1.9918656453984245,0.010006279641645991,1.42,1.0
263,Michaelis-Menten,Burst,0.15,0.3772628482283124,1.9809459169656498,0.022038231091742598,1.56,1.0
264,Michaelis-Menten,Burst,0.15,0.30368170886254686,2.0219804256650313,0.010018692292991696,1.58,1.0
265,Michaelis-Menten,Burst,0.15,0.34164794529805725,1.9445107877761565,0.01156147717309697,1.6600000000000001,1.0
266,Michaelis-Menten,Burst,0.15,0.3333299889221428,2.0814634459154226,0.02901474297722743,1.76,1.0
267,Michaelis-Menten,Burst,0.15,0.3211642493082653,1.9837706745643786,0.01790800594416982,1.6,1.0
268,Michaelis-Menten,Burst,0.15,0.30444077766840255,1.9628029776337659,0.01247204396069725,1.58,1.0
269,Michaelis-Menten,Burst,0.15,0.3303520585156078,2.049278046370682,0.018260873477939674,1.78,1.0
270,Michaelis-Menten,Burst,0.15,0.3789070096534947,1.9022298163443476,0.017612434342630198,1.6,1.0
271,Michaelis-Menten,Burst,0.15,0.29662012511841046,1.928271829256637,0.008398491999018789,1.58,1.0
272,Michaelis-Menten,Burst,0.15,0.30210960460658837,1.9657330378854527,0.009535342719610186,1.68,1.0
273,Michaelis-Menten,Burst,0.15,0.3055764141115524,1.8595121811354842,0.009919258115841635,1.54,1.0
274,Michaelis-Menten,Burst,0.15,0.2905373355689134,1.8944853266632056,0.006569980014335347,1.6600000000000001,1.0
275,Michaelis-Menten,Burst,0.15,0.356301539792386,2.022645626753726,0.02259872405957339,1.62,1.0
276,Michaelis-Menten,Burst,0.15,0.30545797830877436,2.0271038517789037,0.012571901822451674,1.62,1.0
277,Michaelis-Menten,Burst,0.15,0.3355514181965251,1.9762811050759859,0.01622411111029311,1.72,1.0
278,Michaelis-Menten,Burst,0.15,0.27643504460498364,1.8837811431440363,0.003452344357134666,1.6600000000000001,1.0
279,Michaelis-Menten,Burst,0.15,0.3398810647135802,2.017270156048502,0.019853024804012867,1.74,1.0
280,Michaelis-Menten,Burst,0.15,0.30917083343696133,1.963138974988871,0.011112018328415834,1.54,1.0
281,Michaelis-Menten,Burst,0.15,0.32184500077749223,1.9648109298296663,0.016386093569373626,1.6600000000000001,1.0
282,Michaelis-Menten,Burst,0.15,0.33103415852237966,1.9611793119012157,0.018621690136571247,1.76,1.0
283,Michaelis-Menten,Burst,0.15,0.30141635038560344,1.989600751503658,0.0078023487812363445,1.62,1.0
284,Michaelis-Menten,Burst,0.15,0.327134975806914,2.010515297383756,0.017892558903489637,1.68,1.0
285,Michaelis-Menten,Burst,0.15,0.3231332144919316,1.8989245593476258,0.009270722971818263,1.72,1.0
286,Michaelis-Menten,Burst,0.15,0.34539190897675076,1.9226366503010934,0.015671679628435506,1.6,1.0
287,Michaelis-Menten,Burst,0.15,0.30544662878315115,1.8424266565666572,0.006414835149395294,1.72,1.0
288,Michaelis-Menten,Burst,0.15,0.36853273986564794,2.0755789669902116,0.028337639821340698,1.8,1.0
289,Michaelis-Menten,Burst,0.15,0.316929021315866,1.9389726853505047,0.011723153332052181,1.68,1.0
290,Michaelis-Menten,Burst,0.15,0.30999223036589646,1.9773984710053252,0.011129857581759784,1.6400000000000001,1.0
291,Michaelis-Menten,Burst,0.15,0.33271795678218186,1.9286855775195881,0.013457583112554865,1.62,1.0
292,Michaelis-Menten,Burst,0.15,0.32586349516525615,1.878678041051784,0.009178256999710512,1.6600000000000001,1.0
293,Michaelis-Menten,Burst,0.15,0.3294263054869324,2.063903571381311,0.02508718148902747,1.62,1.0
294,Michaelis-Menten,Burst,0.15,0.30907903864989994,1.8010230792108586,0.004383378111991698,1.6,1.0
295,Michaelis-Menten,Burst,0.15,0.3295684050268835,2.033702641362003,0.01731253820274013,1.6400000000000001,1.0
296,Michaelis-Menten,Burst,0.15,0.3047540730797062,1.9542096023952495,0.009132441783370596,1.58,1.0
297,Michaelis-Menten,Burst,0.15,0.38107874044510537,2.04466015401318,0.033978323314975654,1.68,1.0
298,Michaelis-Menten,Burst,0.15,0.303345124302297,1.9604058351933658,0.013054133297657968,1.6,1.0
299,Michaelis-Menten,Burst,0.15,0.30490671483225085,1.9239900684646583,0.008039732239899108,1.6600000000000001,1.0
0,Transporter-state,Burst,0.15,0.3179181506571551,2.35344282940363,0.012542441451448148,3.2800000000000002,0.2933735976228917
1,Transporter-state,Burst,0.15,0.31052924399366555,2.3170097057828247,0.010327245250561464,3.48,0.31698360427972505
2,Transporter-state,Burst,0.15,0.30299438170741905,2.2547557831129867,0.008872065684896,3.52,0.3287276211456782
3,Transporter-state,Burst,0.15,0.35883864166384777,2.298223715014049,0.015569089269408583,2.98,0.2660439131839236
4,Transporter-state,Burst,0.15,0.3399368603017622,2.2779367676977875,0.009073046975719886,2.48,0.26636754394033124
5,Transporter-state,Burst,0.15,0.33530650102620263,2.17604981566308,0.00867674337042053,2.82,0.30906214598079695
6,Transporter-state,Burst,0.15,0.34728870532839134,2.052155884236516,0.0072319258553153265,2.24,0.2994660893282415
7,Transporter-state,Burst,0.15,0.3160535306455711,2.2956159555242106,0.00916162098575655,2.34,0.3179510112869588
8,Transporter-state,Burst,0.15,0.3168549071030557,2.308014350408484,0.008729877163419116,3.14,0.36546608883221654
9,Transporter-state,Burst,0.15,0.38618011544263586,2.4828758209086605,0.02085973387057792,2.7,0.21583294918895246
10,Transporter-state,Burst,0.15,0.3158001302826737,2.1950978515899546,0.006368528268122629,3.36,0.3371827369573932
11,Transporter-state,Burst,0.15,0.3551893824319067,2.4362231286245426,0.015762193106809128,2.84,0.26740501817211393
12,Transporter-state,Burst,0.15,0.32391636131043117,2.271580554351235,0.007909887121216983,2.56,0.3338917483679579
13,Transporter-state,Burst,0.15,0.36353148370448013,2.1990249386679492,0.011103071639174265,2.54,0.31818240235942286
14,Transporter-state,Burst,0.15,0.3073654558276096,2.03679519429851,0.0060147960207744015,2.52,0.3506151787372507
15,Transporter-state,Burst,0.15,0.32486058962379327,2.288538269167641,0.01253470916533359,3.52,0.3090991392361061
16,Transporter-state,Burst,0.15,0.31813433599506186,2.0929339761540917,0.00668662031630552,3.14,0.3422773780870225
17,Transporter-state,Burst,0.15,0.5272835836338484,3.0056162494790444,0.05744018830668232,2.86,0.09090507477304477
18,Transporter-state,Burst,0.15,0.32848906832233593,2.387822768253109,0.011631456009714493,3.36,0.31337981144761706
19,Transporter-state,Burst,0.15,0.32275176206497685,2.2512717614307816,0.009881997471282865,3.88,0.29753899442922715
20,Transporter-state,Burst,0.15,0.3603883918738554,2.225583766893036,0.011614724343730544,2.4,0.3174042214027225
21,Transporter-state,Burst,0.15,0.31056853291648634,2.3147008952329435,0.010429026412532152,3.42,0.33791087545318554
22,Transporter-state,Burst,0.15,0.2973306650695231,2.029222996273478,0.002480451356400033,2.64,0.4236866762925259
23,Transporter-state,Burst,0.15,0.33024997572422016,2.38467808346556,0.009375333000528282,3.22,0.3365300793656597
24,Transporter-state,Burst,0.15,0.3423235248557423,2.5390675442250736,0.01725660716551976,2.82,0.2598268930530939
25,Transporter-state,Burst,0.15,0.3462592792360627,2.399688635838811,0.01101524968386408,2.68,0.35117041488543765
26,Transporter-state,Burst,0.15,0.3116662319256631,2.2386896859769303,0.00846309209550869,3.44,0.3367813944541349
27,Transporter-state,Burst,0.15,0.33044656008509865,2.120417887095276,0.008024541403059018,2.8000000000000003,0.34233255307888544
28,Transporter-state,Burst,0.15,0.3507544083164678,2.214519925540639,0.014854916709771637,3.38,0.2851459273076701
29,Transporter-state,Burst,0.15,0.30806239665222757,2.0031514008727966,0.0038616969553570382,3.56,0.3261675290164793
30,Transporter-state,Burst,0.15,0.3062641031453023,2.2746105836344723,0.007434966258172801,3.1,0.35029481656871986
31,Transporter-state,Burst,0.15,0.39599295892506303,2.5595035161188937,0.021939008309570015,5.54,0.19540528100750099
32,Transporter-state,Burst,0.15,0.3579404426411741,2.504892317792595,0.018246532154265586,3.18,0.2541177184546458
33,Transporter-state,Burst,0.15,0.3314665997458108,2.222802300382098,0.006290296244932367,2.82,0.30102243479970836
34,Transporter-state,Burst,0.15,0.34202911385036655,2.3914642099749264,0.013775667248269896,3.1,0.28408853894284025
35,Transporter-state,Burst,0.15,0.3454352439404144,2.3119954306006814,0.012373728860406668,3.04,0.2779679211937214
36,Transporter-state,Burst,0.15,0.34582318648775945,2.387707851137893,0.010173088796462509,3.0,0.2825062327343425
37,Transporter-state,Burst,0.15,0.3536556784900034,2.1450316372622185,0.011680000288998352,2.58,0.2888359694547299
38,Transporter-state,Burst,0.15,0.3047296334926176,2.2653952257340246,0.006431145599113543,2.7800000000000002,0.3323833894746193
39,Transporter-state,Burst,0.15,0.33207253159827327,2.4388956890852356,0.011937460721407257,2.7600000000000002,0.32887004603481074
40,Transporter-state,Burst,0.15,0.3387845525821451,2.2517139648598126,0.009395393248029392,2.72,0.29790067189848957
41,Transporter-state,Burst,0.15,0.31035903871396464,1.9521021635275024,0.0031604305504413497,2.96,0.3273074155220793
42,Transporter-state,Burst,0.15,0.30757271685132265,2.1658369948113934,0.005725842788276104,2.48,0.34784710080135806
43,Transporter-state,Burst,0.15,0.36458246437841185,2.5454605758025823,0.020348813870522942,2.68,0.2729418697320445
44,Transporter-state,Burst,0.15,0.3318261147080354,2.346097013838369,0.013528692804357732,2.72,0.3206444433687472
45,Transporter-state,Burst,0.15,0.3280589720984599,2.201778985631541,0.01017670441637755,2.62,0.33960175623986455
46,Transporter-state,Burst,0.15,0.2921995172290078,2.205383941181199,0.006500863207823758,2.2600000000000002,0.3421971398888741
47,Transporter-state,Burst,0.15,0.32427455752925644,2.1609727333687005,0.006208327177693749,2.64,0.3649850658257252
48,Transporter-state,Burst,0.15,0.37114660312736636,2.223567347804913,0.012038625478408112,2.3000000000000003,0.3180767440304294
49,Transporter-state,Burst,0.15,0.34587419141861747,2.303028004624265,0.010953498796294571,3.52,0.32038537961981894
50,Transporter-state,Burst,0.15,0.3182860411059607,2.113100676388288,0.006688123656065788,2.82,0.3728279320362672
51,Transporter-state,Burst,0.15,0.3007216751088792,2.2459811577206943,0.0070887486658918605,2.6,0.32558391610098214
52,Transporter-state,Burst,0.15,0.3547789132432241,2.3321539711777484,0.012459736361275862,2.24,0.30715457198095686
53,Transporter-state,Burst,0.15,0.3327083478201279,2.2286640345952984,0.009319572064846132,3.2600000000000002,0.316467747962926
54,Transporter-state,Burst,0.15,0.31287770767236706,2.10179970191521,0.005314627017087342,3.38,0.34498814546102985
55,Transporter-state,Burst,0.15,0.3358704009217594,2.2228530353284195,0.010276642240957664,3.8000000000000003,0.3049301940148966
56,Transporter-state,Burst,0.15,0.3166725093774605,1.9631126124362526,0.003947682629846078,2.42,0.36663597932800307
57,Transporter-state,Burst,0.15,0.3394211052180074,2.1096167685118195,0.009408889019144382,2.2,0.2990578652517579
58,Transporter-state,Burst,0.15,0.3317934388339597,2.294194338688983,0.010817238645068939,2.96,0.3557526676795283
59,Transporter-state,Burst,0.15,0.30518165372175815,2.3103688849517856,0.00973235350300114,3.48,0.305786824177128
60,Transporter-state,Burst,0.15,0.3176987167322269,2.3078462693335897,0.007941959012656772,3.14,0.30283341965293364
61,Transporter-state,Burst,0.15,0.3189550163255532,2.0803540713313686,0.006341969373413375,2.9,0.33664038115756034
62,Transporter-state,Burst,0.15,0.3484741624801605,2.187846394537983,0.010587234646324505,3.5,0.33669781645880503
63,Transporter-state,Burst,0.15,0.33248547441685966,2.4686172840162186,0.013717902086120629,3.14,0.29682984117692257
64,Transporter-state,Burst,0.15,0.3024865243977471,2.136038031424173,0.004286060116719275,2.62,0.3439348028615121
65,Transporter-state,Burst,0.15,0.3177313948418084,2.5517209067106394,0.015107837827778213,3.62,0.30422754665433627
66,Transporter-state,Burst,0.15,0.33408237616177866,2.2224269607230647,0.007990400948938393,2.8000000000000003,0.3344209920475798
67,Transporter-state,Burst,0.15,0.32780454577265705,2.207895623180075,0.007871974093207723,2.7,0.3112451846357184
68,Transporter-state,Burst,0.15,0.38702262579377195,2.3417114368224086,0.017933294877048107,2.58,0.235643033229752
69,Transporter-state,Burst,0.15,0.3179806449933289,2.335478170633146,0.011790676578411617,3.1,0.2807429072526261
70,Transporter-state,Burst,0.15,0.30233203937161207,2.237588704623775,0.006889430237197999,2.6,0.3261153193648886
71,Transporter-state,Burst,0.15,0.270982009990042,2.1374869828001772,0.00212149504380558,3.24,0.3577873315339085
72,Transporter-state,Burst,0.15,0.3517602897930196,2.3277273187003056,0.015624707747869575,2.74,0.29487395210516454
73,Transporter-state,Burst,0.15,0.3128876951676962,2.0816844715662297,0.005521440892158505,2.94,0.3709490761522847
74,Transporter-state,Burst,0.15,0.3960512821360066,2.674527064619624,0.032038122324797795,2.88,0.18773830497306376
75,Transporter-state,Burst,0.15,0.29661546717104625,2.168147839954508,0.004858327287111889,2.66,0.34538103017236255
76,Transporter-state,Burst,0.15,0.35279009464499533,2.458289306591602,0.016882992443634726,2.58,0.24488146111722442
77,Transporter-state,Burst,0.15,0.31759824165084743,2.0262042658704744,0.003951463991050851,2.7800000000000002,0.37230949605853314
78,Transporter-state,Burst,0.15,0.3301820981856115,2.299530781803711,0.011735286594136219,3.0,0.29398071901051637
79,Transporter-state,Burst,0.15,0.30654774803940366,2.3609291583231715,0.009077592853618557,3.0,0.31264485120367314
80,Transporter-state,Burst,0.15,0.3138024333511376,2.1787907755172715,0.008466111674989401,3.02,0.3345030943125378
81,Transporter-state,Burst,0.15,0.3095821503293601,2.094574153370307,0.0059487636127808765,3.18,0.3646109796550173
82,Transporter-state,Burst,0.15,0.3197510556747378,2.4593190678879155,0.01163944065883456,3.38,0.30571797952409985
83,Transporter-state,Burst,0.15,0.3328357240057385,2.218510329240667,0.009186408870036217,3.16,0.353883682705328
84,Transporter-state,Burst,0.15,0.34469907864004895,2.203732652391148,0.009204207980042005,2.32,0.30407842465611523
85,Transporter-state,Burst,0.15,0.30081585119629783,2.321801939514429,0.00839731034010681,3.52,0.3280759904778364
86,Transporter-state,Burst,0.15,0.2900797634285217,2.0614193651688932,0.00306328301601066,2.9,0.38067116632626163
87,Transporter-state,Burst,0.15,0.2997960557842669,2.211656201624756,0.006059646062502437,2.82,0.35570307696260994
88,Transporter-state,Burst,0.15,0.3061114484996228,2.1336876594501435,0.005193661619949838,2.64,0.3595190187813101
89,Transporter-state,Burst,0.15,0.30592029677274096,2.0883839677642353,0.004821115870483699,2.68,0.33923606506342374
90,Transporter-state,Burst,0.15,0.3530829188663552,2.187092771900684,0.009535294613792163,3.16,0.34891300538611825
91,Transporter-state,Burst,0.15,0.3464250966842399,2.235062378971414,0.010288130886168869,2.32,0.2921579337165069
92,Transporter-state,Burst,0.15,0.31908905007703786,2.274848124978218,0.007303545499731021,3.0,0.3218609353511339
93,Transporter-state,Burst,0.15,0.3195649648478446,2.089071106918805,0.005844870276537441,3.12,0.3315291646756301
94,Transporter-state,Burst,0.15,0.3206235967845419,2.1388118292970795,0.006722413567859753,3.16,0.35897808803103426
95,Transporter-state,Burst,0.15,0.33074138264191383,2.4345991621881238,0.012808277960742602,2.9,0.31502384039007747
96,Transporter-state,Burst,0.15,0.34704586417896494,2.290579750107591,0.014121221982885021,2.46,0.327135194174239
97,Transporter-state,Burst,0.15,0.30574056998505195,2.2904484635546103,0.008512527677079907,2.54,0.3354574114873119
98,Transporter-state,Burst,0.15,0.27971818004398136,2.0887495610872557,0.0026259243735327286,3.0,0.3916920043438472
99,Transporter-state,Burst,0.15,0.30672429253227823,2.1361043002458797,0.007998059122724513,3.64,0.3190608907631849
100,Transporter-state,Burst,0.15,0.3027735468753824,2.2293662760021107,0.008429534848133377,3.34,0.33546949210937005
101,Transporter-state,Burst,0.15,0.29839424510750834,2.1222267351159476,0.004969407696627655,2.52,0.3646066419686499
102,Transporter-state,Burst,0.15,0.29849994475267877,2.354861037703926,0.008939490153567585,3.48,0.3335329536042243
103,Transporter-state,Burst,0.15,0.3213168390523347,2.3469028683015196,0.011266838095230993,2.58,0.33619010482836886
104,Transporter-state,Burst,0.15,0.30401747444447685,2.2041271416105355,0.006088812234138792,2.7800000000000002,0.3292806129285374
105,Transporter-state,Burst,0.15,0.3476990949938553,2.401526912049911,0.013822607686087656,2.34,0.3075477751031206
106,Transporter-state,Burst,0.15,0.32560131102687345,2.4624122930970165,0.013432295991534464,2.84,0.2958497104371576
107,Transporter-state,Burst,0.15,0.310816924145109,2.2327965713009514,0.0077656830237063015,2.68,0.34512985653052597
108,Transporter-state,Burst,0.15,0.36919701814473055,2.229817477286227,0.01146606085393188,4.66,0.24244954085739823
109,Transporter-state,Burst,0.15,0.32077569267089534,2.380562306203746,0.012629732341632232,2.64,0.3387609974525412
110,Transporter-state,Burst,0.15,0.3232065527176949,2.3621727331267697,0.011113224274732415,3.38,0.3040447023815779
111,Transporter-state,Burst,0.15,0.2990924557210244,2.1743614934369346,0.006170970262067465,2.82,0.3406353819724902
112,Transporter-state,Burst,0.15,0.35783051165898716,2.4609739803561923,0.015922704920726546,3.4,0.28099010681572245
113,Transporter-state,Burst,0.15,0.28912350168832723,2.214517048528008,0.005049859578790364,2.84,0.3565329792819728
114,Transporter-state,Burst,0.15,0.28533459413928297,2.1665273543199794,0.002816364692856152,2.48,0.36232617527568467
115,Transporter-state,Burst,0.15,0.33307668796849804,2.3527792922146094,0.010419747578106259,2.7600000000000002,0.27400661056110187
116,Transporter-state,Burst,0.15,0.3467558806051908,2.5704497626089298,0.016231045452467903,2.98,0.27182805503006247
117,Transporter-state,Burst,0.15,0.3330029350301211,2.2280007768586976,0.011703954907392658,3.8000000000000003,0.3036402480756297
118,Transporter-state,Burst,0.15,0.29553902486973593,2.1593115888495267,0.0051548939043552094,2.4,0.32876523012920167
119,Transporter-state,Burst,0.15,0.31522724605702784,2.325824627447649,0.008002635095424652,3.74,0.3094977992424942
120,Transporter-state,Burst,0.15,0.3343911382719737,2.308990688261975,0.009374431486478195,3.16,0.3442441907870035
121,Transporter-state,Burst,0.15,0.333061770144756,2.3568221579410347,0.014832304488107077,3.0,0.28160993141490953
122,Transporter-state,Burst,0.15,0.35113419164371007,2.4080225916661298,0.01530760684559826,3.8000000000000003,0.28314246659464326
123,Transporter-state,Burst,0.15,0.3780498273668025,2.413872439336061,0.018412764152164397,2.8000000000000003,0.24223418859919443
124,Transporter-state,Burst,0.15,0.2873882339725676,2.0303206499106325,0.003677264368384706,2.5,0.36308795239868263
125,Transporter-state,Burst,0.15,0.33019367063283334,2.2994921150589462,0.012165163831834967,3.04,0.28889800020963396
126,Transporter-state,Burst,0.15,0.3133126265722525,2.3159521232893754,0.009478753452639887,3.64,0.3196521562325546
127,Transporter-state,Burst,0.15,0.3072542789356083,2.143184248117883,0.005346745295096789,2.56,0.3561018063500756
128,Transporter-state,Burst,0.15,0.3227289597599092,2.394484819806774,0.013324684333063854,2.98,0.3184877682784545
129,Transporter-state,Burst,0.15,0.365096697830199,2.277327316922969,0.015064829357216081,2.58,0.26514992286912464
130,Transporter-state,Burst,0.15,0.27285803384670515,2.0454850591928073,0.001353236145943354,2.7600000000000002,0.3966457178597049
131,Transporter-state,Burst,0.15,0.35089607244761295,2.1777992539141637,0.00941671888461948,2.4,0.3463120540687531
132,Transporter-state,Burst,0.15,0.29806031586175136,2.287687520542652,0.007999852488048428,2.7800000000000002,0.3298180077723559
133,Transporter-state,Burst,0.15,0.3607016522760228,2.4684641881036344,0.01571504291965483,3.02,0.3095965648218727
134,Transporter-state,Burst,0.15,0.419109625069263,2.5083839088938684,0.025502720845551854,4.5200000000000005,0.20751571199763186
135,Transporter-state,Burst,0.15,0.3819283678127565,2.143223477735254,0.015129550345043317,3.04,0.31757298508988574
136,Transporter-state,Burst,0.15,0.3017438067830449,2.3094903282575663,0.00793124453786458,2.62,0.3426265074164816
137,Transporter-state,Burst,0.15,0.32116215355619837,2.121642671001228,0.007280390919005568,2.74,0.2914767131298007
138,Transporter-state,Burst,0.15,0.32482004603371517,2.264745001688484,0.012934237978248952,2.82,0.29445708824600203
139,Transporter-state,Burst,0.15,0.3711923300211961,2.414343722125474,0.022967474260477516,2.5,0.2777953005538615
140,Transporter-state,Burst,0.15,0.3214714517101249,2.133312481688316,0.007980476002742508,3.42,0.323580982166912
141,Transporter-state,Burst,0.15,0.29537169133261854,2.0880239100512106,0.003986414195500724,2.66,0.39027583583585157
142,Transporter-state,Burst,0.15,0.29480596955191174,2.076646766155242,0.00496612897297302,3.2,0.3604976404873502
143,Transporter-state,Burst,0.15,0.34167899774746846,2.192545694637656,0.007653338762029438,2.3000000000000003,0.34584773594589435
144,Transporter-state,Burst,0.15,0.32269728300695255,2.373040294924692,0.014579628392048299,3.6,0.32239507315933236
145,Transporter-state,Burst,0.15,0.32194953425426476,2.1978065299669893,0.009234440824422504,3.08,0.3354176645249459
146,Transporter-state,Burst,0.15,0.3079381709427386,2.1323919272543743,0.006073241478203358,2.66,0.35987956901394613
147,Transporter-state,Burst,0.15,0.3132936283286198,2.266713448868369,0.008122775732304698,2.86,0.31887214288421584
148,Transporter-state,Burst,0.15,0.33060237985764285,2.2906157256689217,0.010266343455972179,3.1,0.2910631566528199
149,Transporter-state,Burst,0.15,0.33183842319714785,2.3502959743927643,0.01292684846797588,3.16,0.3047592386682023
150,Transporter-state,Burst,0.15,0.3523436413202539,2.2425959720055832,0.011394162659996689,3.36,0.28113948346166695
151,Transporter-state,Burst,0.15,0.3339341374632059,2.363476738650721,0.013481478736211193,2.98,0.2876396534232578
152,Transporter-state,Burst,0.15,0.33506081789571734,2.3531792722091858,0.011243693495887727,2.36,0.3298932290789617
153,Transporter-state,Burst,0.15,0.29234741132301284,2.1475434688159574,0.003360120617770227,2.7800000000000002,0.3788392326197487
154,Transporter-state,Burst,0.15,0.305749917349583,2.2705655938671168,0.007952633950645433,3.2,0.3300267304464578
155,Transporter-state,Burst,0.15,0.29785341965042483,2.002471748371039,0.004095286139619958,2.12,0.37714873101148794
156,Transporter-state,Burst,0.15,0.3226941237208561,2.4081593129721672,0.013026984892401575,2.72,0.33914129203861243
157,Transporter-state,Burst,0.15,0.409651382974838,2.228430978394117,0.013419233646044885,3.24,0.359986143485172
158,Transporter-state,Burst,0.15,0.33146517363220707,2.2979310649683264,0.011729185757886154,2.52,0.29191818178366014
159,Transporter-state,Burst,0.15,0.30374146920726597,2.1716043950135075,0.0047322629326897545,3.06,0.3638128873735047
160,Transporter-state,Burst,0.15,0.27265764857409464,2.0048637746235123,0.0022944316470739565,2.58,0.3650014017077283
161,Transporter-state,Burst,0.15,0.3414792628757572,2.180244966459979,0.010314133663422789,2.86,0.29322548601578013
162,Transporter-state,Burst,0.15,0.3002493749329875,2.1669481360296627,0.0061049792881640655,3.34,0.34025499910605717
163,Transporter-state,Burst,0.15,0.3109276949692431,2.349800542109217,0.007633994938597826,3.24,0.3254035400033103
164,Transporter-state,Burst,0.15,0.35921397684023243,2.4445852324315838,0.01692465380297842,3.06,0.28709336498346083
165,Transporter-state,Burst,0.15,0.30100329817409505,2.3425238466027687,0.007427863216933004,3.22,0.33648288470159793
166,Transporter-state,Burst,0.15,0.3620737441437818,2.3766992645316325,0.015056449613135585,2.66,0.25002099187892335
167,Transporter-state,Burst,0.15,0.33473578339826654,2.3288139001602315,0.011567540372983907,2.52,0.2894033459674944
168,Transporter-state,Burst,0.15,0.33039102071902476,2.2209109742007995,0.01188288777910616,2.7800000000000002,0.31807290058157944
169,Transporter-state,Burst,0.15,0.29951529115768555,2.0168938577440336,0.002886335674826811,2.46,0.32769330623501003
170,Transporter-state,Burst,0.15,0.39885933691484105,2.5987632932969853,0.029771127064274833,2.82,0.24958219448188135
171,Transporter-state,Burst,0.15,0.3295921586279871,2.359195234562945,0.01128014476376612,3.42,0.29832885085052296
172,Transporter-state,Burst,0.15,0.29948177219438404,2.273300526068847,0.007174653285004601,2.66,0.3505375451773214
173,Transporter-state,Burst,0.15,0.3797193343680252,2.3258292750788474,0.015369764121788117,3.24,0.3187999258376465
174,Transporter-state,Burst,0.15,0.2916321541338122,2.193862279481358,0.005002994236766584,3.5,0.32826105157356567
175,Transporter-state,Burst,0.15,0.3092894592886513,2.320329180682114,0.00866155076496654,2.7800000000000002,0.34199381437685994
176,Transporter-state,Burst,0.15,0.31470052118826813,2.174545077872068,0.006664603924443063,3.1,0.3335600154934739
177,Transporter-state,Burst,0.15,0.352461890889783,2.3429004947179752,0.011697510881037133,3.1,0.31293680465164286
178,Transporter-state,Burst,0.15,0.31808308824663106,2.159881774119836,0.008396332114735807,2.8000000000000003,0.34946395436996947
179,Transporter-state,Burst,0.15,0.3302517203363268,2.3082154212235007,0.015469854283128498,3.2800000000000002,0.3153665313429137
180,Transporter-state,Burst,0.15,0.3210187153785468,2.2842030512614206,0.009993469731862612,2.8000000000000003,0.31770505675558647
181,Transporter-state,Burst,0.15,0.35915234523003864,2.1692871794441384,0.010464660647390232,3.2800000000000002,0.3305455668450238
182,Transporter-state,Burst,0.15,0.3507026873564806,2.337440546627026,0.014954398749926564,3.38,0.24126251855746483
183,Transporter-state,Burst,0.15,0.32930314341515515,2.465280580403116,0.012956665523071148,3.8200000000000003,0.29958949019170256
184,Transporter-state,Burst,0.15,0.3041891332101131,2.2233395578731674,0.005531654591870733,2.7600000000000002,0.3426004780205115
185,Transporter-state,Burst,0.15,0.29476850045051023,2.123569172509426,0.003812955328849998,2.7800000000000002,0.36673253431953834
186,Transporter-state,Burst,0.15,0.3262845608305984,2.574559758262267,0.015583831580084459,2.92,0.28801602926732517
187,Transporter-state,Burst,0.15,0.30472358784632286,2.246870681911756,0.005194674078586276,2.96,0.34891343845465583
188,Transporter-state,Burst,0.15,0.3380526028181781,2.072196421368953,0.00859787295934956,3.1,0.3204211918526523
189,Transporter-state,Burst,0.15,0.2981406156300316,1.99452377581698,0.004071238841960471,3.2,0.3689951439885084
190,Transporter-state,Burst,0.15,0.331052494054612,2.2452461269249158,0.008107885819916241,2.8000000000000003,0.35134072099548275
191,Transporter-state,Burst,0.15,0.33729667279127273,2.211714286282852,0.010813040453291864,2.92,0.3404361789961676
192,Transporter-state,Burst,0.15,0.31757471027658063,2.3155732558149213,0.0074106724189069275,2.62,0.2986789263488643
193,Transporter-state,Burst,0.15,0.2889099138087124,2.104122738138556,0.0033680821964052745,3.22,0.36089025595906743
194,Transporter-state,Burst,0.15,0.3055024236626059,2.356193105247587,0.007227149912961624,2.62,0.33301594471981344
195,Transporter-state,Burst,0.15,0.366928099710817,2.2471123777810353,0.014626351804451952,3.04,0.30349660077447316
196,Transporter-state,Burst,0.15,0.352570390641442,2.3163196975994214,0.010490587757054736,2.66,0.3378874198743379
197,Transporter-state,Burst,0.15,0.33082092408353586,2.1437429771386896,0.00752603405051616,2.56,0.36001465597977167
198,Transporter-state,Burst,0.15,0.3280644406907331,2.266369069299711,0.009837846207030876,2.8000000000000003,0.28562936616448087
199,Transporter-state,Burst,0.15,0.2801393077075356,2.1413777630131854,0.0034969013095450217,2.88,0.35658439835096234
200,Transporter-state,Burst,0.15,0.3031667376192185,2.1675574560707727,0.004805669960872851,2.72,0.3554199847777233
201,Transporter-state,Burst,0.15,0.3351410009662725,2.2157293405733043,0.009499441106299245,2.7600000000000002,0.3051221427075408
202,Transporter-state,Burst,0.15,0.34873257700545457,2.232473262272444,0.01012292602002786,2.7,0.31789847738244636
203,Transporter-state,Burst,0.15,0.3075299788184687,2.3035109870157,0.005952107116984589,2.82,0.32409928094774154
204,Transporter-state,Burst,0.15,0.3239554795338983,2.1304102175265704,0.006940830526020904,3.06,0.33170017280642283
205,Transporter-state,Burst,0.15,0.36889069212485526,2.423552097215053,0.017677067103373387,2.58,0.24015619101089258
206,Transporter-state,Burst,0.15,0.3465262652355978,2.3525918742750003,0.012166758922932166,3.44,0.33521715931803464
207,Transporter-state,Burst,0.15,0.31464023641887995,2.113323575331732,0.0036959801162480704,2.84,0.37741333119834386
208,Transporter-state,Burst,0.15,0.39011566542796483,2.4770245002068116,0.018397863467074164,3.56,0.24029632517920507
209,Transporter-state,Burst,0.15,0.3306584448801682,2.3887905065507042,0.010015703631791288,3.7,0.31092240087759604
210,Transporter-state,Burst,0.15,0.31014295725950636,2.288328833166975,0.006971491554528285,2.96,0.32619325060354754
211,Transporter-state,Burst,0.15,0.27966636717323234,1.9491644033553583,0.0018520908045480179,2.66,0.4153728925457598
212,Transporter-state,Burst,0.15,0.28871086385105216,2.071399873913089,0.004746942872591702,2.56,0.39673688884869085
213,Transporter-state,Burst,0.15,0.3481503087757364,2.6847911042845594,0.0256085953854854,3.2800000000000002,0.2503599435360655
214,Transporter-state,Burst,0.15,0.2899044397373716,2.2573731930304604,0.005305889733856045,2.36,0.3586430033182071
215,Transporter-state,Burst,0.15,0.3407535626303645,2.1695284073224346,0.007752262988518608,2.7600000000000002,0.3532656577009433
216,Transporter-state,Burst,0.15,0.3800183572490528,2.6308483181852274,0.02178417114282919,3.7600000000000002,0.2786677895943701
217,Transporter-state,Burst,0.15,0.32667431542921094,2.316850635051244,0.011803337167646028,2.9,0.27403740699812773
218,Transporter-state,Burst,0.15,0.34593392016264146,2.049327550400159,0.0072830465610078535,2.54,0.31834699802459465
219,Transporter-state,Burst,0.15,0.3719494086427036,2.268371620113224,0.012917497250057398,2.62,0.29243562339056983
220,Transporter-state,Burst,0.15,0.3388455807064203,2.3680873813204797,0.015717910515187464,2.72,0.2812375027247772
221,Transporter-state,Burst,0.15,0.33051972986358424,2.391949272753743,0.011539289361779956,3.0,0.2836234409477193
222,Transporter-state,Burst,0.15,0.2793577387916117,2.0502282876567457,0.002399450712052614,2.36,0.36963523772809925
223,Transporter-state,Burst,0.15,0.32744922192194437,2.2187725179487847,0.011457581873035692,3.74,0.3108512929394799
224,Transporter-state,Burst,0.15,0.3151754001095348,2.2798012666375786,0.009249591535134612,3.06,0.2965803234686276
225,Transporter-state,Burst,0.15,0.32914220143742295,2.422898360646508,0.011143257796995027,3.02,0.3357750950766668
226,Transporter-state,Burst,0.15,0.31747226758570013,2.3568121857052033,0.009758230044586603,2.74,0.30948295608432963
227,Transporter-state,Burst,0.15,0.33263681964550146,2.175869375227001,0.009227703016579717,2.94,0.33199631313204114
228,Transporter-state,Burst,0.15,0.3391405357691222,2.2459105503373182,0.0075240460479146795,3.06,0.36045493291138897
229,Transporter-state,Burst,0.15,0.33350570530112966,2.396193663181669,0.012368880657542035,3.02,0.2991647732010787
230,Transporter-state,Burst,0.15,0.34423794780763406,2.1231813866760514,0.007860941694405958,3.44,0.3367482714073018
231,Transporter-state,Burst,0.15,0.364965447868767,2.4736171704567607,0.020983714018963536,4.14,0.27667705336064463
232,Transporter-state,Burst,0.15,0.29370087714264836,2.14426630900924,0.004883642321873128,2.96,0.3560195910841154
233,Transporter-state,Burst,0.15,0.2869552176160026,2.274105459175413,0.005657268912675308,2.96,0.3456038771316987
234,Transporter-state,Burst,0.15,0.35150569958930966,2.364370926067519,0.017827763912578544,3.74,0.2756473640018986
235,Transporter-state,Burst,0.15,0.337393972784371,2.3436396605593566,0.0118690245131456,2.94,0.32610038019551935
236,Transporter-state,Burst,0.15,0.3372736851365683,2.1332780153240227,0.008758895726756796,2.56,0.2999737135254763
237,Transporter-state,Burst,0.15,0.31606611338333673,2.1033686407825645,0.004554824423418945,2.94,0.36355060995746713
238,Transporter-state,Burst,0.15,0.38260910187178765,2.4468497311675277,0.019943607924652183,3.12,0.2296972315042387
239,Transporter-state,Burst,0.15,0.3215579409288096,2.355542120395727,0.009154959731289877,3.18,0.3460933393437795
240,Transporter-state,Burst,0.15,0.31683840842487826,2.2965957155103607,0.00903101992317091,2.64,0.37258404834659964
241,Transporter-state,Burst,0.15,0.35408948772735443,2.407518447616335,0.014257656184323765,2.68,0.2512781292229067
242,Transporter-state,Burst,0.15,0.3468344108829814,2.4817035873425457,0.015818007502856106,3.34,0.2652735958348371
243,Transporter-state,Burst,0.15,0.37325651116682,2.5819479285030713,0.025422645823548074,4.16,0.22297739278385076
244,Transporter-state,Burst,0.15,0.3157958177986875,2.2159499823225346,0.007267784353279442,3.2800000000000002,0.3121561018858052
245,Transporter-state,Burst,0.15,0.3438857679814362,2.198779722317844,0.011314185058567601,3.96,0.29094162643132315
246,Transporter-state,Burst,0.15,0.32527673665443096,2.2002298890517347,0.011077943708643803,3.12,0.3197139167032519
247,Transporter-state,Burst,0.15,0.3747588161387207,2.2528065998336375,0.010794571566393138,2.7,0.37285178721200607
248,Transporter-state,Burst,0.15,0.3068297929522971,2.3672627973806866,0.009310301762188937,3.46,0.333931918821756
249,Transporter-state,Burst,0.15,0.3396234610476834,2.2463578653576537,0.012880291117709365,2.46,0.27014887047912195
250,Transporter-state,Burst,0.15,0.35524149038366176,2.456070523690455,0.019555037248481386,4.6000000000000005,0.24510533932807688
251,Transporter-state,Burst,0.15,0.35491117255939536,2.1936635563218956,0.01172074292564695,2.2600000000000002,0.3384652106511846
252,Transporter-state,Burst,0.15,0.31687346921393833,2.3956304438257847,0.01104954431162898,2.82,0.3334902610421815
253,Transporter-state,Burst,0.15,0.32764726555859636,2.091287911322892,0.0067249262103209854,2.38,0.32485231021969496
254,Transporter-state,Burst,0.15,0.3683887279682611,2.3401164652145363,0.01655272465559122,4.34,0.26343376740171054
255,Transporter-state,Burst,0.15,0.3941560482324287,2.4142826368795247,0.01829505383080439,2.6,0.31058113855961633
256,Transporter-state,Burst,0.15,0.3607458828869012,2.167593804135044,0.010294792418870784,2.48,0.24451460971497618
257,Transporter-state,Burst,0.15,0.2821902749590218,2.216996005176596,0.004053175750420289,2.62,0.35099475143045966
258,Transporter-state,Burst,0.15,0.31208267345343577,2.161235597114162,0.0086642327440528,2.7,0.32921029196261153
259,Transporter-state,Burst,0.15,0.3077884349323276,2.1250648957786216,0.005427404522680689,2.18,0.33690760180836365
260,Transporter-state,Burst,0.15,0.3077229482194024,2.0433065680991866,0.0034644435854699097,2.2600000000000002,0.40747199055870087
261,Transporter-state,Burst,0.15,0.30441649043971497,2.1807078118578547,0.006197876116518658,3.2800000000000002,0.354816450930342
262,Transporter-state,Burst,0.15,0.3057032709473263,2.2742324748524716,0.007148537124279835,2.0,0.33106520273163365
263,Transporter-state,Burst,0.15,0.3772628482283124,2.285517667939853,0.014366868472725424,2.3000000000000003,0.2713154721842822
264,Transporter-state,Burst,0.15,0.30368170886254686,2.347049993816179,0.00727974135143047,2.52,0.3235330032112117
265,Transporter-state,Burst,0.15,0.34164794529805725,2.2294206791360254,0.007889668370713055,3.06,0.33281045627409767
266,Transporter-state,Burst,0.15,0.3333299889221428,2.4884819026233043,0.019499922098108,3.7,0.27502736632702895
267,Transporter-state,Burst,0.15,0.32116424930826587,2.33023926130147,0.012805166095540294,2.62,0.2656010644230704
268,Transporter-state,Burst,0.15,0.30444077766840255,2.243086350383616,0.00885346913612082,2.7,0.3132052107621208
269,Transporter-state,Burst,0.15,0.3303520585156078,2.4248403172646746,0.013011510384047048,3.9,0.29612033324495857
270,Transporter-state,Burst,0.15,0.3789070096534947,2.177248247654982,0.012009150421433253,2.54,0.2543772890443541
271,Transporter-state,Burst,0.15,0.29662012511841046,2.178677047967322,0.0057913796449227456,2.42,0.3743668204485979
272,Transporter-state,Burst,0.15,0.30210960460658837,2.247686956525047,0.006708012516511314,3.06,0.32895777024154305
273,Transporter-state,Burst,0.15,0.3055764141115524,2.065252098867314,0.006634860653342583,2.32,0.36317911763173716
274,Transporter-state,Burst,0.15,0.2905373355689134,2.127188178682366,0.004736110988142589,3.04,0.35943069254692694
275,Transporter-state,Burst,0.15,0.356301539792386,2.3544950524531343,0.015188253676508936,2.82,0.276106564785228
276,Transporter-state,Burst,0.15,0.30545797830877436,2.3515848366910235,0.008607543044576334,2.7,0.3506535490935334
277,Transporter-state,Burst,0.15,0.3355514181965251,2.3013062381019207,0.011498763313326433,3.4,0.28548947765464117
278,Transporter-state,Burst,0.15,0.27643504460498364,2.0701274822741773,0.0025344767624246646,2.8000000000000003,0.4006857078181353
279,Transporter-state,Burst,0.15,0.3398810647135802,2.3495137949495604,0.012893508284310129,3.86,0.29726954901936764
280,Transporter-state,Burst,0.15,0.30917083343696133,2.2155344854790804,0.007086072933461099,2.36,0.3675690420276485
281,Transporter-state,Burst,0.15,0.32184500077749223,2.255849478843813,0.010589080153956387,2.92,0.3212370776688199
282,Transporter-state,Burst,0.15,0.33103415852237966,2.209753424796806,0.011657475259965832,3.48,0.33735472586385107
283,Transporter-state,Burst,0.15,0.30141635038560344,2.2891239755504675,0.005712030712448141,2.74,0.3420808534594647
284,Transporter-state,Burst,0.15,0.327134975806914,2.3313280001350445,0.011949912650368762,2.8000000000000003,0.3105884079658857
285,Transporter-state,Burst,0.15,0.3231332144919316,2.1199297387669285,0.006612002793133358,3.24,0.3377518242636206
286,Transporter-state,Burst,0.15,0.34539190897675076,2.2160980018128957,0.01085840004609431,2.74,0.2633653970735155
287,Transporter-state,Burst,0.15,0.30544662878315115,2.0064881908434757,0.004238977106203783,3.2600000000000002,0.3598355625298123
288,Transporter-state,Burst,0.15,0.36853273986564794,2.4299919082637094,0.01799373860003659,4.6000000000000005,0.2450191523954789
289,Transporter-state,Burst,0.15,0.316929021315866,2.1839739655418184,0.007905008249423471,2.9,0.32408151622842185
290,Transporter-state,Burst,0.15,0.30999223036589646,2.2682942308597625,0.007704736593319033,2.72,0.31524752822838775
291,Transporter-state,Burst,0.15,0.33271795678218186,2.190358242224142,0.00916591279789531,2.52,0.3432614375619659
292,Transporter-state,Burst,0.15,0.32586349516525615,2.096232659760873,0.006534968916742325,2.82,0.30985327798029494
293,Transporter-state,Burst,0.15,0.3294263054869324,2.4452347986563248,0.017026681083709444,2.64,0.304020675674309
294,Transporter-state,Burst,0.15,0.30907903864989994,1.9794119046933771,0.0030110784542217595,2.7800000000000002,0.3434435655806516
295,Transporter-state,Burst,0.15,0.3295684050268835,2.350144754175072,0.01188423253921787,2.7,0.30255519179441137
296,Transporter-state,Burst,0.15,0.3047540730797062,2.2190760475939193,0.006483744951202483,2.52,0.35212809939722944
297,Transporter-state,Burst,0.15,0.38107874044510537,2.406973110796764,0.020832694712970765,3.16,0.3183023045622392
298,Transporter-state,Burst,0.15,0.303345124302297,2.2188732263380606,0.008621401031793686,2.66,0.34243677793326577
299,Transporter-state,Burst,0.15,0.30490671483225085,2.1643303141029557,0.005445964377583254,2.7800000000000002,0.3588114909572818
