parameter_set,capacity_km,k_bind_per_km_ms,k_unbind_per_ms,k_translocate_per_ms,recovery_tau_ms,pulse_size_over_km,k_loss_per_ms,peak_ratio_burst_tonic,auc_ratio_burst_tonic,clearance_ratio_burst_tonic
0,1.2928235066962301,10.281295610038095,1.3641840568452275,5.756814297179521,48.01802750617297,0.513546735601796,0.00331185114262449,1.0,1.9557059967511918,4.759259259259259
1,0.8296789734617411,11.667899424061893,0.6094345448218805,5.783964424216002,10.657517085601015,0.061299561565981084,0.002932595512819289,1.0,1.0091187668224701,1.0
2,1.1521814858219157,10.829911485820471,1.034822555199615,4.11439339874952,24.593129035882907,0.05574754117911988,0.004377158664166086,1.0,1.0149634588925598,1.0
3,0.5032524000836411,6.063291653148325,1.525082068839612,2.8878394176017883,47.3649754965943,0.5035769218040329,0.004278915708662692,1.602591881554788,1.2022094145397662,1.4560791157649795
4,0.42824426861334,4.88523505306397,1.9599309443774113,2.671409288402752,12.965004517626447,0.16788412986525664,0.003342510107509003,1.0000001613453668,1.087155224819256,1.1142857142857143
5,0.9777859370272779,10.292253133525069,1.9525576762684513,2.1055516751109398,32.834389061734655,0.7270429493545504,0.00163320607130439,1.070124081692727,5.5605707104157265,3.761904761904762
6,1.4069054121163431,10.789678993147085,1.1597017168260788,7.954570671640136,10.278526046862627,0.5399263934779867,0.0034059627711614526,1.0,1.0592292369875125,1.0833333333333335
7,1.025159450173791,5.5727079893044635,0.9341794387999156,2.9009876156642305,40.78172791751432,0.7132835991558981,0.004375720120835365,1.2281011744443489,5.174176696357062,3.3784277879341866
8,0.6913184550935096,9.110574412925633,0.5517095747805394,4.147076822964203,11.33600081567474,0.06963343683831931,0.0014301154473485911,1.0,1.0141950067209295,1.0
9,0.8329697128412437,9.131848299748444,1.800772455394557,3.9793725876914294,44.621316153680716,0.23217033443283797,0.004466505558774481,1.0,1.201902746555495,1.4915254237288136
10,0.47365943698598145,8.424445411486234,1.4436474027468744,4.538019452229193,37.76256320547465,0.43236691798763766,0.003234230716655801,1.7572532865773896,3.3253405252739796,2.631441048034934
11,0.94626271349958,10.96317091438383,1.114716229899961,7.224807377600101,37.59937776563494,0.6581396745717447,0.003805002182352546,1.0659671892116107,8.225259651427432,4.916083916083917
12,0.6380555337653999,8.856792623745614,1.667639535234672,7.6301779568050865,34.541521768498974,0.5528527489602214,0.0007783343027892609,1.5044629368958224,5.12005084381664,3.310866574965612
13,0.7896731634215963,4.830271986113249,1.167044261049532,4.871985102610348,36.45662665633044,0.23824001374658532,0.0012760251412178042,1.0000000000001543,1.2028258972038988,1.4767441860465116
14,0.6794977369840426,8.828278262096472,0.7332990975648207,2.826373850491855,16.052788490396278,0.6084939962419511,0.0040857920518425316,1.0000000001843874,2.107683647329033,2.1194029850746263
15,1.313000059412041,8.394502470614343,1.421383421916178,6.096054147572286,24.919673740137696,0.10083454887013009,0.0005393098910429845,1.0,1.0248600657415872,1.0
16,0.9671171790726303,5.464021930401818,1.4408561304102645,7.849886565164727,27.295142309801207,0.4487931651836849,0.004866953318709095,1.0000000000000007,1.4132074385883175,1.9651162790697674
17,1.1354937237901384,4.352741939990587,0.6427500619699261,5.630214847739428,46.38004451303642,0.26585180743218095,0.0006660463375616288,1.0,1.1401700734077933,1.3793103448275863
18,0.5571683921931658,11.648235142094048,0.660324597580197,5.3567723414283295,40.06415619614401,0.271584653575254,0.001245183065238185,1.0000000084762084,2.6079368454945513,5.682352941176471
19,1.1354656128456189,4.08213066993204,1.9628520120487463,3.532497409470481,46.458131250784405,0.35541676170605757,0.0015352880690691283,1.000000000768146,1.2740067713222896,1.7301587301587302
20,0.7933310044277905,4.920542826726404,0.9172672169197953,4.650446180344738,29.209297073986097,0.6900411439948781,0.002855339908893077,1.18482852635302,4.498540462954991,2.9767441860465116
21,0.47892891605569055,6.797710053843271,0.7360192397403833,2.3177847505091904,16.744381362876823,0.2946321676296182,0.00151925304921664,1.0000000016768769,1.3287688528956132,1.4935897435897436
22,0.9523247643404034,9.566684747541252,0.7942743678278671,6.941259294317188,24.872843832005454,0.25684095620606345,0.0007805634792358973,1.0,1.1223106051143414,1.2142857142857142
23,0.7638783682086321,5.168867464351951,1.9461576602264468,2.0610340146003745,10.02765241019695,0.16984108777321322,0.0015168038910834715,1.0000000000636784,1.027682213029626,1.029126213592233
24,0.3383157919546853,11.479906112592385,0.9571657368746211,6.818210216502094,42.6206920269764,0.06069164223664035,0.0031076236868078965,1.0,1.0855480166469886,1.2058823529411764
25,0.8496277584536427,6.568151265895904,1.295457043624372,3.2256331574731294,12.340355161882393,0.3929122914662057,0.0007379912912734638,1.0,1.1102149502506435,1.1379310344827587
26,0.7676969624472476,6.865745959452728,1.314094999968789,7.341086494660108,17.380197729580424,0.11349968041387327,0.0026624679701417546,1.0,1.038698084288814,1.0645161290322582
27,0.5251091736852069,8.228449886287478,0.6601345118082,5.443581705889617,34.31011972183929,0.499121829721152,0.004841629813552233,1.599133227829555,3.688399919171397,2.684713375796178
28,0.3505741517694507,7.265374014392841,0.8607376203140964,5.908344098312285,40.39891737700249,0.466542153896417,0.001264386315118191,1.026842137622534,0.9244550490457799,1.0232507368191246
29,1.1094052957784581,8.06106377923945,1.9313872376573205,2.5392909125965817,49.0020541632176,0.473456279414533,1.3377937576622423e-05,1.00000123223589,2.326935371682595,4.17687074829932
30,1.4297762677678052,9.777973075662644,1.4784921818140513,3.7575062119173315,21.995373769685045,0.6882006341263955,0.004398881194085971,1.0,1.3451859836307778,1.526315789473684
31,1.2657350749667828,4.890507728539021,0.9681013885649294,3.3633380582763737,28.206908274598383,0.2135545376961812,0.0010318299275321053,1.0,1.0686494886717013,1.1363636363636365
32,0.6676436077061343,8.63282639687144,0.5534827998713376,6.765561179317826,14.342262686702,0.13747766401862416,0.0031309529214954496,1.0,1.045362676007214,1.0689655172413794
33,0.7104590206421897,5.253900182533348,1.2015037261241386,2.5836478354051584,30.743887126270497,0.49354476739058867,0.003659560123087123,1.0126546975414885,3.1359221807149322,3.1146131805157595
34,0.6955277847400225,7.654921851001628,1.191665093857494,2.5706992229300054,17.444434369853642,0.4820460328333763,0.0017661627945796572,1.0000000001446194,1.5348769973500935,1.7735849056603772
35,1.253562053190483,7.941132943630451,0.7077741489453837,2.8283103111008128,40.62380641535387,0.12621919394862735,0.0034977967938257287,1.0,1.0391008450759531,1.1111111111111112
36,0.8405405656114164,5.32061152807293,0.6788329225085576,4.7526022237546535,19.123011046415055,0.15299649582998176,0.0012797748475730263,1.0,1.0552269820369429,1.0952380952380953
37,1.1656595132537173,10.024118270352968,0.7161355727224481,5.51795783663949,12.695215337583994,0.7460810697661,0.000352923498121025,1.0,1.2376123035949202,1.3725490196078431
38,0.6606992014463109,10.238655467310682,1.0645688358265522,6.004533570694488,26.041974520480817,0.7581249805052221,0.004513340233800449,1.508053825147437,4.009420636978836,2.706959706959707
39,1.3983600501504072,6.582026565632535,1.826983532634107,2.290790748174098,46.52026013112005,0.30214556459970415,0.002565679688207093,1.0000000000000089,1.123463274648603,1.2465753424657535
40,0.4650991349339946,9.324761499669888,0.8443133251274144,6.279905065743838,47.43802441802417,0.4512590361637158,0.0011796067811062178,1.2149198681494415,1.0485855260093404,1.1934009143311468
41,1.389294187252987,6.5940139824043795,1.7539271327301564,2.538286689454444,34.65870416605972,0.10430583307456863,0.004696260888410172,1.0,1.0273028070461512,1.076923076923077
42,0.6363265627497827,11.852671943768424,1.941797389693003,7.587447870001419,46.88323205663086,0.05535742096999917,0.004306291905727162,1.0,1.0315543857492937,1.0625
43,0.51133828529482,10.899158775801816,1.4559882283814816,6.996479081912653,16.71151354094841,0.431208681952568,0.002755862158638247,1.000000000001953,2.005529557208569,2.357142857142857
44,1.0183472623244199,11.041581200426991,1.0289286167218301,6.8586051301397095,22.895225156433604,0.5026507589745601,0.0048896131483952675,1.0,1.3861544134262545,1.8333333333333335
45,0.9992005524784737,9.763158388749439,1.106566918815238,3.970165943745738,30.40917718678574,0.08454486635019119,0.003131086021941001,1.0,1.0303559454126145,1.1428571428571428
46,0.49296949790596656,6.629820986058851,1.4256382013728186,4.075471158503301,19.42185570855387,0.2790993679730411,0.00349901099223562,1.0000000011094643,1.3493730492162483,1.6083916083916086
47,1.4442101314991387,5.255331521740043,1.967467120715971,2.8560075317175437,20.456014603249592,0.6999981239196001,0.004702868376495965,1.0000000000000198,1.2887357489665194,1.413793103448276
48,0.5334227676084512,5.860052367925591,0.6516997477671429,4.023621283144377,21.674269521568434,0.613827049958912,0.003596355271747515,1.2525303147966618,3.5447378666403786,2.442857142857143
49,1.4232038357679027,9.347053453415748,1.3935906218353211,3.2800304498199866,41.65690802762125,0.05723283098154343,0.001883859065712814,1.0,1.013451978395114,1.0
50,1.457470758478687,6.693500241160044,0.9178101652740128,5.5916685744507895,22.179278295843332,0.4974079504048741,0.004726930348171792,1.0,1.1611360914345301,1.282051282051282
51,0.6070295746684986,8.473731706188058,1.617797562643176,6.1668424436086084,20.20654107213153,0.15529704477801953,0.002212056628147237,1.0,1.0911440410299627,1.1555555555555557
52,0.8349340340934781,5.354779400867208,1.733760549946485,3.3473773893492202,14.608300526130812,0.38457328546796815,0.000567042291360076,1.0000000000000373,1.1444696424958,1.2017543859649122
53,1.4506961020692963,4.50804769580921,1.2426720814114698,3.1986688474013203,45.52906174360132,0.09887782436738217,0.003710298869188488,1.0,1.0238030192884011,1.0714285714285714
54,0.3083162318282145,6.959265647841521,1.4447625354611948,7.871912243098905,24.318518308187183,0.21328070361959828,0.0021473995708844117,1.0004206206133184,1.9734928448653188,2.6160337552742616
55,1.3452748641938015,11.690632305069002,0.5752638248998128,5.665608710784302,12.491723494778766,0.403973571965878,0.0033234272309568165,1.0,1.0606805138758377,1.1111111111111112
56,0.48781291167770846,11.613850491486305,0.5794546577729998,5.553224514495689,16.613330365684924,0.7197636525261325,0.0046656018382152924,1.2119539540511186,3.14327587640255,2.2194767441860463
57,0.4617378790175577,11.175352140651025,1.6091050605807788,6.144524460208947,47.514675544204785,0.5425038033777749,0.0029245761916938174,1.1533347455320764,0.9327451199343172,1.121985374202583
58,0.5454386262897237,4.397607449031325,1.8657825642321046,2.596412620031411,20.699124689978177,0.7459871128214689,0.004681269589022543,1.5755057418739287,2.9056618045745894,2.170494699646643
59,1.486803157414021,11.110134072601458,1.037995316483753,4.128969307897602,26.692931087181478,0.44561228146008264,0.0013160041912936215,1.0,1.1604768639085274,1.2857142857142856
60,1.3441824874972244,4.981876155946328,1.5438250297141365,7.131369945284812,30.711450527005503,0.7151132287528978,0.0014197351677303332,1.000000000003303,2.0002913124475588,3.4299065420560746
61,0.7065815767141597,11.178020768320543,1.6101695648003633,4.486913305399989,11.211669977829931,0.6739313073204993,0.0042595523520625525,1.0,1.4780006112559132,1.522012578616352
62,0.6213526971810202,9.032413217973392,1.7063232454738089,7.791799494035856,19.12467171577292,0.18080735090177114,0.004323443239050677,1.0,1.102835821894744,1.1627906976744187
63,0.9105396764765152,9.329660571149224,1.5126909235967791,6.783552872153459,34.98590932640373,0.2996594570199588,0.0011700539885359602,1.0,1.2434846672547952,1.5681818181818183
64,1.4844985525772594,11.148689541033425,1.4358373394223969,7.93579354301233,16.136287271748017,0.7204405780544276,0.004884318217390995,1.0,1.2023062584903794,1.2903225806451615
65,0.8434796405514913,9.335913412584564,1.1139204495322723,2.234449421709476,26.745215629115535,0.5976335768284433,0.004312589517861318,1.0000095404638283,3.436880182947747,3.555555555555556
66,1.418214630588405,8.4830263890527,0.8155989715479723,5.308993329210502,19.53028705584357,0.5515484082735274,0.00253607113280982,1.0,1.1751079601480892,1.2857142857142856
67,0.7610871715806067,9.448568460207046,0.988592191028449,6.350751761484826,15.419334354315449,0.6570814684793327,0.00335722199743107,1.0,1.9959553306794267,2.251798561151079
68,0.48145752165804623,9.667096671473695,1.2902600957648926,4.443407199691611,19.712523152524383,0.20934466243656585,3.4503401421954736e-05,1.0000000000000002,1.2108457521210643,1.36986301369863
69,0.9320880742125903,8.764978011252449,0.5801892161384524,7.2295294865863475,28.315242522222846,0.40831920092594337,0.0014776381387268756,1.0,1.3920042454760875,1.9583333333333335
70,1.0906786592880042,5.543706059529815,1.0750788832030727,7.683921793959843,28.47444034175797,0.6222468667732517,0.0033393306235473263,1.0000000000083011,2.096571793386467,3.495412844036697
71,0.9410559390531981,9.282344223910675,1.8744728967516928,5.461190735744237,12.619222544218198,0.24819888464517914,0.003409406242023879,1.0,1.0513759678415096,1.0555555555555556
72,1.2944035221075267,10.871405570363633,1.180603571247976,7.5708589051107795,18.68457590749651,0.1899029336213715,0.0017049687197790637,1.0,1.0417022246718888,1.0714285714285714
73,0.5844186804431275,4.365359781109945,1.3759901127519416,5.37687253033225,16.16284391649578,0.6536681304870651,0.0020342629343199897,1.003824612126684,2.245352362755112,1.8254901960784313
74,1.1952811834429324,4.563395940580843,1.4603763527493927,2.7630114282984435,31.36341751422675,0.19119240580067587,0.0012284799568411265,1.0000000000000002,1.0673892518875465,1.1311475409836067
75,1.045499675105678,11.12874154100269,0.8554839595008522,7.37651876088594,20.456804915614466,0.31073365017031945,0.00061013592270386,1.0,1.1169004934843292,1.1666666666666667
76,0.9350969667366298,6.440566052854326,0.7503077482039529,2.9579310932366054,17.35646999639233,0.38436065863803864,0.004930180478367398,1.0,1.1609366586609564,1.2428571428571427
77,0.9767564097032639,4.8940473348980325,0.7391095163881389,7.025174116306376,24.314334039017737,0.4229234878187627,0.0011591003535049587,1.0,1.2864330854668333,1.6103896103896103
78,0.7306115403497753,7.400512434778417,0.6762298665818246,3.2907631918914486,11.859234460997769,0.42892758374194756,0.001973421748342675,1.0,1.1570932492791801,1.215909090909091
79,1.2138120553304659,4.166084454181722,1.8120921163926291,2.825684095646447,39.72033275093779,0.44363689229145853,0.0010420221360621395,1.0000000042741783,1.3621863494197028,1.8461538461538463
80,0.8869228760665167,10.22223101610683,1.3182089367835486,2.0652008151976524,49.640413784247016,0.07728801566849165,0.0015519703082433117,1.0000000000000004,1.0315080796693885,1.1052631578947367
81,1.3828430693709313,7.939833850017402,1.9563666687485641,4.2802176033615105,25.17201267593942,0.6194306385898061,0.00020418102395808603,1.0,1.3483018757566967,1.5970149253731343
82,1.3048164260472583,7.048818833960751,0.5188226260020349,7.519770679143852,45.89749142301314,0.24118956702904454,0.0023523738149778635,1.0,1.091547842153717,1.28
83,1.4154431389686486,9.820109904051812,1.952150544705516,3.529270163270285,28.205750035445178,0.32689963606202205,0.00021514095970706081,1.0,1.1091887204534943,1.1842105263157894
84,0.4471704499411415,7.6993567466819,1.4568547507543685,2.459512002816301,45.37416811880487,0.4825928404472856,0.0025466208894634724,1.2671027892614457,1.0150051151105488,1.217642373556352
85,0.8021302219852078,10.491633440437134,1.245798308716176,7.913032432291212,49.1542123639067,0.09718097900539717,0.0025091285462843084,1.0,1.0481658377014464,1.1578947368421053
86,0.6182833823082745,7.870343162884153,0.7472700142212844,6.837243711695095,38.013121182324426,0.12651979725324608,0.0026186406329600964,1.0,1.1026476693703657,1.2307692307692306
87,0.5676970875320401,8.879901321777842,0.7008200800416791,6.229449886022539,46.12934862950159,0.6339830131792015,0.0032555482350623867,1.2908200103744776,1.0039310854585548,1.2326203208556148
88,0.35065139080583846,5.790399279452315,0.7744697421378273,7.0899435330201985,22.703880199161745,0.5288779132794856,0.002672847644543161,1.996682822232772,2.935971739321875,2.442796610169492
89,0.9359558502291994,9.462279618283802,1.0226605670087858,4.578022196187302,20.910049888603854,0.6454534142109424,0.004150186822874206,1.0000000000000002,2.121410803456614,3.0
90,1.2230139182938626,10.40548060484619,1.021072210784811,7.989536301120814,14.90617818883372,0.5798631934281726,0.0013245741566105308,1.0,1.1659189561419607,1.28125
91,1.3349821073464028,6.86203469420248,1.063320635103497,7.016424005491455,16.511613997013697,0.5399730722016984,0.00040931206913977003,1.0,1.1449933749147987,1.2142857142857144
92,0.8673883520092298,6.57387317422788,0.5453014219974153,3.2179579574405146,46.72152612293439,0.2819681952634388,0.0037356835159982156,1.0000000000000098,1.3193385572178118,1.9305555555555558
93,0.8179973348086642,5.918976743009985,1.4441462592698011,3.6231421149493714,31.92342040394477,0.7883412749287649,0.0035345086724261326,1.5526992268011692,3.986217056986572,2.7144420131291027
94,1.0375343396403462,6.945243745370337,0.7129273954554483,5.314291874758359,48.560965097288516,0.1472009934860189,0.0012164718020265847,1.0,1.0606259483120979,1.1851851851851851
95,0.7657177313665549,6.833280600883428,0.611645457124919,5.912023233954182,25.759032139968262,0.5391699841594932,0.0016050844622031008,1.000000446030817,3.112505494652491,3.7939393939393935
96,1.3299657492442465,10.869171480151776,0.5575239935362706,2.3849896917234794,30.52693178387859,0.24034122937002383,0.0005251350574679714,1.0,1.0801019909692822,1.2352941176470587
97,0.8567886518960643,5.233037649038376,1.667437985752788,7.162615758195191,40.507988714075296,0.4675396180357176,0.002737754595794997,1.0010816694766713,3.2997788194348208,4.533653846153846
98,0.8755910383790906,7.685538798058795,1.6761180066287666,3.6504526507738193,14.841106139662443,0.09306811206408637,0.0044972907571792335,1.0,1.0223040626320503,1.0357142857142856
99,0.49813352939721084,10.331640377339662,0.5783576684828549,6.410487725047524,47.12708826763043,0.5089311730455686,0.0010465458464691934,1.0815061686436838,0.9495491040937069,1.0739232576350823
100,0.6772229127196709,8.919122688120495,0.8653367455565029,5.446495987769528,44.74730124684315,0.7047856378336752,0.0011476676419343423,1.1752532162242713,1.0236802471115873,1.158100558659218
101,0.5695238551401962,6.074845657912116,1.974169969510604,6.886709542493225,26.642318878961582,0.21643490232933765,0.004223981682087648,1.0000000000018945,1.234203389050013,1.4893617021276597
102,1.2280251601031584,11.10157448571105,0.9463574919807525,2.8953464540987026,40.10317817342195,0.1206149734701729,0.0009489440012658051,1.0,1.0380501147564656,1.076923076923077
103,0.3585251402676648,6.064660516450776,1.1469900163048912,7.723046553476112,29.736999839637477,0.7258088614244713,0.002468367970345545,1.0905336696039238,0.9482568009526874,1.0703160787906552
104,0.42620448199414923,11.93838279909846,1.6054045786341096,6.353241402381284,37.90994639448727,0.062016288358404156,0.001978140232966742,1.0,1.0621452048930573,1.1481481481481481
105,1.1558035499065247,9.149495800532177,1.3066827226787125,3.731152201794922,49.36994668456103,0.7952705701688526,0.002241737168648234,1.5840282758261561,4.577785677941491,3.081172491544532
106,1.086618991464037,11.606012694642754,1.2818683925082734,4.130590046475355,30.629636280983725,0.565156077015197,0.0025855659213161386,1.0,2.0460004592977676,3.6666666666666665
107,0.91727409832116,8.766599141474558,1.0976488826072777,5.423074641755593,17.279453212257074,0.2599752991325127,0.0017533048525236795,1.0,1.0888096992380982,1.1428571428571428
108,1.486954259943003,11.033617178708075,1.4492109294600866,2.2570511606226713,44.780524157875206,0.11419478392545239,0.004386691097561106,1.0,1.0278591233984522,1.1818181818181819
109,1.1738691167518238,10.202870642024685,1.4437033998134134,4.1393753890940115,11.90949601188311,0.2947267591447454,0.0011281932128932182,1.0,1.0445155289086294,1.032258064516129
110,1.0898574697825,4.527443443907471,1.8231424934711589,6.674337456611648,44.28954834373818,0.7528515081675411,0.004957539688672431,1.334771205922592,4.565650108319357,3.0213675213675213
111,1.1246455673427789,4.950431718470741,1.313512795560555,6.7248891413978775,15.684976144238956,0.6471639597078307,0.003851865889425486,1.0,1.2592359760488736,1.4456521739130435
112,0.326263566730787,4.18920697330501,0.7692254720697043,5.717553966032982,34.04474173875333,0.5864507194068802,9.15056770117928e-05,0.9925244627837565,0.982193839632677,1.0
113,0.8212244148992667,10.540739430300876,1.525064900601435,5.158651063980221,34.88874414501958,0.2339212375028249,0.0035697420849313674,1.0,1.1782712718249766,1.4000000000000001
114,1.4961714716175791,7.122732910668909,1.0119384791441348,7.689894916281473,37.630367930849445,0.6265101102417592,0.0026474001056577046,1.0,1.6001317346792887,2.980392156862745
115,1.4246221856543715,6.5966754987498115,1.1160088355976485,7.822473441210596,40.54445318886849,0.6829256743235654,0.0032962628429593663,1.000000000001415,2.766017624507414,5.9625
116,0.8271997508428732,7.781593256075903,1.6770838520073827,6.506678219599478,38.81674005458845,0.5353627383428273,0.0026199941084532573,1.0419340932386847,5.811693114704334,4.76241134751773
117,0.9222075583904936,7.089230216620197,0.8062596430525061,3.191433765036417,30.53082112914446,0.43829383746645195,0.0037053051458202264,1.0000000000002083,1.5889736399771455,2.3736263736263736
118,1.4899871793155501,9.659638778130816,1.1756340659318556,4.742227506371078,10.036712338181136,0.13561859169234552,0.0035110355611112577,1.0,1.0102368398688528,1.0
119,1.079975251664873,10.477255847089474,1.6305923696956706,3.463082211209689,16.910144335009978,0.08445219471891115,0.0027251867155510183,1.0,1.0186465392977138,1.0
120,1.1837220349863837,10.640572133515308,0.6043356867252123,6.960682190907287,15.306861075796805,0.17725808067480386,0.0024451679988442966,1.0,1.0340798369071806,1.0
121,0.6357490610059588,10.927981648126819,0.9139921847275522,7.052652144762145,32.91784010720877,0.6093815500925,0.004008054237497911,1.5492096538653757,4.313987628871813,2.9157509157509156
122,0.5575829788051601,11.738397148906031,1.653528859661059,3.0208879786335787,22.2337335707542,0.15453531124293374,0.0007254158980870873,1.0,1.1152763960108876,1.1923076923076923
123,1.4385354482554433,5.376305012826499,0.9677498034797823,5.456842624669834,49.25580269292925,0.3297842008044339,0.004620584527787931,1.0,1.1377086529361824,1.4090909090909092
124,0.5575823334808524,9.154836563722506,1.26922027484423,3.471856169490792,36.07306314675432,0.0884432188713574,0.0033403810526967575,1.0,1.0695464135550021,1.1578947368421053
125,1.3576891914442657,9.442447297275965,1.2128244300548416,4.3894378295907295,38.76184037651219,0.22514200786534194,0.0026040647224489033,1.0,1.0761932418030271,1.173913043478261
126,0.6768659355501689,8.489003751686404,1.3698715717810894,5.569118395730612,16.765352243466374,0.4539644636568035,0.0018297038726209419,1.0000000000000002,1.4557700449207158,1.8
127,0.8958769693438311,4.398315256997346,1.4585526262519115,6.522333672794055,20.37081142534934,0.44681152295718257,0.003478959345635851,1.0000000000000322,1.2906958125179728,1.5357142857142856
128,0.3366382383846898,5.153416869584021,1.5731226830600609,5.396519708792547,48.71949455556533,0.7770112557018208,0.004626511912900134,1.1490085309605222,0.9828426771701216,1.082891140054671
129,1.43425831232135,11.211804500859113,1.1488901001085112,2.7935617014997094,33.45464934450742,0.7825495035620325,0.004088467525199839,1.0000000000009641,3.283570049174909,4.965909090909091
130,0.9598718214602544,11.879614184197845,0.8135471128811955,4.556265132105565,38.323124008165195,0.22972802624535943,0.00013706379149888427,1.0,1.137314830816104,1.36
131,0.978454316276907,7.552901886669838,1.555942638669869,4.109670575943879,16.68216054645419,0.5484940886094349,0.0017026732029627783,1.0,1.2837462106957311,1.4252873563218391
132,0.6529100583462002,4.492283992646105,0.8931942092019169,5.606899875566636,25.26911445127219,0.20045710196762273,0.004690446312830048,1.0000000000000404,1.148910735367471,1.2941176470588236
133,1.152645044169701,9.336468005316755,1.6796429541608509,4.83308700675208,15.643705442921556,0.20339135228639688,0.0019439180419790376,1.0,1.0427473904940907,1.076923076923077
134,1.3960104929218593,6.974820487688277,0.8716335963256394,7.118395469784556,20.83814433583899,0.17269179752950076,0.0020048093128738793,1.0,1.0376363733413474,1.0526315789473684
135,1.0596720310005947,11.633913885682631,1.030752851924866,5.702726951970038,40.44222682588081,0.5899475284268413,0.0016862031373308124,1.0000010161802366,6.680741085653339,8.670103092783506
136,0.4120173981296317,6.986031283949915,1.4313250680072787,3.060028547871573,15.324663301645742,0.581417734909241,0.00013664633360105705,1.1763614670417752,2.7409641080980127,2.048582995951417
137,1.4986859810300015,6.527062164400289,1.356449289679225,3.6688548622495074,40.45636252561733,0.5731357193472942,0.0009372120055868749,1.0,1.472677415455572,2.2
138,0.9512100695988861,4.369578156683529,1.031916145861691,7.097733079560002,20.821279023169016,0.39771308006516315,0.001218382918251641,1.0,1.2095846255341336,1.3928571428571428
139,0.3643615531306932,4.3848569208255475,1.7922882755703433,4.906079385187708,17.799701151733966,0.12458022557205077,0.002400546715191162,1.0000001430542085,1.1144661236856468,1.1824324324324325
140,0.33326566370888033,9.264814918538905,1.5797094717887408,5.571329046689167,18.91237910096504,0.28107424360233363,0.000972942886499657,1.0000248532878666,2.0608401174829885,2.329268292682927
141,0.5721827490553346,5.93383918948504,1.6107752001857794,3.5318687555213133,36.56259658646745,0.5885610939863608,0.0027942883849830925,2.017535221088584,2.5652381593529037,2.2960048426150124
142,1.0374534270574929,4.00053948558679,1.0268244709538956,3.0149387613270777,19.193066294254105,0.32204892666297663,0.00046911350574314946,1.0000000000000016,1.1149752794871706,1.1685393258426966
143,0.5411352205737873,9.213058929234037,1.5630801819960152,4.971334493392777,11.984264619593464,0.6643706068475582,0.0033913672469083086,1.0000000072866668,1.796401353399155,1.515406162464986
144,0.3039067313905833,11.598649743275665,1.970614652208361,2.5031429252271007,22.185629223164526,0.41999836525644535,0.0006349811645325809,1.8724454862093503,3.4595023184863685,2.7107081174438687
145,1.3261180967042991,10.01302716291956,0.7957504060515284,6.910812572609091,13.042067978642923,0.6289247461353233,0.002228004330790268,1.0,1.1313921617421574,1.2258064516129032
146,0.5121281042412117,4.447421521216771,0.9892837515538861,4.753852154336436,30.270305736978543,0.05983671070726758,0.003517198044451802,1.0000000000001081,1.0438084994426993,1.0925925925925926
147,0.8985690737263177,7.798987900531666,1.9987951553065348,2.2980929782363853,17.911347934498572,0.27868412537302634,0.002331640783935323,1.000000000000045,1.1071406939223605,1.1294117647058823
148,0.35985728171740383,7.675619487581708,1.52943335493825,7.150614441062143,39.28031597138208,0.5664840037116775,0.0025549376571751448,1.0913628371278137,0.9448195933937588,1.0705156950672645
149,1.041977644870532,4.383296054733398,0.628622969138917,6.463344124341605,47.50263243021392,0.43871241346372225,0.0032458466861576604,1.0000001689483433,2.0002316594650953,4.110236220472441
150,0.6368764908803548,4.432459038017104,1.3382096573719706,3.7823328392152606,28.513719120407778,0.6517015973188715,0.0006888825869940534,1.608853401194995,3.883586351214602,2.7430626927029804
151,0.5883343518651847,8.917347594556635,0.5528763528519441,5.188683980638552,10.210725075684476,0.7190985318870182,0.004638051568349057,1.000000000000003,1.5527502214855269,1.3741258741258742
152,1.1182316627222217,9.941708929252096,0.5399805844906762,5.657879911770147,30.01862451964368,0.6643499071671366,0.004679752400186358,1.0000000000000004,3.4277940297446565,5.986111111111112
153,0.7713112651046596,8.115579542658654,0.6042661846041706,7.748914232980974,13.471420518259208,0.5292251916568259,0.0037873623537799557,1.0,1.2994901663337934,1.525
154,0.5923880272566407,4.553699165837927,1.3445862130938553,4.858928898461345,46.13001914243499,0.22399766132981214,0.002817944150200652,1.000007386814084,1.474063677794772,2.3878787878787877
155,1.4671973179728242,6.975586394720854,0.6489709189437016,5.633986961452923,21.442420964546628,0.2607770838804058,0.0035483831971479707,1.0,1.0600272353206825,1.0909090909090908
156,1.3882451691988873,8.152758221567739,0.9277138175907012,2.685637019283018,31.6321310552744,0.732353124324768,0.0027646436121773893,1.0000000000004226,2.25425757252396,3.5957446808510634
157,0.4305872097256802,6.802410245877865,1.0187364290630996,6.71449166496905,10.770946724671418,0.08607832051878554,0.0007237033534210152,1.0,1.027445252254976,1.0408163265306123
158,0.3890320935693473,7.797472722814114,1.2874433387857471,7.112432973566426,20.455883297785743,0.5568341661999783,0.00040418048174931554,1.7479169966159571,3.6786136136008047,2.7260273972602738
159,0.9271542243166806,6.349624731519627,0.501174276709941,7.187867560280608,32.87757893643956,0.0799595186498362,0.0009829765866405638,1.0,1.0314930754039768,1.0999999999999999
160,1.1849792434870239,11.021486188519948,1.9409104605458944,5.103658249969495,10.619724380350313,0.1283468701617006,0.0009538882558014423,1.0,1.0136915359703,1.0
161,0.5983693714203167,5.698203251628082,1.7023106679554436,7.414826993242256,27.45402515690394,0.10587478377245406,0.0038889124668027276,1.0,1.0706425084145588,1.1346153846153846
162,0.9065345118176102,5.433386817147123,1.2290535249268513,2.1222092098945775,29.29589198761891,0.4536870383756411,0.0011951265136360323,1.0000001006443444,1.5988472858023075,2.119047619047619
163,0.6589162275781073,4.90260407375727,0.6818785506087658,2.264099228875402,10.701320642554917,0.37840168063761037,0.0044829982062132515,1.0000000000032567,1.1152049319515882,1.1458333333333335
164,1.0375892889591627,10.260066751217524,1.9345567106181403,4.999308305113229,19.029545790472877,0.5592654754325428,0.0029165213602830252,1.0,1.342518977952197,1.5625
165,0.4368370235378924,4.404254437939721,0.7472877403428813,3.276501639667767,12.19320277668511,0.08854575119292583,0.00016573359402798416,1.000000000012779,1.034837587424214,1.0481927710843373
166,0.8042979437103861,5.481682209944581,0.7704574261944852,5.754919991247763,19.79324757836707,0.2303839185675779,0.003445344502431017,1.0,1.104656403524135,1.1818181818181817
167,0.6163917627464788,7.978354119633152,1.83126879823091,3.4062850347014075,20.884450029438693,0.4600961330991371,0.004174350627266133,1.0000006269234643,2.043414586033907,2.395238095238095
168,0.4320274213241284,7.717086285347251,1.1650271087946196,6.480260831156205,28.036874905663574,0.4077974731234187,0.002420010299780954,1.2996827014045225,4.231849576964911,2.969551282051282
169,0.44873042295971666,5.531608630851553,1.4197875444557677,7.707622274258985,25.180603954490568,0.3662274560311069,0.0015524962758879841,1.0194511916982198,2.955956832315633,2.81413612565445
170,0.509092301781494,10.703854751980815,1.512210178786326,3.01173872103071,33.14614929431651,0.6998740736020864,0.001866062567961071,1.3831550742174532,1.1674865124710578,1.3299113392440505
171,0.676510281273397,5.678289704937179,1.8919582119510292,6.836614707165419,37.44002344033834,0.5490605951626197,0.0006264386407813149,1.5328412082531133,4.532726887299637,3.1162227602905572
172,1.132248498462673,10.890185725462766,1.7839565588796176,4.777839925715462,35.290262085614096,0.6344900697968008,0.0023495227882812113,1.0000000006510037,3.9934715658547586,6.177083333333333
173,0.8568868433803951,11.305102168724725,0.5684325902918208,3.6725015548120195,20.416767256301863,0.11615799837280445,0.0022334267857690355,1.0,1.04152357511882,1.0625
174,0.7776418310883753,10.54472986153933,1.3394909218458921,4.356657976602418,16.19419851963887,0.3957700167231437,0.001999719382365279,1.0,1.2184584006981336,1.3442622950819674
175,0.5906746204987372,9.011962958469116,1.931518813835408,5.841903614491656,27.544353947523085,0.12517046085806705,0.0013473887699576815,1.0,1.0916632338146404,1.1904761904761905
176,1.0125046217609392,5.425292781849858,1.7862620113781515,2.7617108484751722,41.87344842309038,0.20558038432897452,0.0010321389207040182,1.0000000000000733,1.1056389389563555,1.2207792207792207
177,0.8270953583341842,8.049052311922075,1.2534653627722268,3.1675175628094117,27.03827730971331,0.20556627362924246,0.0017618482009792115,1.0,1.1163861637541361,1.2156862745098038
178,1.2660606082820889,11.646550610689493,1.116655157436434,4.608757577551224,41.44630597151315,0.7062407405722179,0.00013858123493338758,1.0000050202480872,7.993627212063503,8.903846153846153
179,0.8841412120741212,11.187552995072698,1.472819589798746,3.895958106928215,31.165423130539054,0.6056420168074128,0.0030786766290336145,1.0000670207738929,5.360715687040988,5.099415204678363
180,0.963105144958704,5.49888885791467,1.687225480449043,4.568877047066243,41.6031828903332,0.5660159991284437,0.0028618752626816952,1.022239475728248,4.40241239108069,4.3944636678200695
181,0.43124586147797944,11.014115606933796,1.8804585967475294,3.169015839341337,28.46978123783017,0.07000708374164848,0.003276628515047936,1.0000000000000013,1.065103756089379,1.146341463414634
182,0.5818091800313285,10.142232450598005,1.4483237280135677,2.930730631081267,26.26364062467131,0.7756632992423208,0.001962366182101489,2.01378538283382,3.229835478053673,2.6282335550628235
183,0.8158267464249758,6.564817856526702,1.3923120760115828,2.678284307640081,20.35448633849217,0.7677086649787727,0.0013111197336566787,1.0013048309348067,3.111322229544206,2.3994778067885116
184,0.4386155459449823,9.215225624462567,1.4580929684652408,5.751040564001914,42.694155401109775,0.488153256858527,0.0014803358557762048,1.1757981872658105,1.004575833783646,1.1545752825373679
185,1.2774682614896913,4.570352181622397,1.2164160850665313,4.552773199842502,30.65176315106781,0.050494375562739766,0.0016541312430307965,1.0,1.013096171748866,1.0588235294117645
186,1.0310564829076891,4.073231555971304,1.5481697338644427,6.011824303218618,42.48270768489708,0.6609126366262431,0.0017947107214803409,1.1720047703366496,4.8980017601343215,3.6625766871165646
187,0.9845176804245295,6.060784299736429,1.7246719599467744,7.710938660708424,26.604906878321778,0.09181877844786983,0.0044970778729880555,1.0,1.0318596278271337,1.08
188,0.3606550895175794,9.64880370527723,1.7068370673564823,4.562827819107429,43.037945124771035,0.19560493080457003,0.0010707724884114285,1.0179396622235894,3.1331518932143205,4.6581196581196584
189,1.018012770640927,5.376304337930686,1.5622758142673518,4.942954932482419,15.115702635622196,0.3173472571855115,0.0015193544888029264,1.0,1.084017583472958,1.1129032258064517
190,1.0446284314479295,6.664824166430757,1.7533878627598334,3.677623273772072,24.95774710206248,0.7489948397937273,0.0023960627209193164,1.0000009784230317,2.9573088749052965,3.2311557788944723
191,1.2814123774689319,6.811880686631541,0.7816246441525798,7.399843352541717,25.988086312429814,0.24362468314716618,0.002853607870804948,1.0,1.0759676531843898,1.16
192,1.0957913540120217,11.559612493845727,1.7402981983468608,4.009140580725448,37.17551343002425,0.15920041431432697,0.004471100138312961,1.0,1.0627074383195898,1.1818181818181819
193,1.3857410954569254,4.677165230313839,1.2072111005189723,2.912988605800436,46.52005176964306,0.7110989399215237,0.004548589528810666,1.0021487077803577,3.8823784835892297,4.639484978540772
194,1.3583826319062107,4.4956358571298365,0.7846845069871903,6.947852572214954,31.25828245380315,0.641255845877605,0.0019024926923603175,1.000000000000001,1.6033415133032698,2.620689655172414
195,0.915104062605679,7.622600208065612,1.9659705758477077,5.29766279341721,15.519012108416646,0.5293132367474704,0.003889098712869442,1.0,1.260098648595124,1.4186046511627908
196,0.4016072185157784,4.843676016824833,0.6308630789009322,6.011790637868794,41.3290651792254,0.18027960906956314,0.004221103091046403,1.0003318766401321,1.6955768995529554,2.862244897959184
197,1.1008726726308176,7.379364054245169,1.197998487070719,4.321033337168903,37.692392535660474,0.4261024653827296,0.0017799469225435922,1.0,1.4274928715641682,2.102941176470588
198,0.8492389709771395,6.739934243909809,1.3081052164536113,2.442973814057014,32.83724967919953,0.5248765538297444,0.004362735878572611,1.0003533116970131,3.0867728551626414,3.6375545851528384
199,1.1484578440524633,7.195853969958254,0.7546245261861576,5.415090635601929,33.850908297781956,0.789086116866495,0.0026254706482432043,1.0035456647366385,6.662406942456499,5.077981651376146
200,1.2932001780600346,6.159529439614219,1.7668272617460166,4.540398430458017,39.12986141689605,0.3700057190653266,0.0026962742549627317,1.0,1.1958433827849244,1.4333333333333333
201,0.7206481638296987,11.118713546352934,0.733002084940359,3.862704442135695,26.641378571133657,0.5285790631928924,0.003743786132020504,1.0000009551624278,4.423616593103615,4.538461538461538
202,0.7516941226661626,7.654165076907681,1.913270387340862,6.033745816382793,42.70862026343485,0.53572694008481,0.0012238170317948078,1.420777788760036,5.265952383446278,3.458333333333334
203,1.3075493131351819,4.810384561208099,1.695143276984823,2.9087281224904875,38.09890689864201,0.4038947017613757,0.0005979124965583771,1.0000000000002551,1.2273612207402211,1.469387755102041
204,0.6426362837982169,9.515124787262003,0.683960771827762,6.396840064361796,46.79969691358853,0.726211428067846,0.002341103374538811,1.1312810131122233,0.9343071068942133,1.1090909090909091
205,1.1773668676966558,6.792189895405604,1.0682345606558676,4.768299061644612,38.74041708044939,0.7453395909814149,0.003643540979296648,1.0122043396099267,6.379150915721379,5.113445378151261
206,1.0959783962435072,9.58157324166688,1.7724336680110258,5.466682089789483,31.6397751452161,0.06722696194536519,0.003595181625648638,1.0,1.0212633667948565,1.0833333333333335
207,0.7580420079943351,4.8401273418058075,0.9229222916335982,7.1670895762840985,18.16437393978706,0.7898936469387443,0.0038893870149099316,1.000617251567076,2.7801914436614448,2.108433734939759
208,0.7636470029690858,5.289813677167015,1.6460719011425304,5.242519531577954,31.642736679542487,0.41353298185552184,0.003207215243356171,1.0000014629405685,1.9570613309255989,3.0481927710843375
209,1.1217783913560297,6.641302168780177,1.9968969752054186,2.0275724662921566,45.34881501497417,0.6879531053785275,0.0022174949191762407,1.182993222953568,4.895869813508821,3.6208251473477406
210,0.7064025513156948,10.83849609790021,1.3188890200564547,2.6455046356366108,33.68498523260096,0.6012780073249532,0.003925620365816251,1.3431711685236087,4.984087519780733,3.1410459587955626
211,0.5254106082826913,8.371374629415865,0.5217320009569009,5.602188004841537,20.90916664583525,0.16065091981798302,0.001550785890532242,1.0,1.1232841526281054,1.2340425531914891
212,0.8460974641277819,9.558843601150173,0.714268465541537,2.516713512489617,29.322891825777933,0.6922145887817776,0.0019910879122501074,1.0594736479483415,6.013123487893408,3.718232044198895
213,1.3247963755285437,7.828237250658996,1.5309126043507153,6.425627550535415,21.556907852740267,0.12694296456320586,0.004058586973048419,1.0,1.0288844221361573,1.0588235294117645
214,0.9998008519748849,4.680445221538166,0.5914130466502394,7.879015264494493,13.345304717944666,0.43638015956754345,0.0005026759968546951,1.0,1.1135657473743252,1.1791044776119404
215,1.018524743343638,10.424290369292137,0.6791129032375933,2.641654982750366,14.156987862355614,0.4600381395593323,0.003844249026197276,1.0,1.1429220931053876,1.18
216,1.411006667290544,10.63731757578437,0.5257185050868397,2.507008123465104,39.44174361129065,0.5342974787853859,0.0038336535934020994,1.0,1.4659051145953497,2.152173913043478
217,1.025029372211517,9.862690227577644,1.5582595593441653,3.987339947605255,33.383932456617565,0.4780735718600741,0.00015184313990581177,1.0000000000000009,1.7194296169423244,2.8266666666666667
218,0.4966369306160159,11.848198432428106,0.7175021657369834,6.859148978104471,42.89193074253028,0.6466215491888831,0.004469013258314632,1.3339665557017184,0.9957350252061505,1.2508811942774205
219,1.4736998457008006,10.213753522943687,1.6402489805436629,4.604409364593774,13.957776009620332,0.47425109895549067,0.0012912572683517448,1.0,1.0806920601498746,1.0909090909090908
220,1.383347865763877,6.075021444993461,0.6918636114646602,5.441197115351539,26.79891700417543,0.7621974029237997,0.0029146324050288684,1.0,1.848037590457909,3.102564102564102
221,0.7051779454885889,8.482596932009994,1.9769947999296302,3.636456253498789,36.106265925222644,0.39639036311626225,0.0007177935919016171,1.0001160004990535,2.95540623256611,4.272222222222222
222,0.9125672107795213,5.804809330593035,1.8191541544762764,2.3830053377097924,32.34605836540991,0.15271279443898578,0.000984216770150742,1.0000000000002531,1.0726329466154592,1.144927536231884
223,1.3710534699153685,9.899514210749569,0.5223997414390465,2.492217166905622,15.279719361647398,0.7716775703532557,0.001558083196874115,1.0,1.2694112459854208,1.3508771929824561
224,0.4590127906273902,4.593296188317215,1.2627565456316518,4.131289595791305,36.43432978542839,0.3687585019264922,0.003298410434509237,1.4448356739196406,3.4140129713096594,2.7161214953271027
225,0.702892817458236,8.883638079710309,0.7732390388339817,3.102020393936819,20.953607234302932,0.2002290010139547,0.004541486347201091,1.0,1.1127110765002166,1.2
226,0.5121765248454954,9.178845571374083,1.5988318019341201,3.2610148589274512,45.25119946700879,0.7638465874844225,0.002738275327328919,1.0908114628025491,0.9548553672290747,1.0673057719193129
227,1.3203099471030992,6.482595828177471,1.8822627044395668,5.483800028079894,44.18566564884722,0.2698550834048504,0.0001012594609271128,1.0,1.1083774028668971,1.261904761904762
228,0.4605615919626444,8.324403448224095,0.8720169502224708,2.2568119449233484,46.90023581882887,0.4282015491023508,0.0003723647894062537,1.2331363669842157,1.1168221059521568,1.2170999187652314
229,0.56354127556555,10.853608384585044,1.3456841263502366,5.580983728920968,35.59441178226659,0.46117559795305824,0.0017235611099838534,1.392665180740759,5.391753918882392,3.469820554649266
230,1.2320683786451834,10.790275815915287,1.252305338643546,4.1689020453050185,29.029160243726096,0.06182069884179893,0.003282670171234103,1.0,1.0167177483317416,1.0
231,0.9364259026333404,9.147388237045716,1.96313926630685,7.007167861970817,14.666099288349788,0.5819662269574972,0.002948943237626666,1.0,1.283744483516291,1.4714285714285713
232,0.8437290219594114,7.851904478390763,0.5631809701609325,7.315051463801241,20.956534513937292,0.7810364948072315,0.0034773737130306954,1.0000060965819098,4.056363305690603,2.904059040590406
233,1.2283394085267956,5.114878052715317,1.9479806354263285,3.8999392747050075,25.786405631571427,0.7035023635387292,0.001871536028016581,1.00000000030747,1.7652391408265828,2.4551724137931035
234,0.6316514234593622,11.327114767109203,1.5829087493776575,2.2369546733009917,46.00116166152247,0.4029230198962069,0.0023387750595828933,1.2807981176891796,5.175210386366895,3.789373814041745
235,1.468246172370587,6.831779371635858,1.039725455068266,7.855368581280214,31.521118341900983,0.634839559269114,0.0006711806242729146,1.0,1.4633782981955525,2.2600000000000002
236,1.227350155242382,9.091586304696568,1.3475107689119352,3.771640675773337,47.9184354034834,0.40943401561420517,0.002986417121948911,1.0,1.3755476051477922,2.0344827586206895
237,0.9426543871757549,11.20820900049838,1.0595468442322793,6.782708517921069,19.1747541822825,0.2198273298865812,0.0029935204514722332,1.0,1.076642217545408,1.1363636363636365
238,0.6429638989498718,11.617190330813674,1.3373967107213243,3.326001306659398,25.653003855453544,0.5368398588741069,0.0004014676968472608,1.0048985843353502,4.822036586884749,3.6145833333333335
239,1.2547417285473674,10.564859248832493,1.1975342364726038,6.743144150808684,47.69742409311731,0.2040809868606232,0.0034556229429695564,1.0,1.075002431943877,1.2105263157894737
240,0.8201377770411824,9.989533068120187,1.252950148742689,7.587297107994682,10.973368962324406,0.22637113614841298,0.0011697369923402974,1.0,1.04248610151577,1.0689655172413794
241,1.2798569749903648,6.951096901835066,1.4492633693294137,6.468962434756257,36.50706102286672,0.20015854700449326,0.0034822243464430144,1.0,1.068410702017774,1.1851851851851851
242,0.40906209161924895,5.720316557109598,0.8287483759780947,4.8650977817001495,27.193210973486636,0.3440563345086895,0.004825939621785502,1.0774454407424061,3.223913364900939,2.7931769722814495
243,0.672898083337472,11.91480932348056,0.939809201635562,7.52253883528763,48.436249829324474,0.2429214969886312,0.0019615039328841556,1.0,1.5167149519356393,2.88
244,0.765164049000144,10.303016045975447,1.5218678585821,2.4802335026551257,42.37042636285209,0.4145636731860744,0.001097184949362574,1.0015463587632656,4.098301556230881,5.144329896907217
245,0.8701420948267184,10.15599559684659,1.9262972879991258,6.361633875375171,13.517929972998285,0.3744820846894989,0.00041584802634681727,1.0,1.1161215422041804,1.173913043478261
246,0.8225737011587713,11.761299095640105,0.9873086973222011,5.383501173899919,29.862138077419726,0.07641609129988132,0.0013283506317406735,1.0,1.0335443138650051,1.076923076923077
247,0.927425039092894,7.501393902989867,1.858304394519354,4.1126181986054355,23.54774526648704,0.4291109043011711,0.004993802954458925,1.0000000000000002,1.3234503025776923,1.5882352941176472
248,0.4226788454614762,8.465182389631941,1.17172728628351,4.248750354669159,42.91419495105187,0.42186344128306724,0.001528443283242736,1.6333122281344117,1.4064552380145814,1.5556923076923077
249,1.099784356045938,9.041501199522507,1.052139228130367,2.2486046573708434,27.748757253354725,0.08189315157303988,0.0033409292494081823,1.0,1.0255668967726006,1.0714285714285714
250,1.4187220943621488,6.475401438084861,1.869355118209306,7.4164495157703225,33.75026251146942,0.5095879369143739,6.168757284379933e-06,1.0,1.2911212406489119,1.6923076923076923
251,0.8668887052569569,4.7984858660553185,0.9459330377353354,2.94552931104294,14.995960676421998,0.15591039394163286,0.003551386640148019,1.0,1.0412671256699089,1.0714285714285714
252,1.2149476392272824,8.480181147752033,0.9613090642987504,2.278331590677661,23.228827724815602,0.6564156596204503,0.0024042759026479082,1.0000000000000069,1.5493894952102907,1.851063829787234
253,0.5338095546147203,7.961762608814882,1.1911639407212427,7.307504245734424,44.31742014649325,0.7981583313962058,0.0021030379974241497,1.0565739981274065,0.9568606309019162,1.0437763713080168
254,0.8993687257264351,11.761337708651658,0.5329674049351234,7.804915267722475,40.005531285228116,0.5619493561202249,0.0015027787994613645,1.0098365362362993,9.27410038274695,7.3433734939759026
255,0.5830641879010039,7.486810917697535,1.8744596756392973,7.528708154124375,41.881985487652535,0.43062311555966093,0.002934772170002678,1.439795062638142,4.475564465146166,3.1555252387448838
256,0.5659606721973676,10.902202159328397,1.4580525204989396,6.30400855559879,47.700578482437066,0.66975737695768,0.0032859070541401505,1.1837331574349232,0.939176223144313,1.1435351882160394
257,0.7149894580212548,5.986484833257177,1.4747462388449082,2.159434483087733,27.62284268136051,0.3788119359580572,0.002606646255886514,1.000001404609446,1.6034387844515743,2.0833333333333335
258,1.2381735737034676,7.141596646730554,1.281473083477083,6.478455223531,26.219631282575865,0.5393494773623124,0.0013926080567249377,1.0,1.3388824615951451,1.7407407407407407
259,0.7083106411020705,8.151080858794138,1.9466236539540525,4.0250576741603314,49.08746294885709,0.7808347393124078,0.003739087697955681,1.2774845570696034,0.9763980613619923,1.2123791102514505
260,1.019610236909173,5.147068988089338,0.7531075113451997,3.76651257248813,15.1057705787353,0.3736382168668956,0.0007730221120652492,1.0,1.1073274496937058,1.1515151515151514
261,1.4227651213490704,8.704034561901599,1.3742505535487282,3.3870847153752655,13.77110618999228,0.4432809671407512,0.00042716201965328884,1.0,1.0757463779613885,1.0952380952380953
262,1.2065819258269945,6.746773110979033,0.6017805123361393,7.867605203668704,13.74942167277943,0.7194958731534126,0.0016136942542297977,1.0,1.2267040836912093,1.3965517241379313
263,1.2829376529930618,11.671607928363409,1.1915573952341563,7.418659255096788,35.70619256894959,0.6875224600777743,0.0026971365584416867,1.0,4.026480582373489,8.017241379310345
264,1.3152569723710281,5.066402172417619,0.5012632100997474,3.1614936422360373,11.881296302897226,0.29604848992552907,0.003650029906695422,1.0,1.0385507765534137,1.0499999999999998
265,0.6503249381277434,11.559924265545707,0.7377804951909637,4.528762445231353,10.739239209634723,0.7829196973996544,0.003142634472125612,1.0,1.7192593669101646,1.462121212121212
266,0.8347488891528532,9.301700166257405,1.9335336125454172,5.861328414737942,35.32363720914553,0.459177210005913,0.0038087811984359706,1.000000062143109,3.014820634238973,5.105263157894736
267,1.1092096464277033,9.74659682556737,0.7871516327454509,6.310487895922779,30.603052143087254,0.6437615351723459,0.003979493896978902,1.000000000000001,3.1720134815277437,5.833333333333334
268,0.7411671568716802,6.816068026521539,1.625619692839037,7.985403908720302,44.81184601436417,0.0806794725898262,0.0006599104587294169,1.0,1.042336287758181,1.1379310344827587
269,0.5402125564727847,8.222507945224748,1.6979165342036102,5.12844796179513,26.496789571925387,0.45226629445996464,0.0008666755952791222,1.0338726123258222,4.109505978730099,3.2655826558265586
270,0.3418932935128227,8.443556205586583,0.5071410795019686,4.896170781729481,30.56060733987032,0.3481455916237433,0.00034343497930392207,1.730121281071505,4.013065138701673,3.0197505197505197
271,0.7771840839834967,10.31750040199455,1.0785162001143582,7.532404718126392,34.786050374026786,0.7553793447605528,0.0003006109388865197,1.8403984065976253,4.2789519549206805,3.102001906577693
272,0.6986073566893675,9.587202761525074,0.5598406551494299,6.10927960838965,10.539561902008735,0.5181433679556365,0.00460871466243795,1.0,1.203742709240042,1.325
273,0.6564416344894148,5.806991920662987,1.7732267960936516,2.6012249853883693,44.428038328652036,0.6092405664192126,0.0025324618495175745,1.9745541411873138,1.7455073128169072,1.8370855505525994
274,0.5252804931464685,8.927314970467586,0.5132492897073673,4.572630252941085,18.010121946957618,0.5990544947550617,0.003239691175948655,1.0061075492497287,3.1782036222124095,2.2394678492239466
275,0.8878029642547371,4.5682318276898295,1.9742144795932255,3.0486741993882513,23.833621311705592,0.26965630712654626,0.004649042781598309,1.000000000006789,1.1390588339221464,1.2272727272727273
276,0.39916339055112904,11.36078714226888,0.8882363405769917,3.700365603926911,34.171888861622534,0.3311958450302362,0.0023164120181858655,1.3582009967669386,4.832206557858656,3.391231028667791
277,0.6436985464836542,4.950325528489398,1.0942512965663673,7.717803920837526,47.71267698913584,0.1246832398406215,0.004891069474437265,1.0000000000000016,1.0977617147004586,1.26984126984127
278,0.5199197955908271,11.119567727353974,1.1981273082194779,3.083811179228383,47.88569216790555,0.7867495981510596,0.004021540976450302,1.1622042669085568,0.9574953459003057,1.1115466856735567
279,0.5080702681115314,7.395883743158592,1.1152300748607118,7.276853553299876,15.98190348975757,0.4540265777846378,9.400768375754099e-06,1.0000000075204878,1.9065829707823096,2.0315315315315314
280,1.4028249275644171,7.964401658663309,0.9254786751064604,2.062201358663291,47.7230713804099,0.39298717262394217,0.00240680199233358,1.0000000000000016,1.2247824313698334,1.484375
281,1.394127370105282,11.95358650975309,1.2793119261971082,2.9208178540928627,12.537658716110162,0.6898797201588427,0.0018903438416423607,1.0,1.1394882601463863,1.150943396226415
282,0.47161867838445204,9.547420779611851,1.2422960293242786,6.400010264110381,20.91365881636935,0.7108044288707503,0.0014852937769086244,1.8570911138025592,3.5782575436363584,2.7149280575539567
283,0.6634840829237056,10.507051636540776,1.2459871897671027,3.420329616183635,23.70331711081912,0.05282288165368883,0.003695701134560237,1.0,1.0251781189718485,1.0625
284,1.2027265610508555,7.643665418987668,0.7636236676699191,6.107633313603568,15.10348214197142,0.6737683348757622,0.0023058447122492704,1.0,1.2396857475728758,1.3888888888888888
285,1.2832919784161838,7.674683039214509,1.823647338647367,5.2475532147517745,14.185203284696,0.1488584583242486,0.0034034710684847608,1.0,1.0231405924367487,1.0
286,1.3839234270418135,7.269361488212256,0.6305083236625548,7.8994056376431185,17.369938329190823,0.7056836358878338,0.0034814929809082146,1.0,1.2506964773915745,1.4883720930232558
287,0.7388208915043197,7.612326653231248,1.3868101319085153,2.050784085472917,11.732272904183105,0.2126198122944672,0.003722488287336335,1.000000000000089,1.0515559253195415,1.0512820512820513
288,1.1361134417127543,4.9268148165486005,1.7216105836506985,3.666507222429429,47.458830058040725,0.4142540223494165,0.003691630044535208,1.000000001946108,1.4774699294420313,2.3983739837398375
289,1.386895399382807,8.022154087236128,1.7702959712720205,2.4254283403988555,42.8194939400283,0.79515625425974,0.0004354081187718806,1.0103701175604614,5.9045532543689845,5.1646090534979425
290,1.0957575412505522,10.992533330183054,1.1218720016416457,4.9837316735646375,45.44621549004161,0.08237784914145903,0.002414703700515659,1.0,1.0267733369215029,1.0909090909090908
291,1.2424481656669435,5.2327825074347,0.6522787668050238,4.314666424479395,35.42977278638442,0.7043886111026818,0.0025649800897492893,1.0000010986901875,3.450984540451781,4.916666666666667
292,1.0509590244584854,10.003834282663972,1.099904613521423,5.961718417748114,40.94062938660394,0.282108225088568,0.0016510858958171492,1.0,1.1771282375643197,1.4375
293,1.413692358172267,7.780939183144109,1.2765955093227255,7.747670133744492,14.179934722738432,0.24117958443694498,0.0025050793861607925,1.0,1.035810918575391,1.0476190476190477
294,0.6828879271857882,5.417681560000778,1.953387554023789,5.928817540857624,26.473853266741298,0.7262339747257619,0.004127405778703131,1.4180041831632273,3.794048765981892,2.572296476306197
295,0.9298710777325592,10.761059679126902,1.0141820740067045,3.344262635833852,18.081912796440342,0.6836341582191909,0.004209682080982703,1.0,1.9485697945647098,2.438095238095238
296,0.8358379958563849,11.777960121599861,1.198976939208332,5.783222526933079,40.988055607127436,0.5707147133086145,0.0017554681483111074,1.191271418467123,7.851384804503999,4.593667546174142
297,0.5168506859260906,9.876468793231957,1.2053802268932112,4.730349707086109,29.37216641991812,0.5053645731916214,0.0009278560877054809,1.4906060759203592,4.740242609679889,3.143835616438356
298,1.2206767924437871,5.122913101234799,1.917602525008732,2.7923261581447756,49.574302852724315,0.16824470363816918,0.004853461690765409,1.0000000000000009,1.0580098805807954,1.1333333333333335
299,1.091901355416734,5.48161367581086,1.653683368055206,6.1070277659453565,25.188313609982018,0.6837192039617153,0.0027415088737231643,1.0000000001512188,2.09794662196843,3.044117647058823
300,0.6928494688340168,9.839306497657397,1.6175801595053674,7.305419798327681,36.62955340722578,0.6169566658897263,0.002709093677116733,1.625757618406691,4.295702493046122,2.9709497206703905
301,1.4236618160133148,7.910390775465808,1.579535442295573,3.989772129539091,46.50901016934695,0.19244681987525458,0.0012878979776372163,1.0,1.0573016688936487,1.1428571428571428
302,0.5831618137188497,11.480817249737395,1.8722953538716443,7.66365448452388,16.32415727617723,0.27333152053837395,0.0047363951741358256,1.0,1.1821694209521432,1.3018867924528301
303,0.6365267204762896,5.774517952332168,0.5742520862668311,5.970631654235653,12.018570647073737,0.17771154051302374,0.0035178652771142814,1.0,1.0501140398731081,1.074074074074074
304,0.5318050409049833,6.776825317407779,0.5870668685746987,6.119606170937423,40.658179632472766,0.5635863259919961,0.004377647740816267,2.0223259974238283,1.7191107952501654,1.8492484526967283
305,1.4034847647259745,7.165051426902916,1.1108097955219869,7.191834927354655,12.507057905314035,0.6772306470291949,0.0001224772095366744,1.0,1.1235771018547902,1.1818181818181819
306,1.0460143985711419,8.015255491399397,1.519244175146124,7.707261513261082,11.77467147623204,0.3987257321586994,0.004689700564515184,1.0,1.074783566922836,1.0999999999999999
307,1.1159297692956047,4.62816923162452,0.780090533480726,7.300642087736199,37.118417070100456,0.27652824350773075,0.0008429166547230587,1.0,1.1408644422740015,1.3461538461538463
308,1.4792026435349006,6.866990184678147,1.1041111120921865,3.7007865957094905,48.328088560929785,0.6771220327152481,0.00421259476818492,1.0000000844233132,3.5488124498546263,6.285714285714286
309,1.0855899002804559,8.934737910119889,1.2036340241055372,7.216237628262513,25.00594021317284,0.24712084105280113,0.0009548399680076808,1.0,1.0951909419213026,1.1923076923076923
310,1.3886295494637917,7.438638330552987,1.7751800610762418,6.880271516597492,41.55735673731822,0.4411597194999744,0.004970811423481918,1.0,1.2658793360587237,1.6739130434782608
311,1.1672534972405262,4.0432384563413075,1.0982683812762872,7.198846691654691,11.333071196713078,0.3065491822008175,0.0043673990080832425,1.0,1.0418730184560592,1.0555555555555556
312,1.4274057521465118,8.605124482142973,0.8661812780214231,6.0699518221752555,18.862434426295543,0.4877007766513434,0.0011833176438444083,1.0,1.1330012321524148,1.2413793103448276
313,0.36020859293046303,6.179619602607274,1.4621156286215162,7.148660242560907,15.615583812748595,0.2927634205652085,0.0038258325047404963,1.00000115027519,1.5001038029594593,1.6872427983539091
314,0.7189300713155452,10.336924051160722,0.733910448664506,6.455521284010182,31.2737437623,0.7171451136729707,0.003033921614097333,1.5750498745388772,4.4568609729625495,2.9684848484848487
315,0.43905640621256303,5.61468372558589,1.1982248539834348,3.431431560581996,32.93151915739348,0.4840396852004205,0.00012673880570957032,2.156723815260187,2.786987056102945,2.4997094712376526
316,1.2135571723138066,10.95809224460939,1.943641813137423,6.961715120950803,41.86770385161948,0.6234935085340865,0.0034342842111658852,1.0000000013497519,4.8538580070046535,8.132530120481928
317,1.445132547988435,10.584389715235437,0.8271565840718327,6.766813601137672,11.279878282284672,0.763523639848388,0.00434173531809525,1.0,1.1218784357789868,1.15625
318,0.3366871132420356,11.697933395577287,1.7453893145896633,3.2455621312718517,45.04238789854311,0.14522967163762873,0.0009073593875299624,1.0000601720760118,1.833961769784344,3.4295774647887325
319,0.47440601190805964,7.604144603749764,1.696155819204197,3.225954703876911,17.196018121338753,0.09299094098929152,0.004939098799893603,1.0000000000000324,1.0536437001995977,1.0833333333333335
320,1.1246219066398822,7.816422368113579,1.0198692012768682,4.869954418873197,32.56936057742114,0.7140726214424541,0.0007054819690201625,1.000002805104714,4.9479393196103985,5.577464788732395
321,0.643208182605401,11.32166088937114,1.52594810842036,5.569022934100626,48.9736441656781,0.47127884949646015,0.00351884783227866,1.693005305212046,3.462899448367309,2.7111111111111112
322,1.4324612454958552,6.827330482025206,1.4485141641765351,7.372800354200171,47.17712195706966,0.3347742236543339,0.001134739098319979,1.0,1.1417572246744916,1.4
323,1.395272344011771,5.513830791634594,0.9353146169645947,5.305070718006013,11.544948857919707,0.5197242674637969,0.002663926015562534,1.0,1.0702618448481738,1.0833333333333335
324,0.7819225327942978,11.91189646946433,0.7730220937949777,2.556119874092162,37.88643851027221,0.20120318924673847,0.0032387478168611696,1.0,1.1577543628736433,1.3783783783783785
325,1.1971623741023742,4.452061330080465,1.0026504090687798,6.5008494604777445,23.503343453925275,0.20052777569302915,0.002680062311733924,1.0,1.0596092680613582,1.0999999999999999
326,1.0429919118747852,11.729939208906146,1.697330212357719,4.159419190806641,24.822286517635412,0.29432108724332373,0.00024048870206660355,1.0,1.133870228392565,1.1944444444444444
327,1.039669185520954,6.670047796220816,0.7452848972575921,7.5004096149408355,40.55105661536735,0.2443644880747941,0.0003124990725321286,1.0,1.13431739087486,1.3513513513513513
328,1.433152978630934,6.585509873543239,1.9221788762952716,6.1899427597565895,31.5071789989043,0.7877153288561254,0.0023000614944948083,1.0000000000006688,2.4565043288488684,4.288659793814433
329,0.8388367680412305,8.830519367049664,1.140530323748857,3.033441458438914,34.41696233737571,0.2306319176787467,0.0041832564925999086,1.0,1.1658192773102152,1.3396226415094339
330,1.176253458170312,10.185016110945789,1.316898979240708,2.978709419293076,35.23336066200734,0.4158631147188294,0.003728709432780903,1.0,1.305688035046403,1.5964912280701753
331,0.46899701613676487,4.811348320172252,1.5054263701728157,7.556083024433155,15.099227517948336,0.3139717563551649,0.002835424025004731,1.0000000094872943,1.2947627701154645,1.4450261780104712
332,0.7652023314880385,7.733072714518976,0.5936751283364397,2.0477301959078433,18.555828699777685,0.3572745445944638,0.004643843843799878,1.0000000000000133,1.2314403857719556,1.3411764705882354
333,1.077172159655005,6.975875359763903,1.9659872855620337,3.676232315310709,25.266635214381644,0.6792330813708862,0.0019878193517308463,1.0000000013240624,2.159853798058336,2.945578231292517
334,0.4232107442225844,5.022770309107972,0.7107409541767185,6.4371115384017905,12.843346463569851,0.2525317622420306,0.0019165546340254313,1.000000000073787,1.1700507672793843,1.2533333333333334
335,1.4032907856311603,8.049542192127081,0.9774824873989705,5.949014945500095,31.082533206720285,0.6985456791117348,0.0015309248662646107,1.0,1.85267038346715,3.500000000000001
336,0.9667070045234845,8.944601368079613,1.1499938466389925,4.169626112022959,36.333111442965496,0.6214950585183637,0.0001255965277835608,1.0044785495722728,6.408801391910574,5.6450000000000005
337,0.7022462233519907,7.248480081571426,1.3648901735957952,5.571259902970314,41.76382364431551,0.08769905148841724,0.0042941065044232365,1.0,1.0509529925335528,1.15625
338,0.7867658864849918,4.831831317031171,0.5778688028681913,5.091814173408077,46.99459009953773,0.5959499484302251,0.0016407608875087592,1.7939270665156406,3.3353395244070447,2.6494435612082667
339,1.3123570305460157,4.711954790132858,0.6962308295877566,7.134403416649767,41.44688224563188,0.505914900234429,0.0017706764008279796,1.0000000000000007,1.489435674743879,2.5657894736842106
340,1.1409361128478637,5.505433076148899,1.6744393251647942,2.4802005716609505,27.965146250788013,0.46818842858413007,0.0049391411854982975,1.0000000000121965,1.3110619337549712,1.5333333333333334
341,0.37196379702478666,8.020898160385874,1.2267475031586226,3.257226175212948,19.19771085812835,0.09974157554379713,0.002537770506331788,1.0000000000009892,1.0915498215561132,1.138888888888889
342,1.1899737914117698,8.674721968810662,0.8906870708385701,5.43009687069112,35.5380359860127,0.17164793448404475,0.0006680705593211212,1.0,1.0610661288535645,1.15
343,0.9920900362883887,11.028884254917369,1.3852332283574698,5.6494913770200945,33.38119836558444,0.3023473665359669,0.002422051749326803,1.0,1.1986403563562313,1.4
344,0.9928089213585118,10.904378700961537,1.7516151046098967,3.2237237672198784,46.413140716262255,0.3460846860036595,0.00320344576131864,1.0000000000000018,1.4190915548498537,2.071428571428571
345,0.6887082930708409,8.684758661270667,1.3323641667857558,6.362628109378869,32.96877331241867,0.18015697954273507,0.0032098459966508385,1.0,1.1442685521606277,1.3255813953488373
346,1.1915350804874678,5.567331153853962,1.896330574203168,5.904151503106898,29.373229139894246,0.36393963695348297,0.0041995171959421,1.0,1.1743582031892146,1.3559322033898307
347,1.1499135516658718,8.631120534470917,0.9288237964250868,6.035125148449763,32.38362694946946,0.2489101743869258,0.0006212518993992627,1.0,1.105521952157204,1.2307692307692308
348,1.0924949080762456,9.237384851232012,1.1563719784925723,6.504855540755662,19.320014575923125,0.1926832427971299,0.0021500497390465473,1.0,1.0538450586456434,1.0952380952380953
349,0.7865617937947611,7.173666087213732,0.877962244433233,7.601459566650555,31.96788956910051,0.2664411492723102,0.0006232925402038103,1.0,1.2338569939386852,1.5660377358490567
350,1.4397165673951353,7.151223878610643,1.4265021872449342,2.9581491067526207,42.252899015911986,0.3635539880873028,0.0035815606546315184,1.0,1.1612472027895933,1.3214285714285714
351,1.2623766412544706,8.32300601892143,1.6074715389710446,7.221244918969535,19.61597276862355,0.2278139067672515,0.002798161191175255,1.0,1.0561996279766992,1.1304347826086956
352,1.0286682984075861,6.001315818052206,1.564340142681075,4.345094529241145,28.461170440026777,0.10850609994459241,0.004775008452158845,1.0,1.0381136892824754,1.0625
353,1.1598470470421587,11.567773910430075,1.3828403296028635,7.503815774410613,49.94806590500819,0.07810230062698116,0.002599595095998978,1.0,1.022677637486264,1.1111111111111112
354,1.466702320714379,4.659997828240037,0.8569391066781131,4.413002690052479,40.0086800618035,0.20323186167399138,0.0014532744252539415,1.0,1.0589157685267339,1.1428571428571428
355,0.5990814332638636,8.44928970536408,0.880365610014254,4.436431734253448,32.96355724439711,0.7009106344746024,0.0040557306717584765,2.0191231210288185,2.585876713805406,2.3119795003203074
356,0.7188523659660233,10.2340725745597,0.5693507752430995,7.563449697884408,34.63970433323777,0.13392692563519504,0.0046677144071405755,1.0,1.0860833006891408,1.2083333333333333
357,0.4758727388837205,7.886040686121853,1.9285460325493031,6.364757393361196,37.462265041297556,0.3725150194887753,0.0024821195241890247,1.3970718569438463,4.398801573763331,3.1923641703377386
358,1.1794007875071646,10.903901055697096,0.5087725462737411,3.364705422907247,26.46069886162038,0.4873355085787712,0.0038145355975699713,1.0,1.3124560572566113,1.631578947368421
359,0.3153838470953885,7.50049881909458,0.7165623456581762,2.4284116166475793,45.435821801168295,0.35742118341923396,0.0006468198847763007,0.9940135021601703,0.9146688447487448,0.9945994599459945
360,0.46420107049526327,9.616624466828306,0.5215086891700185,6.924011781163009,42.667952564289735,0.28833580093559846,0.0034808880858276164,1.0886381370036124,5.25624548811107,4.955479452054795
361,1.0283631559109514,8.642366767919786,1.962615116563747,4.384568601117451,28.98418982073663,0.29117125862541604,0.0015291546451437505,1.0,1.1527246143829741,1.2653061224489797
362,0.5583820460093927,11.535369562940181,1.4087500424809118,2.969466191354779,38.04086324304955,0.485922466620812,0.0048452600602216876,1.5925042344346108,3.7433210454248624,2.732047159699893
363,1.3149827846686148,8.677840136418117,1.2819890669431218,7.617301295006565,41.15320716313818,0.7561354995965821,0.003719876436768349,1.0000906139910917,7.40274139145215,7.6000000000000005
364,0.4062647601239617,9.173719746058163,0.8692115697952072,3.215451568306616,46.17617524954534,0.2505594403999878,0.001998311041864421,1.2373733209954476,4.501698080817291,4.052173913043478
365,1.1026658118120314,7.017361202267402,1.0637427515030038,5.903144121781225,43.9960988675556,0.14453823643402808,0.0034483575355905047,1.0,1.0545623296465891,1.1153846153846152
366,0.854334348052763,9.062746174530407,1.6941988599935232,7.751550861445815,30.763419694933187,0.3549859482355307,0.002166381543061029,1.0,1.378567102973999,1.9107142857142856
367,0.8574797994706289,5.515715910403897,0.6945070831038052,7.886175853878362,25.565858790966697,0.4529855474611228,0.00364681129213272,1.0000000000000386,1.5525229084152352,2.2886597938144333
368,0.6924424402440634,9.973492830314555,1.0916701629939112,6.458875399924556,16.805453915978546,0.6363689549780114,0.004411367049479817,1.0000000000012363,2.5617505814411468,2.4516129032258065
369,0.4637153544781619,9.926832614451568,1.4598262563252065,4.5727409129519625,26.873801744805178,0.39385841221195067,0.004706476340558302,1.0359917210699947,4.05900760971565,3.1972972972972973
370,1.2113521830985279,7.088377143339499,0.7191517612268216,3.4577980990941173,15.012544249718406,0.2067354131735839,0.0007650535843985179,1.0,1.0391442642893203,1.074074074074074
371,0.7107174279530625,8.07326011924536,1.1055821147142924,2.128920403934062,44.793120406360714,0.7545768932297597,0.002268183311381409,1.2951132282672104,1.0538894116626298,1.2470788187805397
372,1.4066023829532135,11.783067622580557,0.8843474021762969,6.2049235793658895,35.15525889080722,0.5643577125448169,0.003355132762363941,1.0,1.453460802123554,2.21875
373,1.4489577693801656,6.6811353155667215,0.9139395700761337,2.509065169077236,39.8824057830264,0.2491275300796904,0.00043369803124116704,1.0,1.0814799563207231,1.1842105263157894
374,1.0902355660347445,8.901075510629843,0.7253751753842923,7.083397529065045,32.40677273290688,0.24871026812366787,0.004240963060480571,1.0,1.1142065444150455,1.28
375,0.4882030454880041,5.413479589180089,1.6781033579409317,4.983555496934125,45.53937030812597,0.4160266640592894,0.004491526722918697,1.9111667893143338,2.238385349269354,2.1153388822829964
376,1.3267058463781367,8.211348123111424,1.6714157663461395,2.200781952647656,19.178853760728337,0.7035871802031402,0.0025870937798499593,1.0000000000000204,1.3413052164906696,1.4166666666666665
377,0.710384512920422,9.979732333152263,1.0999495042151346,4.7687941422041025,46.23665990127489,0.3410384867586466,0.0030569269247472937,1.000007618185781,3.435362480997688,6.379310344827587
378,0.9530945227720264,5.041658352840075,1.3291932633613808,4.017175184962521,38.28126692048957,0.7938034683604015,1.792494800766431e-05,1.6688771879650444,4.501054895601999,3.0557275541795668
379,1.260274227509355,11.254968531719733,1.064483931020297,4.642266425950114,11.480072898632878,0.347362168470002,0.004195847364297101,1.0,1.047055867975581,1.0416666666666667
380,1.0693243974350812,4.959272556718554,1.121010843092747,5.011978201728072,39.77851001800643,0.3991560619503242,0.004123110429506877,1.0000000000002134,1.3936987953907076,2.088888888888889
381,1.2275638004539726,10.343204459578924,1.926169568141197,7.297617291350208,45.242775663436824,0.6158179157305388,0.0017141363922862241,1.0000001368632643,5.495215403726031,8.619565217391305
382,0.7467825683672005,10.458439718913905,1.5793910158003577,2.3800740538955605,34.037865701615786,0.733533677231337,0.003171186241357063,1.7305630868008537,3.699829625328224,2.7116104868913857
383,0.8727559074714262,9.809858027772442,1.109061835118773,6.866098967839046,37.27048409969108,0.2455425894789769,0.0007975733720689566,1.0,1.1822454798440252,1.457142857142857
384,1.3806855956661066,10.114222927037595,1.0190108538680849,2.6479322238123926,30.768080785069785,0.44067151733190496,0.004433083705024076,1.0,1.2101715709557017,1.3478260869565217
385,1.0874102499654907,4.6553330695074395,1.4276486417880756,6.238769426734,19.084471764303522,0.6064530390786609,0.0012450186242635058,1.0000000000000002,1.3509205563319726,1.650943396226415
386,1.1288407972541665,11.68554392870291,1.4466776467592215,3.1193721982783,33.85179139954084,0.701270688365041,0.0027596690157757693,1.0000016125900208,5.4417531104078565,5.785185185185185
387,0.48046836944706606,10.921607214454198,1.700697550014897,4.581582123589605,41.86437215181982,0.5441436293441676,0.0010266993520389744,1.1029920613292274,0.9738209055351735,1.0931555844578116
388,1.150665162136862,8.325414864183422,1.7913856363171494,5.012568336314701,45.814230224614356,0.6213807772236524,0.0046283077124337595,1.0018876976100362,5.813402657047218,6.285714285714286
389,0.8182386224607241,5.593396729107146,1.6480721683267312,7.880396667085623,35.1975913139169,0.18229314193870716,0.0018643677809720611,1.0,1.1136607144300634,1.2641509433962264
390,0.9652583602823797,6.330860446177004,1.6797356241309767,7.616572475813815,46.69178285363044,0.13107013392575761,0.0006682133187081957,1.0,1.0569604650962614,1.1515151515151514
391,1.3060882778071476,6.279975799386082,1.8071445158252444,2.077425339604084,47.335588902302284,0.1917897613927258,0.004320550154673051,1.0000000000000373,1.0647777679600778,1.1475409836065575
392,1.1965111852011159,7.010301930114431,1.1614090132555188,2.784543210183059,19.10093403506535,0.7601080189084028,0.003346347090860193,1.000000000000008,1.5690056796644705,1.8620689655172415
393,0.8299557489070779,7.694197025598244,1.441130853325657,3.2123138927179644,36.33415376281759,0.4066537088091599,0.00325471090649095,1.0000000419423052,2.0211828822786853,3.4296874999999996
394,1.2382808822495401,10.561965165429005,1.254688687759733,2.080803870430947,18.15151225814528,0.3428110820697043,0.0009457297057477565,1.0,1.0953955682310192,1.1224489795918369
395,1.3627163085421754,5.1686839169947225,0.914380698495231,2.6538831055078487,15.83313195667066,0.5842594183282126,0.0019500196883380744,1.0,1.152715487798579,1.1829268292682926
396,1.1210653820945442,9.165966480251198,1.855316932417367,4.915620935310795,34.98929228121665,0.48862920780168373,0.002238356858058145,1.0,1.5905379567970344,2.5294117647058822
397,0.47544812287711347,7.243402728423586,1.2836368706221815,6.849695586026513,21.29645441977626,0.21403100140899184,0.00021132048732664277,1.0000000000001013,1.2488642948848772,1.4666666666666668
398,1.0271953766950943,11.891996903206401,0.9888025616696315,4.065427229272979,34.58323482740073,0.20282785862505232,0.004358892427689576,1.0,1.095390170021517,1.2272727272727273
399,1.0253953127492421,8.748866594159075,1.729496146531227,4.655491339267907,38.276647485104185,0.4821092546778272,0.001321254508312622,1.0000000000108773,2.1148224729262464,4.122222222222222
400,1.1145181617267241,11.024876101874941,1.107650891341824,3.776807713241539,41.64788545349221,0.6363481372749591,0.002443783741830725,1.0002694553129912,7.2229211862336005,7.33093525179856
401,1.1313608602693184,11.228238141304306,1.978825701563209,4.613088206966494,24.56255711402607,0.4889272023322914,0.0023809695648701022,1.0,1.3071897106618167,1.5294117647058825
402,0.5147416556679196,5.979077527748729,1.7306782552778173,7.599945579671584,18.907935664541633,0.13791171843538386,0.00020362466876114814,1.0000000000000002,1.08944453851179,1.1470588235294117
403,0.5325275913157406,4.628982539924714,1.3145399540337546,4.199342025423155,36.894867924940925,0.1680207561555922,0.0016279066238255036,1.000000028564945,1.2200319905256507,1.528
404,0.7634805420037427,6.2829317240594635,0.6407755177229438,7.667735730205283,24.01814233575862,0.5031840180498053,0.0013682160150381207,1.0000000004344027,2.1830679115595597,3.180451127819549
405,1.3368206397673372,10.67208821645972,1.8041571470405977,4.645438572194568,33.31096788236148,0.3910645498610102,0.000827418647669686,1.0,1.1853457435121708,1.3243243243243243
406,0.5489007767955032,6.4352218585014205,0.8633348442576769,3.9571816779832982,11.470936651207118,0.518977794501995,0.0016144498355760933,1.0000000000341203,1.38658197602967,1.4155844155844155
407,1.4386393802711186,4.427190559610082,1.680805848886592,5.913872127643043,46.08927332942375,0.3602689330904488,0.004158853452478319,1.0,1.1603364012181845,1.4193548387096775
408,1.2139780857078757,6.468767329005123,1.9393486226427006,5.642154321955533,42.339723478170555,0.27159870207500686,0.00044435723376906876,1.0,1.125389379232679,1.3043478260869563
409,0.725353940223854,11.03824030644531,0.7696409120284184,7.269986699988527,41.885816258088724,0.12272330665509461,0.002726151895539809,1.0,1.0786006761024387,1.2272727272727273
410,1.1740349560555863,6.210421810539543,0.9781353215440822,4.57404336075927,39.19477986290798,0.31748419713131376,0.0019051511024642637,1.0,1.1740575434875515,1.4000000000000001
411,0.6564483275945865,9.34687358157005,1.7433380614465523,2.0480157439815603,14.778178158924531,0.21250089012416873,0.0025735159900127746,1.0000000000006803,1.0875058709682048,1.1058823529411765
412,0.733973229422104,8.601909474001788,1.4436945819997584,6.783502270291105,35.712082962909456,0.6598699053439578,0.0011834567668667117,1.6567223552221435,4.55473670049842,3.0992196209587513
413,1.3664538175530219,10.496753822396197,0.7699181689052699,2.1535281575638883,42.43723237332102,0.5672932987152886,0.0018901143963247363,1.0000000000000322,1.8794317542921883,3.1917808219178085
414,0.4096986355219492,7.590471042491783,1.9287988885814402,2.1234290364744206,17.551425110559087,0.14640421576337093,0.0014227654563055221,1.0000000272530878,1.1241574805311276,1.1791044776119404
415,0.40958490261559566,10.563733584784226,0.5980886244117196,4.65009879324778,13.67967399265735,0.387235204615848,0.004323705593125053,1.0000000000056686,1.7162726684448908,1.8177083333333335
416,1.4308451996092137,6.509832899566322,1.395333671253419,7.127357742510359,36.95023727688985,0.32269519921702333,0.002877987370738634,1.0,1.1201035057704545,1.2647058823529411
417,1.371110707109623,6.277141126456756,0.7374746239569174,7.483393845488134,33.376260017958444,0.08201233637180548,0.004783826295162703,1.0,1.0208223930505906,1.0714285714285714
418,1.490321255232846,4.6134506829501465,0.620422346466001,5.98482345754477,39.313382793481594,0.18884892650303287,0.0025613942230050613,1.0,1.0519884647107913,1.1034482758620692
419,0.5064162313997378,8.21588158098529,1.7907076490895322,5.507814435016522,13.922082209071709,0.684340443015544,0.0028474203232554916,1.0018551350624587,2.260396087025299,1.731568998109641
420,0.4216607809623552,9.769504573919473,1.5574095109563855,3.067119898733809,35.39621895854588,0.6113138859636498,0.001747456332275812,1.0838904118883368,0.9364949931817087,1.0715509854327336
421,0.9602949058475203,4.657282777044064,1.0217514984042155,5.263477319459741,12.670942677632123,0.18849631192642452,0.003133568680453952,1.0,1.0356380161043777,1.0625
422,0.6799116009782928,8.618825884822154,1.2195489405770261,3.0677146821005987,21.792644911331962,0.2684479941069461,0.002697589263235646,1.0000000000000002,1.2047802523354734,1.337837837837838
423,0.7374166709498273,7.196279817103188,1.5840443125131372,4.528935081847696,32.185302569683984,0.3136836767751812,0.0006530810302643547,1.0000000000025135,1.425527719396119,2.0106382978723403
424,1.1984801410798338,9.042809605455751,0.744773042410915,6.159787047161802,26.311124558447617,0.32526540713619606,0.0035336502338352838,1.0,1.1304017958116608,1.2692307692307692
425,0.790976898817729,6.281685526694118,1.2542946621730073,3.1193383247560487,25.645865505407983,0.19135619586531455,0.0025391554685868707,1.0000000000000002,1.106181061231799,1.1904761904761905
426,1.082777880370449,6.329169530443345,1.575548479763425,5.662693433373098,30.886585063595582,0.48614859744541633,0.002785398438471178,1.0000000000000004,1.4838364307260816,2.197530864197531
427,0.5507557697873653,7.802920445773012,1.8934562667278962,4.605349560206224,35.33392326629202,0.5544592526499579,0.0037817197270070876,1.8353131414103598,3.040306267037432,2.4716834755624513
428,1.0381285288011823,8.127872770504215,0.7648221944756495,3.827704558163153,44.530972031320964,0.12597850009231137,0.004108493414935773,1.0,1.0492831136885468,1.1363636363636365
429,1.0139230110808606,11.400062631662975,1.67976596073626,7.543038851367405,36.09463863252131,0.7817906301047606,0.0010079858261260828,1.2521708671776166,7.725336550904283,4.093333333333334
430,1.038403078632697,9.2211909876766,1.9499617084662264,6.755499062680775,35.36169442673564,0.6086412971800217,0.004681497694360402,1.0000002636694694,4.378463274568553,6.02542372881356
431,1.2459110703094096,10.527565378160329,0.7525835155902121,4.109184120303686,28.768953241163665,0.6762410221772476,0.0025753975657337867,1.0,2.135889086030171,3.8833333333333337
432,1.2701418447377149,9.732912510482258,0.7603920761234879,5.862342588122993,34.10392843772743,0.6157490192685963,0.002769617207932028,1.0,2.0415109147207753,4.365384615384615
433,1.094593276375982,4.560122695482258,1.314007826099699,7.42895148745456,29.10925809801601,0.42798941598559126,0.0021088461594074375,1.0,1.2888315211981434,1.65
434,1.2379857291486887,9.539834786075907,1.3109733377886004,7.784735844476654,47.78843982594538,0.6011214520369657,0.0016445784352874416,1.0000002286378273,5.600517029599912,9.11111111111111
435,0.7618379423648078,6.864549268237009,1.147465821946157,3.8187671959023826,33.26729356148266,0.29768603602393173,0.002964637056501393,1.0000000000002076,1.3486684122532668,1.8139534883720931
436,1.2792209926619886,4.368256399325169,1.4901121615315038,4.553546702386027,47.36655558349781,0.2670194330971403,0.004150969420028061,1.0,1.1131151687423195,1.2857142857142858
437,0.9275235757403693,5.952836912021366,1.5987148494731886,7.865217918837025,42.622872787604834,0.4099920653810989,0.004461744740105885,1.0000000067256765,1.961798669354586,3.9633027522935778
438,1.1813197543219962,11.597638424089663,0.677358981926469,4.8808966422215665,42.42512927540328,0.17708246697594354,0.002183176215235736,1.0,1.0664020257218196,1.2
439,0.3862814141936295,4.310905963729699,1.110220803964002,2.977558000432335,24.960726619541127,0.7151413620624449,0.0010823359384129333,1.1357047480101645,1.0102320865436552,1.1178170144462278
440,1.2736846452498034,4.121438606584356,0.5829897749381807,7.095020658815595,20.468884879741033,0.4683950650736001,0.004774899847671726,1.0,1.1627138184603651,1.2950819672131149
441,1.0766341497188983,4.984884507423778,1.7631903034138217,2.5624990606589853,30.009270523860767,0.12639419212465203,0.0008106277125458094,1.0000000000000044,1.0445944574336339,1.0727272727272725
442,0.7687531454402119,10.444664452145052,1.7113784650212498,4.3827927973112955,29.861405639042214,0.7730542841700223,0.003993470573514387,1.4854341581179942,4.3953270166667915,2.8617157490396927
443,1.4236987128032905,11.387094227352144,1.910198139395638,5.271364240133593,37.66352755024899,0.6922133641871783,0.0025965159341904184,1.0,2.671020076208502,5.619047619047619
444,0.8686596501015431,8.29451252506911,1.5662532152233193,5.906413665569128,22.458775369304377,0.07635211470947013,0.004241919510662285,1.0,1.026974565353991,1.0526315789473684
445,0.9483981986337329,10.76217147228462,0.783250691780303,5.906802004992779,45.32857245903922,0.06545711545701881,0.003936428383999691,1.0,1.0241365758673948,1.0
446,0.3568131932808282,9.914285207645975,1.5038845496213447,5.657319346781375,42.619701297904975,0.4282792051937765,0.0025428517313640544,1.1991988570416054,0.9723216165627192,1.1640933572710952
447,0.6970600670516692,11.579624230523123,1.4876453906372076,7.048096172710794,19.799038389083144,0.48064214870830363,0.002951547809722599,1.0,1.8942728619748506,2.781609195402299
448,1.4602864097307848,11.294370526112163,1.245417014180312,4.84313920432861,36.2478441055319,0.7413546722786702,0.0026859687900245848,1.0,3.103640709922341,6.3500000000000005
449,0.734554528389928,4.814982938500428,0.6787549246073572,6.544246148475979,42.883265774468796,0.6006823574755883,0.0014222533308955554,1.811633365035124,3.4411456169774,2.694915254237288
450,0.3407919069223778,9.19077360124301,0.7552076515421408,6.014177089936216,19.78627308763185,0.32305506516215615,0.003629804024843601,1.0009534309555495,2.7251774732763816,2.493788819875776
451,0.8964159471877307,4.521575980390115,1.4345141788328157,3.441492952028734,41.80540744960838,0.7052489909000698,0.00282601509979005,1.6161068871890136,3.703201957991221,2.688634192932187
452,0.6022389782054174,7.542563868823738,0.7613382317042137,2.1336181308372053,26.366494278036846,0.13572228289771787,0.0013822525346052978,1.000000000000033,1.0986609131949399,1.1964285714285714
453,0.9960105102366805,9.838857765116611,0.7108832945412242,2.4600133708957372,25.63180686260196,0.2085812360403238,0.004957457935503499,1.0,1.0878279020792885,1.1724137931034484
454,1.2117774884104533,10.545303285189174,1.5421006478701762,5.930168402080589,18.602356515324978,0.056485031675080496,0.004179468716787397,1.0,1.0117174436385736,1.0
455,1.215055574311825,8.168923335427909,1.2250822927842029,2.6900921438242262,40.31212281062233,0.19843769089789887,0.0032415452467836883,1.0,1.0754331465615616,1.1999999999999997
456,0.474369798904997,8.433067022215901,1.3080202949598545,6.415228046092379,19.7218162492611,0.7249362738988536,0.0037759865519710395,1.6736428675982415,3.3086860220340437,2.458171206225681
457,0.9649903370602797,7.623238472763073,1.1697323554829488,4.791552013931052,30.11586839335169,0.6177686501255548,0.00020160061579348244,1.000000544876258,3.6988636879690793,4.696551724137931
458,1.4960790484055762,8.543688499968809,1.64157714334382,3.5869560277416705,14.223891132498213,0.471116135577992,0.003575928187935491,1.0,1.0806347150030124,1.0909090909090908
459,1.2461022900433207,7.286439825701103,1.1463294586755066,3.2709449950328278,45.45948831169981,0.4760626880132729,0.0028918136055125117,1.0000000000000615,1.5935079741692644,2.719512195121951
460,0.812603398125298,6.546032594074783,1.0955437787081055,7.821116011590805,13.796782774415362,0.381770239425696,0.00038000414310888686,1.0,1.1366743043940422,1.21875
461,0.9846729118087285,4.1256055192581425,1.925871486745735,7.991380458989415,35.97379078594561,0.42450887638215246,0.0006189789034472926,1.0000000020384303,1.5305516778701909,2.4285714285714284
462,0.7643141619951335,11.819390534957627,1.4301736826307596,4.844660896452256,27.533538592081616,0.5518290924096771,0.0032228304564303496,1.0000015777880544,4.631224326664298,4.759740259740259
463,1.424004595908667,10.04957214391418,1.0338759703275668,6.788875444291171,31.198874973899745,0.0950828850839409,0.00018121132075402612,1.0,1.0233082429177323,1.1111111111111112
464,0.680211223264332,8.551038099886952,0.8024388073157066,2.2256643106505294,31.72679899156231,0.6564775113617474,0.003550060349393775,1.5463864540034153,4.1517011426861,2.8183934807916184
465,0.5375476166172694,4.65070449301107,1.3891529490451329,2.946822176771997,23.53668018012119,0.40564437291629213,0.003850832508760143,1.0027865815646428,2.1219499911156996,2.280653950953679
466,1.2071684313131765,10.806582669128717,0.7062848323229038,7.866984424940864,39.54093747789596,0.323625890009195,0.002601581781127852,1.0,1.1727125773889606,1.434782608695652
467,1.4011937645022383,5.9498708760770675,1.7898004058187262,4.836027443497009,31.940782343686767,0.5350079753454077,0.0032379446675944684,1.0,1.317071563550335,1.6714285714285713
468,0.8044520316685544,9.826347924791625,1.316529817732711,3.60586418311364,37.53021544202354,0.0872915912657629,0.0021958555356683565,1.0,1.0426850182620593,1.0909090909090908
469,0.32605516267165896,7.764828518591615,1.7455771354989762,7.607877678115305,43.58432693335337,0.4448689758991104,0.00341833135033467,1.1688917227388833,0.9395899587143907,1.127168479858865
470,0.9662275819189463,5.792516421436035,1.75891231200665,3.907768066478675,11.361668882664052,0.3320037583400609,0.0011608364508053682,1.0,1.0604537590906074,1.0684931506849316
471,1.3629291769733367,8.766125490055149,1.7357188262987444,2.122425765735816,40.02424021543017,0.3850832644802851,0.0010532533340852396,1.0000000000000104,1.2022433492587858,1.364864864864865
472,0.37057069058949066,7.908054829694864,1.584084037677285,2.1956048772901893,29.790820877173942,0.2881503403716609,0.0014564389678275909,1.1301279323868934,3.2022996248585756,2.956262425447316
473,0.5106476309626291,9.931997849261286,1.6169916899835195,5.547529458012402,28.75216083176674,0.7757927026922803,0.004109151967129177,2.0533637549567745,1.705229857969169,1.8441879637262983
474,1.4281268370221292,10.544484949174414,1.4707507725762576,2.009524950179813,12.902130683117111,0.38294282546878183,0.003474379637237607,1.0,1.0571191487062654,1.08
475,1.4163998283761856,10.417592463813385,1.847919143981975,7.230507875567035,32.65624879807707,0.5266543187030598,0.0022960391064700174,1.0,1.3126819800224132,1.714285714285714
476,1.3827141837747732,8.84396030107943,1.0725513338119796,7.928650161233578,20.67448570562253,0.6204472932305883,1.7688061270684785e-05,1.0,1.2536444971688883,1.4722222222222223
477,0.9190540418701234,9.789286786304096,0.7683349428289761,2.1195523443393167,13.209862857958154,0.7122656884578623,0.0030013239710651196,1.0000000000000069,1.4462748680606627,1.52
478,0.4791034086829211,9.063797815380042,0.5180217386004611,7.642058859591721,22.82455177418319,0.2606027692177773,0.00252985373693309,1.0000000000000084,1.4705782714259736,2.0487804878048776
479,0.527513925783017,9.469252749895599,0.8843288832922254,7.319990539975796,14.226243583945593,0.6886305861167215,0.0009392928761866781,1.0001171651516236,2.4585317606527632,1.8293216630196933
480,0.6171644826900713,7.686540636600507,1.9535457797258042,4.9782235310327305,40.80375202751588,0.36694758883709017,0.0008205083221708193,1.031946808524791,4.243141010829954,4.6079136690647475
481,1.367128278734597,4.649883383253832,1.4743585669824528,3.894281350642766,37.051430338578456,0.7860281376627503,0.003199968433129558,1.0001632684737567,3.580579872296394,4.326829268292684
482,1.2783323966890672,9.385106629562339,1.7497531425632433,6.903180953253361,18.11837229380254,0.5661998838034391,0.004880566625766825,1.0,1.199664451860872,1.2926829268292683
483,0.7041742633356673,6.4087377058086705,1.9307018122754085,6.407689008037538,36.83600802073549,0.19755813048743004,0.001598792853129547,1.0000000000000007,1.1761923891230728,1.426470588235294
484,1.3611209950840786,8.44036410978459,0.7187522589562254,2.7927813310174274,29.617297197763797,0.6409966920955927,1.4539409143757842e-05,1.0,1.589881054954868,2.2238805970149254
485,0.4238767545784708,10.446059212594669,0.896098584801283,4.873431593262965,19.66376219636008,0.7107613874737396,0.0035235646340517545,1.8906223353780156,3.1572647597488532,2.5020678246484698
486,1.0366298732060797,8.666713499396039,1.4411738726055887,2.700042537918182,19.217010927853188,0.627353710212244,0.00034008991419652134,1.0000000000000098,1.4919541229412914,1.7247706422018347
487,0.9858631207054684,11.786919666528622,1.0757260141846925,6.870327460933661,29.85176737974491,0.6914349442424516,0.004427364171880188,1.0000002420402594,6.563119300937625,6.133858267716535
488,0.8841729211690912,6.342740005856039,0.5959469213481701,5.702628933136766,23.605220996722757,0.30407188764638954,0.0010372075556468558,1.0,1.173372378920294,1.326923076923077
489,0.4309091439315871,8.511238578104471,1.2152096827718848,5.21272328423391,13.646571201391883,0.6595312275271515,0.0035213344553202052,1.0446125782432174,2.3847637056339552,1.8043143297380586
490,0.30859715650373315,4.827082907559385,1.9071789549451772,5.760254745231487,49.53753771883044,0.51624726878928,0.002253635674453846,1.0518868249298072,0.9756120007629232,1.0
491,0.9636178242415767,7.605298183627097,1.8800225845010086,4.448549350806374,47.274661418128986,0.26521091973159633,0.004006445116408125,1.0,1.2028660745847328,1.5322580645161292
492,0.9887480148073142,7.735900294609764,1.862015614566255,5.4495161584589855,41.15346100449271,0.6953363254790027,0.004564865764831517,1.238540271995585,5.785567021512188,3.5423076923076926
493,0.6500333811304291,9.999097145728548,1.8201534162435538,6.717785635755226,16.522616396262375,0.31475910016243486,0.0004754494710461077,1.0,1.1989885162756688,1.3278688524590165
494,0.6024328939499415,6.296711592991047,0.8315317443178476,6.986904397755812,33.35460313219999,0.23439260663913714,0.0026112884153680063,1.0000000000010592,1.338191440966153,1.8470588235294119
495,0.6545785624890659,8.404824264967147,1.1142272698838158,4.696290622252863,48.802123672189474,0.5071839438415595,0.0027660962216190465,1.8762827999551162,2.8039117318618954,2.4408450704225353
496,1.292731859869359,11.064475829464447,0.6177792426914253,5.735558111320224,12.669715497967111,0.5449493887096576,0.0027030952040321466,1.0,1.102548825824911,1.1538461538461537
497,1.4012972643226467,10.814823601246907,1.2846688534153035,4.883806112455109,15.709345229459979,0.4202765309503474,0.0016845465789848914,1.0,1.086488998585747,1.111111111111111
498,0.8449753457434579,4.967212647903955,1.5250184318821283,6.228536924624497,46.54593869210713,0.18576296292008304,0.0039725045679071865,1.0000000000000002,1.1229142464524982,1.3181818181818181
499,0.5477629729910292,8.120264507299032,1.4056922446455955,7.810323550278328,16.255156719271902,0.48879311097439077,0.004848816894368965,1.0000000005658563,1.985086019442523,2.1121951219512196
500,1.4122666976001228,6.682608113091884,1.6657659924480772,4.151843970875506,13.017712894666937,0.683710376560704,0.0011088229312137177,1.0,1.1348573258698795,1.164179104477612
501,0.3958673380858273,9.398859590471996,1.714936889236809,7.671832595681799,43.28964804234912,0.4954727307491393,0.0027194996051156523,1.1546539948751944,0.940451037733294,1.124701385570951
502,0.5033821465182874,8.17911694405748,0.6227338408648817,4.043518361115309,18.266813877972798,0.6368979246027263,0.002826038165360446,1.1397568101704152,3.3245691686218266,2.302250803858521
503,1.4463385718359298,7.680315964939281,1.5443181387362075,2.027538721156615,35.311107594072254,0.7662650143376388,0.0014188081181312007,1.0000001354360486,2.6969456129372475,3.645161290322581
504,1.0075911746600414,10.850071968149567,0.5415407296847818,3.688884162435903,44.59426001135312,0.2928063486511998,0.0019636929829801386,1.0,1.2286899855034894,1.6176470588235294
505,0.9852149569810642,10.198850344725736,0.694378722580981,4.152950880671714,44.83523577115593,0.41419427251844215,0.0037905205688023107,1.000000000000004,2.0508466201182314,4.761904761904762
506,0.6832895247444875,10.257015214362823,0.5591126372255588,5.358243383362048,28.835468389704918,0.6523730132181849,0.004375377477842786,1.2855597681973185,5.03314850309774,3.0633561643835616
507,0.9185906294822936,11.393442489148683,1.1318415299011209,2.729654001143248,21.40170678940128,0.7583930437610664,0.0045395514191214174,1.0000000147679446,3.6576404364613997,3.2162162162162162
508,0.8503120794484251,7.536530331199778,1.257713690084223,3.128436614998309,21.64287637070933,0.4791965689766616,0.004929607883592354,1.0000000000001714,1.48126455392627,1.8363636363636362
509,1.4638287640584784,7.2637273647555425,1.207548391800417,7.012507702700836,40.22503952546432,0.1292906277926112,0.003252635007256251,1.0,1.0330206195066933,1.0625
510,0.7374877274601981,7.6563074597432275,0.8730270280021633,5.521438870104641,33.36703938839958,0.14733507886601954,0.0022282595828334636,1.0,1.0940848058452546,1.1891891891891893
511,0.956949727824356,11.669295375917063,1.4281171795679006,2.047569190852025,44.422759973387855,0.45815298006564625,0.003772325313048369,1.0000021345480632,3.1595026696215185,4.912408759124087
512,1.1397168658227155,8.495273225488106,1.8562286143782551,2.585405567102068,33.98692768676611,0.34896915952850976,0.003662025793547887,1.0000000000000009,1.2064396177498005,1.356164383561644
513,1.0415689933912191,4.343358404072672,1.863044815314462,4.7823151684850735,27.447687058892733,0.26422993633342456,0.00481276685952021,1.0,1.118958265256705,1.2133333333333334
514,0.6367450161271855,6.434463804900611,1.0318406452657471,2.8117483158416805,44.132707937686476,0.755302882841955,0.0016041950558046524,1.0585310770640906,0.9197035250430299,1.0497402597402596
515,0.9773919436653846,6.803429648716308,1.9157480286322388,6.094850568365997,38.451682945165324,0.06822290047951561,0.0025871282547225943,1.0,1.0250203572085461,1.0476190476190477
516,1.351308356585941,10.062089155202512,0.8175760287505878,4.929082318499485,39.82377009611268,0.6970224932285618,0.004915392149843081,1.0000000000020925,4.489501232609228,8.0
517,0.6416161808496597,8.066130094775021,0.5770385980872461,5.461336576422447,38.61030393482743,0.7978619328713393,0.00034955174580113437,0.9983759635482138,0.9290024952976831,0.9983986203498397
518,0.5390758515839909,4.2978539579481305,1.0355221021598409,3.120980545694289,36.14650784779938,0.2130515854349881,0.0012262167813533054,1.0000052134890802,1.3732355551808009,1.8863636363636365
519,1.2773872614764674,10.962038681543946,1.8006619025656696,6.842429786555166,15.263011261931755,0.3748001827131328,0.0015449697638215054,1.0,1.079655439753034,1.1153846153846152
520,0.5853307907651452,6.785557936659855,0.741466091883568,4.258850042663323,47.83047240972847,0.5262781155755214,0.0032765907631286625,1.8987782433578533,1.5899593861882688,1.752191235059761
521,0.7895339868236688,7.848812682975041,1.159417380798564,2.096501220076595,17.731556038202445,0.7433400293670459,0.0004856729144068811,1.0000086205104086,2.559233900538644,2.157051282051282
522,0.3386871358353265,6.103825398840316,0.6921520740730323,5.661477210948953,13.815397710482117,0.5918671161614086,0.004144104497247072,1.3182461359005553,2.5717050361275415,1.963004484304933
523,1.409203849686681,5.566277961964691,1.9166524609785605,4.039915411409046,40.99645423211395,0.6390985831729039,0.0049593259046897134,1.0000000022398963,2.029735649556388,3.6803278688524594
524,1.3697118817812874,9.944402738926472,0.5266725125395255,6.47878258272323,45.17571840638639,0.36457724619598625,0.0027155717262131785,1.0,1.1851287583011023,1.5416666666666667
525,0.5435538770537646,6.2908162515705435,0.5055489991852509,2.654965796768145,43.25862860450394,0.2371671431527707,0.00014016529117386934,1.0000102195386376,1.8480489587197046,3.391891891891892
526,1.1363888563566809,5.845604105735734,0.988770166754703,5.638158654991976,46.526381710660836,0.0805488013961473,0.0048665766962842395,1.0,1.0246748072778402,1.0999999999999999
527,0.8006849302990484,5.226513744141735,0.983538276988444,7.961453024345944,13.217497463123955,0.5734880911416569,0.004195720431343819,1.0,1.2930404100636623,1.4573643410852715
528,0.7099880426583121,4.403583954893384,0.677436426557501,4.641985630149417,38.960601737959166,0.39881562476145843,0.004633604668798638,1.0036427662813596,2.8927701689285406,3.853754940711462
529,0.9188746233873308,5.337124489872429,1.9757261049832302,3.02832727421702,17.520794037652472,0.5274729750313449,0.0002692373672945514,1.0000000000478595,1.3093526128542963,1.4458598726114649
530,1.137226661275026,9.85174059277361,1.1498606337629966,5.2724517828562645,22.071026999710913,0.3483520252146765,0.0004830302664405145,1.0,1.1344124011782961,1.21875
531,1.2422618255908773,4.095674843613426,1.4521259857378674,3.680743964496263,27.051229708788288,0.4153852335460319,0.0037362864948814168,1.000000000000001,1.1901606628472385,1.3406593406593406
532,1.4205649767770347,6.690450847906087,1.6973190676754837,6.172618605510094,48.083877712077154,0.48402512823546934,0.002894789186063387,1.0,1.3993555301536431,2.2622950819672134
533,0.7799014795961181,10.989403810329218,1.5289142449402857,4.569675410265546,11.794434961428525,0.7584507249981874,0.0024047414881219354,1.0,1.6262749152525726,1.6325301204819276
534,0.9948411344352701,7.856927472133977,1.2506424809141943,5.784269947795916,29.20588191723436,0.7764291415464075,0.0027352127364218817,1.007549254962363,5.90103180681209,4.010714285714285
535,0.702952491582175,11.4036397937959,0.5737232398482193,6.445288159017405,29.137331763407097,0.631929834887308,0.00414999033988344,1.1698360416291906,5.79164243720659,3.3628509719222466
536,0.9837237708534992,6.80067199966348,1.2463279981705788,5.607792008626436,11.121556624267214,0.10983260710396332,0.0039664571112522735,1.0,1.0152509887439514,1.0416666666666667
537,0.5455682253514855,7.096376678353079,1.0856954492539097,4.451078910079519,25.2196326673537,0.06810272536211824,0.004334200425746423,1.0,1.043545314645146,1.0857142857142856
538,0.4552859000827322,9.72801069061099,1.4888145215683923,6.266314594728011,47.850397719900556,0.4556527108624607,0.004965584390791407,1.6843565242859786,1.2520927028932851,1.5241220872989827
539,0.6544074697193485,9.777465254033705,1.33339919841393,4.107495476826428,41.40359318940848,0.571600241756271,0.0003963907669251443,1.9618897906946184,3.426711125506393,2.799248120300752
540,0.8864121774650529,4.149057612666369,1.897593856364871,7.176391624342115,28.85229488329363,0.05742278907536448,0.0044621221525766265,1.0,1.0218379402486317,1.0625
541,0.9669971933377706,9.684740200219913,1.4870502197297708,5.764942591465216,12.175170600550294,0.7265311610693739,0.0023789472826928532,1.0,1.3171060611131626,1.4823529411764707
542,1.317180534678829,11.896507164271853,0.9873317464969332,2.594118369646141,11.126461316067061,0.2506806340823157,0.003300576765645671,1.0,1.0287445282133623,1.0499999999999998
543,1.0095416790464529,11.598573272358685,0.5973793320532452,3.9598061608087782,12.19320485775798,0.0516682335740835,0.0025108760619373077,1.0,1.0078114936690379,1.0
544,0.6409529114394104,9.72351715281087,0.771064613131085,4.294116273530646,21.77211222787536,0.34879359433756124,0.0008392741383510133,1.0,1.4491198007330006,1.92
545,0.9692137365857851,8.769627467395374,0.9294297950528014,3.5052048717350965,37.89313311300184,0.25425553093174036,0.0043600974883448865,1.0,1.1616844204414554,1.380952380952381
546,0.42481771957117204,6.964608008913505,0.5160677519919512,6.800218741802089,22.545138491305188,0.5409249328684674,0.0031559350358176053,1.548096427297794,3.5692601931858383,2.564927857935627
547,1.429537831575005,8.109354620761472,1.6841158915024685,3.724195407519619,22.128524050757804,0.3629264218326268,0.003069152654810245,1.0,1.1017040435727883,1.146341463414634
548,1.067930327566709,6.816463949263722,1.0851804696797496,4.6289104382975115,37.15668184334525,0.5314309677836438,0.00018390673689326454,1.0000000008094252,2.3905300699165277,4.528846153846153
549,1.2313600433857608,9.179728633898264,1.7794555295721022,6.15679074417241,47.8927811847592,0.37821849022868853,0.004299660692836349,1.0,1.2806650401742428,1.8181818181818183
550,0.4374133177175439,8.020093279484072,0.7135991107042807,7.265839904621126,43.263345780936454,0.6732159149096926,0.0036458324802822956,1.1531576218387034,0.9491033401355572,1.1102709514807814
551,1.0818260433038627,9.025121102098169,1.6407726212393965,3.312486751823014,49.062800878308494,0.08259695330551463,0.0035288261717921743,1.0,1.0266878488312765,1.0555555555555556
552,1.0371800878636983,6.688295005057729,1.7216851007084628,3.314907535421132,48.19426410034844,0.22141818050353418,0.000537723538516956,1.0,1.119914199774246,1.2950819672131149
553,0.8745511658351175,7.980305860502052,0.6931463876228368,6.976376633309241,37.40918993613991,0.391750839611453,0.0034672748555881028,1.0000000000000053,1.7744698217974932,3.5
554,0.9171256501352352,5.802999606873944,0.8787917163532974,3.375481721491617,22.025345929290793,0.7480131351187148,0.001370276565759962,1.0000083580283154,3.057635595317854,2.829365079365079
555,0.5365100885683624,9.837726309659708,0.7709300994319248,5.160588577771659,37.210098153390355,0.3868627120241413,0.0021134818030694134,1.1763855050159049,5.79755983180379,4.129353233830845
556,0.611417489175813,7.758138175842888,0.9278901157877104,3.4172068070444865,24.399675737593395,0.39291566160381136,0.0008617811549809296,1.0000000331944534,2.0384620019790893,2.8666666666666667
557,0.7431546512879532,11.863934055070755,0.8509393566209917,4.167129783611661,49.9054838670907,0.11224756581530458,0.0015066009173778734,1.0,1.0667059224151851,1.1818181818181819
558,0.8032640519517746,11.270553985988883,1.9465047357167615,4.585422735020368,31.560946396529754,0.5169430782410597,0.0026903076991280656,1.0000049410684346,4.246088006943023,5.102739726027398
559,1.4747360989819494,8.381785621616288,1.1608853471680178,5.694577569883924,18.440795961124415,0.20853016100448257,0.0035478042223515984,1.0,1.039475675281695,1.0555555555555556
560,0.8503298867874316,5.042032575637196,1.10111902630443,6.13893007899595,43.80205185559009,0.5244415502404184,0.0013639344110170505,1.1399699347881818,5.119257414048446,4.11138014527845
561,0.5179319670659028,6.844278254919651,0.5684333805965058,6.227424850857298,20.317191284645112,0.7277764320589253,0.0034884343037817588,1.5515495974149363,3.4629171010655155,2.473456121343445
562,0.733639210762937,11.860229782408668,1.8425043883100418,3.8062821946451626,12.880905283868916,0.7252859810084642,0.002988257134944347,1.0000000000000198,1.8107952245069554,1.736040609137056
563,1.3133282918598472,9.371428119033375,1.9654882281042594,3.323768665803903,34.02588227188696,0.24290864039607496,0.0019200294974420452,1.0,1.0864894719768121,1.162162162162162
564,0.32218010469480957,9.310775238431177,1.5051609294441208,2.5156867705533426,19.017457509398263,0.2501774184661318,0.004703172314104893,1.0000609926151423,1.7295082382010234,1.9885057471264371
565,1.305497479512202,9.566418617883626,0.7389607206672939,5.398598911050961,44.64044763322391,0.7850015736300757,0.0023271906585084416,1.0477898850801437,10.112007360520437,6.3539823008849545
566,1.2622059270680195,7.549771229003223,0.6890132834658955,6.448559869991048,37.01946168458856,0.6201301238266586,0.002594710600705246,1.0000000000000033,2.472781485363035,5.428571428571429
567,0.9120320753702198,8.548997275263837,1.3447192778281587,4.206426392477204,43.0124940705496,0.08315974714372708,0.004962386670049093,1.0,1.034163529117391,1.0999999999999999
568,0.35700375934792106,9.649341258593228,0.6979775329853211,4.095986574152492,37.95011911361434,0.6865544327466592,0.002615967288909586,1.0769114519791874,0.9684851775096318,1.0557932568885846
569,0.8279647932339136,4.763417148553786,1.6018611371250582,4.78269396612203,46.75432039004758,0.4651649224823352,0.0017741000016095116,1.0848452081993905,4.119256838203246,4.049350649350649
570,1.269010212134783,8.026249484412888,1.9677782826965675,3.265739837361395,33.09940924875218,0.705856529590847,0.004531649719812141,1.0000000083899097,2.7255942553442236,4.038167938931298
571,1.0766542762872746,11.661986492869508,1.5186343446173667,5.085791507172527,19.149445773288505,0.7142049315837677,0.003668825928088814,1.0,1.7564120745616958,2.4366197183098595
572,1.4362122752430047,8.436101166572707,1.454535343790554,2.251607754969896,20.682021978693186,0.5157606538317677,5.1563297871559665e-06,1.0,1.1693814392439597,1.1999999999999997
573,0.9407184433271776,4.9741710848659615,0.9875257012121132,4.5858962547413995,25.24749652348906,0.7506700010735279,0.0013893681444251589,1.0011415107814374,3.687403050618732,3.115894039735099
574,0.7789453579133383,11.771072326158912,1.9744159090180435,3.4319005053033207,35.35114120379315,0.44327823575157804,0.002024805902508243,1.0000026785618266,3.43725777179415,4.970802919708029
575,0.5371945592740615,4.577778710509416,0.754999300068099,6.725884791085067,15.718577399425824,0.7451075291552129,0.0006448836575866163,1.1405709544685754,2.7936435919623426,2.0335195530726256
576,1.3986669401035552,10.27478340506634,1.5093766807318083,2.5292303190374303,17.66008291520035,0.5031542546991198,0.0018797141248263639,1.0,1.1381984101788734,1.1607142857142856
577,0.35637107275385,6.161158889006008,1.0340198950072557,6.567185601319128,42.366733975701955,0.34906548251772607,0.0007306401594726092,1.6524752849720517,1.4757156741687458,1.5893021826006763
578,0.5137558747555376,11.574347315778372,0.996486424544345,7.902573535410639,14.517558294878468,0.4466312265261706,0.0020410081698210964,1.0,1.7764995077828134,2.0820895522388057
579,0.7212643862308068,8.472402690887794,1.8307027571405663,4.823834989215593,14.962023921231676,0.4516544430384864,0.00037510240510625517,1.0,1.2892152265576882,1.46
580,0.7034716256488229,11.831500686791092,1.1122588183401003,5.8787973471721315,47.770398917241494,0.09766905834627755,0.0009229250413692969,1.0,1.058897457296098,1.2
581,0.6872447126034784,8.787716736137654,1.6736930595768191,2.240405255829269,27.961254935407286,0.46726295435712845,0.0004368378671204154,1.0002986570026147,2.900337256050279,3.225409836065574
582,0.5132741625689093,4.540194933867729,1.744173516054771,7.009865452299905,27.7363543250617,0.3355296594228658,0.0019923680064952492,1.0013289864261146,2.149550951015645,2.72887323943662
583,0.4246685966749877,10.413473476412019,0.7342738413460637,7.675013603189676,21.37436245345292,0.40563691005276287,0.004467342797719504,1.0018097848471625,3.54864561325232,2.790769230769231
584,0.6627139260008319,11.760325132999782,1.9159162868458608,6.318467638258936,11.712967024815505,0.18368803193150396,0.0002838998714025326,1.0,1.048108817439641,1.0588235294117645
585,0.4829557698452992,7.485861657275728,1.8668779456835218,7.374124417513,39.810160098848755,0.4601033770028603,0.0025494455386920883,1.9980066640328267,2.626975401893124,2.3710292249047016
586,1.3415907935751807,8.353215769189688,0.597541415787121,4.683676946427113,19.138624853081616,0.6197115539528812,0.002635438967766592,1.0,1.2411362134282056,1.4390243902439022
587,1.1001057726247356,9.166545014351232,1.8421118326018462,3.9377355084142946,19.721375496429143,0.6675344305920583,0.00010536481746370952,1.0,1.5345524664691859,1.9
588,0.4451203823724545,6.41497319699241,1.7888895275728505,7.432653139570535,39.59860917941239,0.05343321632891461,0.002978647272868455,1.0000000000000004,1.0480243047614108,1.119047619047619
589,1.412858571815489,10.759988194604723,1.5291723575659153,6.383813274546466,12.011651376226453,0.6719422911728062,0.003796144473762125,1.0,1.1140776070990608,1.1428571428571428
590,0.41820219202647035,11.215839640899457,0.9941951689723667,7.782459809655006,27.02160769720463,0.474262751473931,0.0023599103509811866,1.6352546251900366,4.023987590705049,2.873303167420815
591,1.2864937599554758,8.4703199551821,0.8405726866862293,5.9778055274161135,16.211993063189546,0.26660249532840136,0.0006108540065437467,1.0,1.0542581159525408,1.0909090909090908
592,0.48117866653698105,5.536068456100131,0.8802142284618539,7.396528513073344,17.357536630667664,0.2151551399413838,0.0031400257490076635,1.0000000000002502,1.175856818525052,1.297029702970297
593,0.7570897888995556,6.098476620913592,1.542431336594983,4.980942690454569,44.017315412187024,0.42014703990520336,0.0047604075221302986,1.0148365439473788,3.8572776790807,4.515267175572519
594,0.6145835015869576,6.048373316770871,0.6097298961095277,7.3733766050774685,46.55996067963005,0.17864831311195406,0.0042987068073603975,1.0000000000000762,1.2240647774921232,1.6527777777777777
595,1.155836201732497,6.78156777413183,1.3566120004323736,5.236590150073885,35.588018227867224,0.6146536407735707,0.0031888140894229537,1.0000000028616267,2.7795277775183815,4.837837837837838
596,0.7334707852853539,8.511054375372286,1.0381185081707978,5.658252808500781,22.277527649348364,0.14290991681606818,0.003440890045795943,1.0,1.0695098077967207,1.125
597,0.4119761209204334,9.106955304714438,0.957014303382945,2.0127789536679384,10.878616597734139,0.2628207829817461,7.256014511070053e-08,1.0000000000755032,1.1458319097232519,1.1736111111111112
598,0.7250962725182846,10.075217869869501,1.7411211996567035,6.0688963135683345,34.71791806527723,0.09950139813649854,0.00035659053453733605,1.0,1.0566165804726482,1.12
599,0.5506856898843628,6.685575023550173,1.30622225414274,7.922478820704128,13.363811494612218,0.7636142181203245,0.002477743813895868,1.0009548205622816,2.17445549483909,1.6704119850187267
600,0.4340077259995109,5.822652017192873,0.5566060292843672,3.3231181594106545,10.789744286210317,0.4104138335139382,0.004916742977133986,1.0000000026035798,1.2936714279103108,1.3176470588235292
601,0.349131917209868,8.356963784938259,1.163210240579714,3.798622368164308,33.961188548020715,0.2760771684738287,0.0010028397265866252,1.3082956959414747,4.167086139440372,3.360485268630849
602,0.8816127930776692,9.570917503806633,0.7671860002744408,7.476642470987443,18.525224372400302,0.1456434935353122,0.0011093900431618704,1.0,1.0474710892147077,1.0999999999999999
603,1.3190177911928724,5.552841924369144,1.555186177122213,4.81788459085873,31.69331644050885,0.29150813957529675,0.0038199164309921448,1.0,1.107299057322291,1.2127659574468086
604,1.2958041489837975,11.378544991412904,1.8807966074995617,6.343449619261744,35.67513203060133,0.18763909474900187,0.004356451193438734,1.0,1.0615780115633313,1.1764705882352942
605,1.468043706604047,11.118261611935015,1.7292174067907995,3.367660157530233,42.80301933930143,0.2870778189875639,0.0022065735853171215,1.0,1.1021717499534893,1.2258064516129032
606,0.44160669093998617,11.52558039997261,1.9559602955855904,5.921524688830213,29.469203748618487,0.4902140133829224,0.001963990377688811,1.7818823928622118,3.760917723192203,2.8298279158699806
607,0.6323256021065966,6.862417065643628,1.2216301288237412,2.621058351151352,24.95613417708401,0.11151443259668174,0.001726506475901543,1.0000000000000069,1.067154099274251,1.109090909090909
608,0.7840069546927513,10.387989680052787,1.0475388193815292,6.911812140507762,47.98070152350013,0.10564165988560102,0.00037717131088620625,1.0,1.056302637355377,1.1428571428571428
609,0.9265017147651264,7.628098666012301,0.7295365751226756,2.1903352806235157,28.484127513417935,0.06505135108906963,0.0005399437162655634,1.0,1.0241798388370653,1.0
610,0.9588199193052906,5.7968625229738535,0.631157053478548,4.428545681003202,33.935727953279624,0.07054033569051256,0.0037760386751071015,1.0,1.026406749013367,1.0952380952380953
611,1.2699889889461549,8.815454468699981,0.8459910456131868,6.58397150190012,39.92431629985862,0.3360961053316783,0.003927925953045937,1.0,1.1689907735979737,1.413793103448276
612,0.7605167523513034,8.82829484267957,0.7642737478193162,3.3102091395452238,17.219454484381984,0.5964767530875523,0.000798582167971238,1.000000000000164,1.9389387181649087,2.3
613,1.3982959637175354,11.227757084435023,1.8189395286773218,5.010069662528448,42.21527976835359,0.43502150205563805,0.0011242021314831025,1.0,1.2632961574090162,1.6052631578947367
614,0.5166489569102416,7.225160300068073,1.6446315609210473,5.2619501131408075,26.07233215875281,0.06572017695853373,0.001291485652028348,1.0,1.0454410545637065,1.0789473684210527
615,1.2756628415020512,9.344875739630748,1.119915004239585,6.052295817980345,42.92528041686768,0.38399665018824186,0.0021923311642218116,1.0,1.2405481513397123,1.6285714285714286
616,0.5854977879817667,10.538504605398643,0.8591646260046125,4.338577057759997,45.49193054606415,0.6663053408534331,0.0034362165320835666,1.3061106330965104,1.0084105537662125,1.2431922915793883
617,1.0768436870975693,9.211876004050383,0.9214962076267872,6.698549438526303,18.821742018322528,0.186055239676867,0.0010552949046903088,1.0,1.0511046476500086,1.0999999999999999
618,0.46807431973971003,9.686741352176984,1.793324490026808,4.634269650595964,25.658975334896038,0.487973050401661,0.0002874021499623997,1.4077847155885337,4.451738144686267,3.0043227665706054
619,0.6913724078455417,7.010533967528787,1.4805331172828138,4.413601542045214,41.317320883643774,0.4030681573699422,0.0014495976918451592,1.0207560993998637,4.225095677649021,4.669201520912548
620,1.3402513989538698,11.743487852990086,0.7938761280487574,5.236917975703937,19.391175152711774,0.14910608933272557,0.003932510022536896,1.0,1.031456579672857,1.0999999999999999
621,0.9698091525484502,4.220565689839479,1.4426776181426795,5.402441714780722,35.03436567306314,0.6881647484457543,0.0033490207608312776,1.084337180619244,4.458740947296245,3.4166666666666665
622,0.9707958242025017,5.8748158784045215,1.4876901933312505,4.3965827482353514,34.689926621819794,0.06534575982886669,0.002064475059445487,1.0,1.0239448169358467,1.0416666666666667
623,0.9054996789073329,5.844883127571669,1.417795981291864,5.028084968362558,17.31832043564725,0.24183302450232208,0.001002354461078564,1.0,1.081354773443341,1.1296296296296295
624,0.9437312664221387,5.797419606469123,1.5205761497470647,3.3794819449199043,14.72030932782793,0.3842978726930347,0.0028906163062874936,1.0,1.1209582642136031,1.160919540229885
625,0.7602064219757472,10.026379782101461,1.9240610645629603,3.14051992555211,33.79752812382651,0.6633294845137098,0.0007857108278677072,1.491387414960359,5.115996404504464,3.251023192360164
626,0.4319317119235375,4.909345037811758,1.9032840185643345,3.281877344387503,22.445843834681384,0.6907495165380313,0.001206560291972721,2.2340345196332807,2.6425383008832717,2.3606110201854884
627,0.810882277201465,9.409635588072849,1.8713802165179252,3.954631547455465,19.60308499709505,0.2567722672526053,0.0041754411913884374,1.0,1.1225287707144609,1.1886792452830188
628,1.4570913036567623,4.411625295396586,1.0496151755526841,5.159328970297462,49.380124816902665,0.5851534703888779,0.0007767492027302108,1.0000000012373456,1.9422905874837018,4.108108108108108
629,0.4238279767750499,4.591997967974069,0.8941367854782124,5.742586306626119,34.61384052551006,0.46094160514064136,0.0003905518894990734,2.183299425588901,2.4239335127412827,2.303416624171341
630,0.8395034379677704,11.241319231658316,1.7602066673578791,7.699688475533584,17.731752417448604,0.7918057264372881,1.257642080448762e-05,1.0000000000027334,3.391574305131028,2.73
631,1.4693232820299174,9.430691256254208,0.5013123131880657,6.847215096224478,18.71189636306472,0.1230439135186079,0.0005850981478785511,1.0,1.0220735306895814,1.0
632,1.2922953947249387,5.261687271054897,1.2890123425740856,6.306471594315863,42.96158356710905,0.3633951938843029,0.002146907317780532,1.0,1.1998922864793693,1.5178571428571426
633,1.3226953957668044,8.225018529739437,1.6389397414387663,4.304179706984016,14.709525175931265,0.6377680564373641,0.0022345174488730708,1.0,1.1683381822805914,1.2241379310344829
634,0.6664909723691845,7.746930821881529,1.6394900853610221,2.5334526900771515,21.061450650486474,0.575245289993616,0.0020888887358918853,1.0003500773508869,2.725596982459818,2.4553846153846157
635,0.5511192995117269,10.72664785323651,1.3103219914443867,6.8245475412306575,30.587832170113806,0.06116747435169641,0.002551749470493558,1.0,1.0415804475949355,1.0999999999999999
636,0.6130922106693497,11.327320901947472,1.9329093134432935,2.880492038450031,18.76033116933756,0.3342370765234716,0.004615459711647253,1.0000000000001716,1.324047654109434,1.4854368932038835
637,0.4141257926897518,6.170409745909227,0.5183285166110618,6.000239693743981,42.042828846233874,0.6622070935029658,0.000299738224809894,0.9965916153078781,0.9833490789592331,1.0
638,0.7059008781460095,7.049899345930786,1.9080254816532287,5.4739135586284835,24.073745043713622,0.6618396455397559,0.004876211369888586,1.035226306248361,3.9184400805418527,2.7168539325842693
639,1.1247376293923241,4.786019923221995,1.0269255422466066,7.130296352769674,21.03427200065305,0.2803042156128021,0.0017619574375171353,1.0,1.0916801811525432,1.148936170212766
640,1.0243627791435106,5.466797218849411,1.7018460462657237,4.413270180628414,27.126774199327368,0.4576683563146024,0.00036172088381480563,1.0000000000000664,1.3697599472176447,1.7524752475247525
641,1.3446960748652517,10.195403368006666,1.2723781761771162,7.939634081615425,47.40104188789867,0.27303572300565865,0.0037343430314167544,1.0,1.1087592108044306,1.3333333333333335
642,1.401068324201145,8.604053125860956,1.4003746056689443,6.623564959272455,29.322792589948826,0.5248119178685952,0.004231791675468734,1.0,1.2741863103109052,1.564102564102564
643,1.2909369546486167,4.164023264340573,0.6547123668272196,2.2699436750579816,11.5855101188769,0.47671708787734496,0.000837851102475089,1.0,1.0711152442300995,1.0714285714285714
644,0.8277455579952055,6.409893202510208,1.2500515151775147,7.705924616843106,42.19808804304366,0.6685687437617243,0.0021564664320281295,1.6937821419752042,3.9286037594205463,2.846820809248555
645,1.1859397835397139,11.553583066597323,1.6500879460151494,3.7828346772480286,28.32496137472553,0.7058301292857048,0.003419324183942835,1.000000000000032,2.7725530623511645,4.306818181818182
646,0.7329846097835737,11.090601533385763,1.7521831686215434,2.3986734747241227,13.056067123604244,0.32796142373670145,0.0025711192403342726,1.0000000000000007,1.118740760511501,1.1325301204819276
647,1.1241725540363119,7.810620851322087,1.3569513749611164,2.1589138786754436,24.392826632079352,0.3998299773861452,0.0020274883317623117,1.000000000000007,1.1998053273046085,1.2716049382716048
648,1.4779889969937046,7.024546494369576,1.6200104837154865,7.717764476706572,46.1499350579019,0.15096020525814485,0.00283643904000733,1.0,1.0389050984759824,1.1052631578947367
649,0.8537123920833412,8.894238169641163,1.6033231651032303,4.140570218884864,42.78945778034795,0.7224516243994153,0.0009159674078641772,1.9140837336569383,3.4444246363376108,2.7544128933231002
650,1.3008389159219165,9.727029340774342,1.352355786561064,3.511789450387008,42.827432951609595,0.6095235189983393,0.0007231001549372657,1.0000000000562144,3.026535427752744,5.775280898876404
651,1.3192914423827016,5.997228882542988,1.5923686267071109,4.590745741470858,31.85182374600872,0.47365044135165996,0.0006001647874617794,1.0,1.2710002026709923,1.5757575757575757
652,1.457801534319926,4.828786439748785,0.5046748552865123,5.3677494724975565,41.61592489784901,0.5867062095386381,0.004749423620326572,1.0000000000000004,1.603971561947272,3.0
653,1.0679007466238057,11.56858037018021,0.8501746774307641,4.79868130208537,20.982354073762252,0.6673412090716382,0.0031969678053832967,1.0,1.7909507583234006,2.6833333333333336
654,0.9851981164598775,10.2335697594241,0.7477898182370656,7.071129671476387,22.12342040638059,0.19491478529286516,0.0007821158627298297,1.0,1.0707533524862247,1.15
655,0.6043527770056193,9.842740420455408,0.929612614204816,7.691915037188817,33.32798500927268,0.5544017143851702,0.002758017945086676,1.510940994006851,4.68632003324062,3.0897097625329817
656,1.2859325592782291,7.141182828312837,1.0339815014568734,4.188126832143872,44.476653244005504,0.2724812194104288,0.001979028872666881,1.0,1.1162261654812586,1.2972972972972974
657,1.2714109853058502,6.25327696571235,1.3852445093260535,4.569140551562377,19.366494790735228,0.6403009083255641,0.0034469857576388506,1.0,1.2914128843594035,1.4800000000000002
658,0.9880675991139265,11.454361797472995,1.0647394490828905,2.0986490562815003,35.590532694983054,0.6306964560902056,0.004855095178268902,1.0007196691351798,5.73398146527244,5.051282051282051
659,1.415274408356991,11.044648735195388,1.3202666044349562,4.1927423924426535,49.90140219544899,0.6383278001410613,0.0018635084304998357,1.0000000003728842,4.597964676522175,8.45
660,1.348835567134779,11.919675128969807,1.4417066278092747,2.661711393396033,47.19313849010852,0.13689226971164664,0.0038517484416162816,1.0,1.0389931776902421,1.1333333333333335
661,0.8089494178052072,5.518733192660617,0.5456379556852501,3.931737688378266,23.863038183998782,0.5869690252496682,0.0005529891256886971,1.0000012306367252,2.683463380999009,3.121212121212121
662,0.327463993017528,5.576530283330618,0.8404266030780991,6.227523657431796,47.43471176927138,0.2662414832897739,0.00029077724828324383,2.0358701822734955,2.0627721245910866,2.0954820680018633
663,0.7421686526146924,9.985661381175557,0.9544950380270119,4.5439255309149225,13.66495793808404,0.6072188998036404,0.002874738630373096,1.0,1.5548150549765218,1.810344827586207
664,1.2232181780365246,4.788323357267562,1.6010596490998603,3.76169505983164,17.36011011731555,0.6816381836105687,0.00367985499400783,1.000000000000001,1.2923764080942135,1.4406779661016949
665,1.1240729695350529,8.794941325647105,0.5135995154307123,3.121529037781824,42.01363133160553,0.6681722808278558,0.0033260658029599637,1.0072417720070306,7.625249580852904,6.343915343915343
666,1.3978136840436293,5.409884209521101,0.5116361705454726,3.1745406251834476,25.097758600167985,0.6703975782462519,0.0017407382614054417,1.0,1.4198050225277994,1.8289473684210529
667,1.3174413037751804,5.541831991367978,1.8622125052414442,3.3995707537507687,34.55250250577724,0.7123417240586893,0.0034717701152550463,1.0000004328124232,2.4906711808339104,3.701863354037267
668,1.2025273017655287,9.609567850262186,0.9710786669536189,5.551785957335939,31.46236410269995,0.3873458314384864,0.004335685195414145,1.0,1.211354090660598,1.4545454545454544
669,0.6633479991053717,7.479565547009171,1.6824507107640434,2.988274245347635,22.78994074430576,0.5772515473591552,0.0011778347561682584,1.0039340790305367,3.2439380408776315,2.695290858725762
670,0.8884890616870373,4.412310372186266,0.8047307864385751,3.2277599817385374,27.11692543276755,0.5794627793454563,0.004089233737900137,1.000016145234472,2.368133156308997,2.9502262443438916
671,0.47956532723388223,6.8073701150173545,0.6693816395766223,5.527179947573845,48.93112117649379,0.6852351827636076,0.0030242622299142996,1.1044236889019505,0.9560276866497105,1.0753473278572154
672,0.42216698299682487,6.155279656799208,1.3249691640074874,7.177752569809789,11.53440572599623,0.24318684436749377,0.0009343500930420018,1.0000000000004101,1.1299676037414574,1.1904761904761905
673,1.1887777512085147,11.93576058605934,0.8193352770954099,2.4959798986296917,28.01272593934499,0.46363485116954767,0.0038855962153980786,1.0,1.3000990927517913,1.5
674,1.1053233290790148,4.074320842972467,1.6626097597656044,3.533305490334069,29.34900344513823,0.45179882197318694,0.003015457130650204,1.0000000000566527,1.3210003896404883,1.6484374999999998
675,1.4058198522490202,7.000398385580474,1.3464111483337207,3.337075524311612,24.967400975189125,0.43817073442236204,0.0006487247045552219,1.0,1.1592698908399568,1.2407407407407407
676,0.5577275072457518,4.343261234546176,0.7614298178884997,3.986172920721465,22.611095296741247,0.4192910757909731,0.003054750011633633,1.0003417841815971,2.1092188930081055,2.3654485049833887
677,0.5775775888534979,6.685313220126814,1.8414544421368233,5.2381480224166,19.16262787604177,0.18632526287630885,0.003189279113568479,1.0000000000000002,1.1194045766370047,1.1866666666666668
678,0.6560973697973587,6.111008351984605,0.9245913761782023,3.4823882870445444,27.217310814099434,0.3637209587449128,0.0029609701685357364,1.0000000326658256,1.7225476586823112,2.5172413793103448
679,0.8753430505495114,7.162203483316253,0.7051861014764742,7.511464050810756,20.481256049398194,0.7727594942178331,0.003922336849536395,1.000000078940359,3.504595870192447,2.9118942731277535
680,0.34785821625883423,11.286398714891721,0.6526453792794911,5.53092693023007,37.720080304649116,0.25103902925161653,0.0012849609869001256,1.2326810487308018,5.183607995874352,4.170212765957446
681,1.4081302786803602,8.565677936228866,1.2747058584321396,5.810833205149784,11.39547247729897,0.6956730364550827,0.0010655480910314835,1.0,1.1089739973390942,1.1395348837209303
682,1.2539551928715587,11.019423715272236,0.7526225722170987,2.403249849885312,22.659919456147122,0.5311282550743633,0.0009734911649764533,1.0,1.2707771609448615,1.392156862745098
683,1.1286543324586675,7.543953519444275,0.7007534847968491,3.9686327178316363,47.53351882452054,0.14325000223613776,0.00010793830088838552,1.0,1.0520610749316612,1.173913043478261
684,0.34078884691655364,9.662495451278,0.8635961708299286,5.46060281668466,31.115802414625197,0.27909467015873407,0.004220690156802494,1.1600274264805572,4.200447755619733,3.3650442477876106
685,1.221538015131817,10.590287780868739,1.6354892975695985,4.724820767212496,40.123270053206,0.17252110253793623,0.0006849822745961454,1.0,1.0609258087938325,1.1428571428571428
686,0.3629598922329316,9.713912972945183,1.257552347416159,7.411444794665572,15.064254887893767,0.05088869038590542,0.0005062470235438399,1.0,1.030691394816008,1.0689655172413794
687,0.5589994299701668,8.767825917451244,1.30578190639564,4.392132300016446,26.7261622902913,0.5485923943269032,0.002334653842649887,1.2835740632515495,4.5249791828498,2.9543230016313213
688,1.1969159553604323,5.2879089298503015,1.6595521579220336,7.650647743194728,25.71380620778139,0.1809979840031043,0.0032739870154912865,1.0,1.0557739605890213,1.1176470588235294
689,0.8362621383134725,7.608783295235827,0.9875584680436145,3.156058339968303,23.47005587911879,0.08094457226007325,0.0008895674140730237,1.0,1.0312466358548227,1.0869565217391304
690,0.6010953165379358,11.630826169871764,1.7510492474309427,3.111041812410991,40.532242050529774,0.3104037453942508,0.002953099110221098,1.000039235642718,2.949418169208941,4.843537414965986
691,0.8271465137380918,5.3293370607747255,1.2910328857364843,6.538849726632649,29.374589552683297,0.10266535331345288,0.0033591649517063778,1.0,1.0467844832782198,1.0810810810810811
692,0.8788110892682275,8.671002135470694,1.8201447626931588,4.926148190451096,19.633420592469363,0.7368565729061086,0.0046931323203856234,1.000000001012708,2.7889095917649045,2.7684210526315787
693,1.131428293247414,5.011804311005269,1.5503082030276472,7.948666386549736,11.49872487051518,0.0714836840477626,0.004740716174004614,1.0,1.0087456182713375,1.0
694,0.5470686835735772,11.669364165598168,0.6300427702440977,5.389714941937185,23.658685743798028,0.44588292989035944,6.500562417799838e-05,1.0000087905452157,4.201465907182691,3.921465968586387
695,0.890799556229491,10.942652670151759,1.8599389391561938,5.285143795228969,26.05643184319231,0.34975184792417086,0.004462894346397072,1.0,1.2599646680890477,1.469387755102041
696,1.1298854819612734,10.592198549091217,0.5734578836021511,3.113044038401715,42.92201990740542,0.26117428612037197,0.0032719412163550784,1.0,1.1363528811347123,1.423076923076923
697,1.1017991634165105,7.173684574310385,1.4956951176751812,5.468337277839798,32.785365567019184,0.5780951988224591,0.0007857144563387064,1.0000000000083136,2.21769047122471,4.041237113402062
698,0.9747655160221831,5.706538599303984,0.9075064411257503,6.4181663522276855,10.32418691655199,0.5555332861889057,0.0029283382138935257,1.0,1.1081127554054702,1.155844155844156
699,0.6276897855474661,11.329195617956696,1.4053178162922793,5.061934355193843,26.814463808137788,0.14777638497514772,0.004632006890505476,1.0,1.10544970035258,1.2058823529411764
700,1.0459734204437303,6.158832874804139,1.849959546810029,6.930450061159533,24.178723357316414,0.7687346615013275,0.0018982227037731576,1.0000000884595246,3.097514156057676,3.433333333333333
701,1.1329966613149656,9.993651323840954,0.5753961261716285,7.647118483109954,46.78039675417638,0.7734846920326712,0.004716202441303715,1.3719915542683094,5.803481628298699,3.41025641025641
702,0.7046446809267237,6.133261230135514,1.983394821847169,2.6183611704581136,20.400241780232523,0.3329629502590384,0.0016221321376558506,1.0000000011358385,1.2572791634027523,1.3918918918918919
703,0.7854154109437503,10.17505484518487,0.8058950684037889,4.027415640062862,15.36380061181918,0.07594088676813983,0.0003695707703987011,1.0,1.0210337325499526,1.0666666666666667
704,1.4518497984392547,11.951506722943648,1.262762077854939,4.128438381716543,16.072386332824205,0.48343933148812407,0.00357169122508661,1.0,1.105492833365167,1.1333333333333335
705,0.6411274636068691,4.445820235360168,0.796680328657963,3.578482751484655,48.01052823190461,0.2052789958375036,0.0013294416077017208,1.0000000603410077,1.2970692275695777,1.8671875
706,0.983778009345863,11.096274049142153,0.9933755666754616,6.480472505594253,16.252031083544797,0.6394572095978582,0.0024261786851566334,1.0,1.4368913465675308,1.8245614035087718
707,0.6224063765396002,5.342025969161223,1.5754824258845144,3.5806048868673948,46.4741001645428,0.4013570935493415,0.0008546007159314956,1.3961582577900467,4.088465465670327,3.2349726775956285
708,1.2860522651849473,5.36737290330764,1.642169298162473,6.5229195395138495,19.539325253136504,0.6078193979348465,0.0004917010472844618,1.0,1.2518057489032137,1.4444444444444446
709,0.6145159004606129,6.605911172763833,1.8558313875466845,3.9538408252136152,19.942462593201743,0.3381732268414957,0.004499427555365144,1.0000000001250422,1.3479505851293272,1.5912408759124088
710,1.355230916164704,11.850326916842986,0.7486755167846058,5.13668480435901,30.09806464061152,0.2155000339097337,0.004123173939519388,1.0,1.0657877336295143,1.1538461538461537
711,0.4976054300639915,6.56878716184389,1.8354566430722852,6.225747442787446,38.86814907868833,0.09245945820761418,0.0012850631289185942,1.0000000000000067,1.088407802489132,1.2068965517241381
712,0.7410376002355188,8.803517923458644,0.879311634889092,3.4122698667869154,14.107583632283145,0.2966558106393937,0.0020989244032535255,1.0,1.11166736960885,1.1607142857142856
713,1.1890978288509704,10.953597858816252,1.1274627903354064,5.72393076260735,30.483658220942434,0.2005415428466829,0.0021344471683029907,1.0,1.0714873671358276,1.1666666666666667
714,0.8403147091460204,5.5049935715986225,0.9766831613388767,3.0911586036889434,13.166746671461077,0.4473466426720039,0.0010170558947912346,1.0000000000000004,1.1575683587500603,1.212962962962963
715,0.42146537093394154,8.922487813498341,0.5543131183066694,3.7292085740875014,23.66475035983037,0.32908497486419586,0.0031747838025092887,1.0001168635681017,2.862967851141034,3.1688888888888886
716,1.3400788993093444,11.224449059986593,1.2369094090946173,5.25156185631431,38.19710704152989,0.0792761016065456,0.001678931087492862,1.0,1.020821550615351,1.125
717,0.94242933858021,7.2211462575712355,1.855756182154762,2.2503466290226815,49.32365557948021,0.24856572188273207,0.004862034784065378,1.0000000000278118,1.1883763016467797,1.4375000000000002
718,1.265107466972341,9.742275188976407,0.8134113732167028,2.2077375963569295,27.383305227712196,0.09585757250501266,0.003175100404588141,1.0,1.0259756104581323,1.0909090909090908
719,0.983630613888185,4.50450601822093,0.9789360670365428,7.9897630380198255,16.304403129209728,0.5114720569535526,0.0019106678331040005,1.0,1.2200415973633707,1.3736263736263736
720,1.340387424707987,8.260984024536569,1.3674330001991586,3.6207222182754633,42.08021841353948,0.39401178497774353,0.000516769712383175,1.0,1.2255501583745698,1.4901960784313726
721,0.7384151371522738,7.7033625576438025,1.4279583856866904,3.4377968947038724,15.821847258253797,0.4208154278632083,0.004907930936140779,1.000000000000001,1.2571286764961773,1.3846153846153846
722,1.1431834887802197,6.8615499744634265,1.013809135262325,3.3126086778661987,43.48078453705789,0.6307021495695507,0.00343836171995136,1.002056207410228,5.143992618231703,5.592783505154639
723,1.0312443768139483,7.477966908805482,1.2862745075228506,6.571191348499049,41.073383569341516,0.24160352619850706,0.001164384614992679,1.0,1.1345381468092621,1.3421052631578947
724,1.002283010883545,7.713126221977923,1.2066666781545108,7.202553352983978,15.861882548176975,0.19476878761760313,0.0044103864670193916,1.0,1.0483614805263732,1.0714285714285714
725,0.8660653715271358,9.415831026855177,1.449329364710843,5.92594649756615,27.87632890403724,0.25272329843713054,0.0019256698459416356,1.0,1.1544931668766802,1.3076923076923077
726,0.9519793360366196,8.268383960882659,1.4495562892641194,4.06411353675793,49.26928403590168,0.13911243606905666,0.0018725647803222118,1.0,1.0634836073434493,1.1875
727,1.0412101743847069,4.8850132974977685,1.3281416712802303,6.289053068780152,16.14811519349665,0.308026934041209,0.00203298354613843,1.0,1.0852352943857801,1.1228070175438596
728,0.44959998346184915,10.349322742100856,0.7935948572949978,7.89577321907001,23.526401210223394,0.6335429324709451,0.0034114408023981292,1.831833302758714,3.3499184557436537,2.5966460723742277
729,1.0928503422113567,7.910003894534492,1.8510735502930946,5.586942553614985,14.901101042307193,0.6862063815294779,0.0008333244278028407,1.0,1.3033760597705284,1.4874999999999998
730,0.3738617262982101,9.54308063185654,1.57049027824703,3.6416385942207086,48.2140759471645,0.48078046956925186,0.001569609208526314,1.0320494634407171,0.947001750198689,1.0261598374534373
731,0.46673019679213706,10.11126865542673,1.1961075393476976,3.2255961934385997,26.766774101349405,0.6403710477162009,0.0007405929619454754,2.2063781006001975,2.9816954009022854,2.627267041901188
732,0.41871753884333174,6.4569617365329695,0.6185135318534114,7.355587159321661,10.646784303528275,0.4153976636747949,0.0033798432361067518,1.0000000000714016,1.3247514202016326,1.3485477178423235
733,1.2945457523582102,8.772429242488702,0.6465196525707926,7.28030621641693,33.588471030326225,0.6537031861699716,0.001036101107499619,1.0,2.2839642492951615,5.181818181818182
734,0.8297045361760826,8.38004800660999,0.9401074213260474,7.516401501280339,48.24372952448434,0.1872837093675327,0.001772694008478739,1.0,1.132290755990242,1.3888888888888888
735,0.9547408801385668,10.017284684064618,1.7936386183925623,4.489767699753775,23.17441479845978,0.5245346181894941,0.0025599605801544852,1.0,1.5497351696120654,2.090909090909091
736,0.9217854548335727,6.178794401462472,0.6648121994061407,3.2740633960393324,47.87076915332,0.2585746311543545,0.0027752094446899813,1.0000000000000002,1.215129081140941,1.5757575757575757
737,1.0040473229271543,8.140145351799545,1.7408544568370665,4.246808381927533,47.22236681293323,0.20513667561335835,0.002470099790808455,1.0,1.1099295890557757,1.272727272727273
738,0.39989064339143265,8.010392251271812,1.8959541427778248,5.08319770824904,30.301460627207607,0.09964291215087757,0.0004558924036997558,1.0000000000007083,1.1240445575386981,1.2463768115942029
739,0.8327326119951144,7.143243430552692,1.9372026487413998,4.590514881126362,43.27183722385277,0.17685200489131508,0.0036387456363519096,1.0,1.1142672154670568,1.277777777777778
740,1.4193013870667093,11.043480964604239,0.9010534754471966,5.170002884921626,42.12799965581458,0.5618198833085384,0.0024175148994787132,1.0,1.63967835140004,3.0487804878048776
741,0.587354488901813,10.353622189855987,1.119776629306477,5.157791202549576,40.88744097732089,0.3629756676466996,0.0010577259669790962,1.0446261520164388,5.838338219998636,5.508196721311475
742,0.6454286301032188,11.089836190546155,0.6778012837981044,3.629689560522881,32.4013015075601,0.6154460721376698,0.003436668095275364,1.5349853286938033,4.482112553416673,2.98234552332913
743,1.1947561418866897,8.080384011426164,0.7569743661833472,3.2182600403323236,28.496387997259937,0.48757955293827787,0.0033921369079826986,1.0,1.3321499316972938,1.6491228070175439
744,1.075375087953706,9.458792875145551,1.7715846809041897,6.451349502725813,45.20516398278997,0.5111462652108008,0.0003749367761555139,1.0000000149514032,3.6609212797498487,7.141304347826087
745,1.3076885879795324,11.672243838401393,0.7193888061274999,5.743703753779506,39.488811066096,0.33483982432353326,0.0031286563890262245,1.0,1.1586087259781046,1.4285714285714286
746,1.2002820031354196,8.984886615661024,0.88122041113143,5.364562252131783,26.716798117679147,0.6702559408730867,0.0030252445595450777,1.0,1.9542029486278758,3.453125
747,0.5704621641469533,5.747482398521386,1.8522606175280516,6.090062326537886,44.97681435275015,0.23117815782177425,0.002212471438876215,1.0000048913252555,1.6171202044942397,2.84
748,0.6479779787636986,6.650510240444136,1.010448473434367,3.5731953427152385,49.66881264167982,0.7429050220241143,6.308304176502855e-05,0.9780383760149657,0.9500320194074957,1.0
749,0.7047619381247101,9.58931652429553,0.6604935383875392,6.607101755547456,31.210440145968956,0.3740354938186851,0.0010476377785887559,1.0000000000002593,2.0955593680517968,4.064102564102564
750,0.5426167497765355,4.701939970944485,0.7050543603561152,3.2043168986314656,31.967037014136217,0.41007108771810935,0.0011615325094262786,1.1392861381190622,3.719649163117693,3.1414342629482066
751,1.33523791975547,11.967292342421992,1.729311454257021,6.644507496835219,37.130509961025425,0.7988354949377748,0.0031562405157940718,1.0000001475888476,7.919690923981635,8.489795918367347
752,1.0265964181806626,5.925724385692433,1.0837736878013784,4.403210529805643,35.5436962112567,0.3491980072660733,0.004359812001020094,1.0,1.2650438099310526,1.6231884057971016
753,0.4253344445501185,7.392177005645478,0.8523461166730131,4.524222992164562,27.581556889014266,0.3499123534478181,0.0012378023942344945,1.0649222152418625,3.838362659107991,3.245614035087719
754,0.8783223187286984,8.48224739805691,0.5280893123801595,7.375178471921997,40.04266958018391,0.5598929294194317,0.003808803018259342,1.0300308455275538,7.093666121508859,5.46218487394958
755,0.9574234588230586,7.184472038912653,1.6412303279305467,5.042013837772054,15.012968930323588,0.5713671792280747,0.002619071523898166,1.0,1.263602649422213,1.4204545454545454
756,1.1192063734611455,5.758862975109393,1.1910453634277838,6.759052560803038,24.689608104766418,0.12177696639188333,0.0024678039647529886,1.0,1.0366072975833778,1.076923076923077
757,0.6189904821651837,4.581637666116824,1.6248125423668085,5.324262477900092,25.32838461322541,0.40541951758872913,0.004737404363634185,1.0000583093621425,1.9446076316130332,2.4816326530612245
758,1.1232949473758358,9.272255877064485,1.147512377770205,6.206832609777032,20.4281812037309,0.09564310035251795,0.004592311253246072,1.0,1.024258157093481,1.076923076923077
759,0.6686230314564388,6.245297901888695,1.6415307284341478,3.1566993979097195,49.74749143577209,0.3173996963714199,0.0006799322516473188,1.0074430344857697,2.8303559008826027,4.2784313725490195
760,0.5732176731103098,5.510401482137943,0.7753740083708596,5.713224005336601,16.62087147348952,0.7105698425593044,0.0036259566379835705,1.0240345260846644,2.701615160590261,1.973591549295775
761,0.784673567121561,4.717939779449356,0.6952843259740653,5.607424438509365,47.386854924533736,0.6402424529808591,0.002693813455524383,1.9614727122981002,2.4799234798398753,2.256902761104442
762,0.7383163288197163,5.417237032831056,1.8264585368020256,4.704206446318741,36.971199494550845,0.47135821731375016,0.001963379199353203,1.0361883972440311,3.8366101862875244,3.785923753665689
763,0.8350860973617917,9.194542763328016,1.0416067257233141,5.6802558029485954,23.857900729815228,0.3482493305518197,0.004575646057432363,1.0,1.2611347397868358,1.52
764,0.45018978178741537,6.892953189073917,0.6564105984220894,3.4538043477000437,24.573586132936786,0.17498167294965639,0.0018891916114026413,1.00000000000482,1.225206998757304,1.4285714285714286
765,0.310472202519195,5.954136034379183,0.7324041206021419,2.861431622031801,10.240694083193178,0.5616323451256573,0.00255441483248707,1.0445213911942264,1.7949229730363092,1.482490272373541
766,1.470267875061598,8.967527812911671,1.966897842823673,4.836846810462323,14.782919330989976,0.6455926350573136,0.0038117222426163303,1.0,1.1436805973887583,1.1875000000000002
767,0.38068019756784743,9.464056686844028,0.5740336689612671,6.727389199601179,31.915317699362063,0.1566854275176094,0.0037019452710276473,1.000000000003557,1.3694217603987198,1.9066666666666665
768,1.4620085155435403,8.237600664353288,1.0324739911400482,6.91544900670191,39.83931922002789,0.3012810713729586,0.0026675553085813582,1.0,1.1067926485253394,1.25
769,1.0490893425103924,11.69108322920741,1.4123406449208593,7.006535015104112,49.419679585959805,0.31200945927198415,0.002035157913489224,1.0,1.2639702027082744,1.7941176470588234
770,0.331717111603446,6.756580482617605,1.1717844532926087,4.558082211763349,19.790332716745716,0.2554655181508385,0.002061297756974767,1.0001024289960894,1.795017512377699,2.1292775665399244
771,1.2803627238714475,7.562986790628943,1.2402472179237505,5.196536028054064,42.39269751493844,0.2803036233873279,0.003987186105660625,1.0,1.1210321834870534,1.2857142857142856
772,0.4347360764280013,7.748093107308932,1.9997304845389758,3.760219805920174,22.354292381597563,0.3389243810976163,0.004726547728881861,1.0004077956437234,2.2050722847856408,2.4479166666666665
773,1.3134774181734807,10.894489654407383,1.3449731880925295,6.05517295907487,14.510857142814144,0.6819982206286729,0.002156299284737201,1.0,1.1928072778121948,1.282051282051282
774,1.1145881969896607,9.565136027902295,1.739650631553136,6.543685215973735,31.894174543492973,0.7248309982714238,0.003749096846703031,1.0000004241458444,5.377269867749859,5.89922480620155
775,0.7535393471794944,9.762865988316658,0.9836610801908962,6.951141970829172,27.288797223373894,0.09922787695843165,0.0031098446786500767,1.0,1.048729460690956,1.0999999999999999
776,1.2190175735549942,9.570625182542983,0.6256041064385982,7.034556955067057,43.73919515997572,0.5111585335747946,0.003848671984255379,1.0,1.9899440111523479,4.979591836734694
777,0.48548247842604875,4.92558456738564,1.8970815128219576,6.363111782425092,26.09724732607021,0.25291668786743904,0.0014607902300139415,1.0000024054153198,1.4724195005887137,1.9617486338797812
778,1.0806694759476703,10.24841756812111,1.5283386549493665,6.352219784241203,35.2128547035876,0.7344913588135529,0.002138409626975955,1.0056618520156504,7.965982198656469,5.7227722772277225
779,1.4339847751345987,8.551715241998387,0.5191656504470429,7.534804674754465,40.880937386381696,0.687584093737928,0.0010581762186465426,1.0000000000000002,3.280640024066801,7.810344827586208
780,0.328846175875983,8.081647583011248,1.8884755624541378,3.3436322463643577,24.72707427906157,0.6552981484822448,0.002298648295038776,1.222252527151155,1.0163374438895998,1.1823571685231764
781,1.0023126990020772,10.649778413177426,1.0069870624747188,2.242951397066328,16.393558236820315,0.4912419504963779,0.0007752562651303619,1.0,1.2178783721803526,1.263888888888889
782,1.4933364695904974,4.476804062442651,1.7765175017281238,4.363534054537991,10.819204221096545,0.15249034064463907,0.0038154393178164267,1.0,1.0132292015211257,1.0285714285714285
783,1.233552438204879,9.81784604484853,1.996038847288992,7.393547246918341,41.910629949617785,0.7923011745841471,0.00018501462216127974,1.1024129375270229,9.519098194511294,5.54006968641115
784,0.32181068165076604,10.84482827168404,1.430108055061177,3.039915004240129,17.622330849212272,0.2231993405917887,0.00485322830143763,1.0000000529278166,1.4773570566622416,1.7650602409638554
785,0.39368827373003223,10.211062874224876,0.5388113620995113,2.8839436299185612,32.52036303091934,0.05046654445752867,0.004438850883174338,1.0,1.0509158266448722,1.1153846153846152
786,0.8193275655464036,7.397439302310706,0.5126820868684632,5.505794325452156,48.14323524814493,0.7469129037388647,0.004037615343834288,1.928154521393243,1.586807486576691,1.7585637639290135
787,0.5990255798168964,6.820899435081403,1.051063539811705,3.453563234693098,12.435746124623353,0.06989365524802983,0.002715729227263638,1.0,1.0192998465024472,1.0294117647058825
788,0.91549865357699,4.538852543641249,1.6815354132021068,3.7200202672448643,41.581289497917815,0.19059188951779127,0.004582662716965711,1.0000000000000557,1.1083057919657173,1.2531645569620253
789,1.3444782433037135,10.667314062634077,1.1757164703516938,5.411583407313825,28.40852118000074,0.21755712477504158,0.0007295035625217672,1.0,1.065384561449664,1.1764705882352942
790,0.9856838245061788,8.26001299440422,0.8142209096013484,3.0576743142527976,32.71099901811519,0.6444004418913745,0.0013806548097879106,1.0001371763216595,5.05958761797439,5.039106145251396
791,1.0615664792336539,6.604386190123979,1.151622287665659,4.900460825587799,19.125242224526453,0.7210016156094566,0.0023744577630768994,1.0000000000000002,1.7183420446273052,2.267857142857143
792,1.2668376636440026,4.68737472674313,1.3303983068455534,4.196074449487236,43.29300998157222,0.29641684274544716,0.0024418459062542446,1.0,1.1369296644062175,1.3333333333333333
793,0.8370941991586438,7.2405757533307975,1.6198391606618305,2.146089317281463,38.81849154961105,0.6071506695189297,0.0011526350205388165,1.3173193453027805,4.951554988191862,3.364516129032258
794,0.5001911577353862,10.760246964125944,1.4976045798421977,4.482644584491994,12.412707806701277,0.6074083045703242,0.0002737179069840745,1.0000000171765853,1.9128582179194291,1.5954415954415955
795,1.4442945497915438,8.370165565712991,0.9695167977872492,4.331989451446052,42.485205621835334,0.09382981649827256,0.0013392325749866164,1.0,1.0229058142320697,1.0909090909090908
796,0.4523587332201133,10.999787133520222,1.2872777471144876,3.2200317316533384,42.99754420270208,0.39805937832504334,0.003953177809492046,1.8878735170627385,2.6603589751676076,2.3684950773558366
797,0.990944051911518,5.361583520680953,0.9914851796348465,6.151694973880171,21.12165568929298,0.3576855740965243,0.0034435374099323337,1.0,1.1641463143381698,1.2950819672131149
798,1.2581519572924198,9.526406747017228,1.7411228735289654,6.632996809623333,17.778652289689468,0.5506957714458469,0.003433187128992507,1.0,1.1896560762296717,1.2682926829268293
799,0.48160996914712073,4.580035848872145,1.168675737019848,5.701334635461267,11.070994146547989,0.7839029304177015,0.004992226342142796,1.0063354593634815,1.7525310303258321,1.433431952662722
