dt_ms,pattern,peak_ngu,auc_ngu_ms,peak_relative_error_pct,auc_relative_error_pct
0.5,Tonic,1.0086321400891456,247.6002381913409,0.12579236775467795,0.7049285461357694
0.5,Burst,3.696535447158761,560.5479097571778,0.07852423832801834,0.4860187599286782
0.25,Tonic,1.009330972769331,246.63176702258258,0.05659433466913703,0.3110281986997919
0.25,Burst,3.698150157407049,559.0398724785714,0.03487681948330953,0.21568207749531604
0.1,Tonic,1.0097601037280668,246.0573700153081,0.014102019809506828,0.07740722160691076
0.1,Burst,3.6991179722481182,558.1372353759542,0.00871570495700549,0.053871807136287364
0.05,Tonic,1.0099025203815477,245.86705116215663,0.0,0.0
0.05,Burst,3.69944040455884,557.8367186547451,0.0,0.0
